<?xml version="1.0" encoding="UTF-8" standalone="no" ?>
<COLLADA xmlns="http://www.collada.org/2005/11/COLLADASchema" version="1.4.1">
  <asset>
    <contributor>
      <author>Assimp</author>
      <authoring_tool>Assimp Exporter</authoring_tool>
    </contributor>
    <created>2026-10-02T15:20:37</created>
    <modified>2026-10-02T15:20:37</modified>
    <unit name="meter" meter="1" />
    <up_axis>Y_UP</up_axis>
  </asset>
  <library_images>
  </library_images>
  <library_effects>
    <effect id="DefaultMaterial-fx" name="DefaultMaterial">
      <profile_COMMON>
        <technique sid="standard">
          <phong>
            <emission>
              <color sid="emission">0   0   0   1</color>
            </emission>
            <ambient>
              <color sid="ambient">0   0   0   1</color>
            </ambient>
            <diffuse>
              <color sid="diffuse">0.600000024   0.600000024   0.600000024   1</color>
            </diffuse>
            <specular>
              <color sid="specular">0   0   0   1</color>
            </specular>
            <shininess>
              <float sid="shininess">0</float>
            </shininess>
            <transparent>
              <color sid="transparent">1   1   1   1</color>
            </transparent>
            <transparency>
              <float sid="transparency">1</float>
            </transparency>
            <index_of_refraction>
              <float sid="index_of_refraction">1</float>
            </index_of_refraction>
          </phong>
        </technique>
      </profile_COMMON>
    </effect>
    <effect id="_160i160i160-fx" name="160,160,160">
      <profile_COMMON>
        <technique sid="standard">
          <phong>
            <emission>
              <color sid="emission">0   0   0   1</color>
            </emission>
            <ambient>
              <color sid="ambient">0   0   0   1</color>
            </ambient>
            <diffuse>
              <color sid="diffuse">0.627451003   0.627451003   0.627451003   1</color>
            </diffuse>
            <specular>
              <color sid="specular">0   0   0   1</color>
            </specular>
            <shininess>
              <float sid="shininess">0</float>
            </shininess>
            <transparent>
              <color sid="transparent">1   1   1   1</color>
            </transparent>
            <transparency>
              <float sid="transparency">1</float>
            </transparency>
            <index_of_refraction>
              <float sid="index_of_refraction">1</float>
            </index_of_refraction>
          </phong>
        </technique>
      </profile_COMMON>
    </effect>
    <effect id="_25i25i25-fx" name="25,25,25">
      <profile_COMMON>
        <technique sid="standard">
          <phong>
            <emission>
              <color sid="emission">0   0   0   1</color>
            </emission>
            <ambient>
              <color sid="ambient">0   0   0   1</color>
            </ambient>
            <diffuse>
              <color sid="diffuse">0.0980390012   0.0980390012   0.0980390012   1</color>
            </diffuse>
            <specular>
              <color sid="specular">0   0   0   1</color>
            </specular>
            <shininess>
              <float sid="shininess">0</float>
            </shininess>
            <transparent>
              <color sid="transparent">1   1   1   1</color>
            </transparent>
            <transparency>
              <float sid="transparency">1</float>
            </transparency>
            <index_of_refraction>
              <float sid="index_of_refraction">1</float>
            </index_of_refraction>
          </phong>
        </technique>
      </profile_COMMON>
    </effect>
    <effect id="_127i217i167-fx" name="127,217,167">
      <profile_COMMON>
        <technique sid="standard">
          <phong>
            <emission>
              <color sid="emission">0   0   0   1</color>
            </emission>
            <ambient>
              <color sid="ambient">0   0   0   1</color>
            </ambient>
            <diffuse>
              <color sid="diffuse">0.498039007   0.850979984   0.654901981   1</color>
            </diffuse>
            <specular>
              <color sid="specular">0   0   0   1</color>
            </specular>
            <shininess>
              <float sid="shininess">0</float>
            </shininess>
            <transparent>
              <color sid="transparent">1   1   1   1</color>
            </transparent>
            <transparency>
              <float sid="transparency">1</float>
            </transparency>
            <index_of_refraction>
              <float sid="index_of_refraction">1</float>
            </index_of_refraction>
          </phong>
        </technique>
      </profile_COMMON>
    </effect>
  </library_effects>
  <library_materials>
    <material id="DefaultMaterial" name="DefaultMaterial">
      <instance_effect url="#DefaultMaterial-fx"/>
    </material>
    <material id="_160i160i160" name="160,160,160">
      <instance_effect url="#_160i160i160-fx"/>
    </material>
    <material id="_25i25i25" name="25,25,25">
      <instance_effect url="#_25i25i25-fx"/>
    </material>
    <material id="_127i217i167" name="127,217,167">
      <instance_effect url="#_127i217i167-fx"/>
    </material>
  </library_materials>
  <library_geometries>
    <geometry id="Body2_1" name="Body2" >
      <mesh>
        <source id="Body2_1-positions" name="Body2_1-positions">
          <float_array id="Body2_1-positions-array" count="11421"> 618.660217 276.491394 -478.84079 601.339783 276.084686 -484.681549 601.339783 276.491394 -467.15921 601.339783 276.491394 -467.15921 618.660217 276.084686 -461.318451 618.660217 276.491394 -478.84079 618.660217 249.158875 -531.31842 601.339783 244.30397 -534.591064 600 262.621796 -508 600 262.621796 -508 620 262.621796 -508 618.660217 249.158875 -531.31842 600 262.621796 -508 618.660217 276.491394 -478.84079 620 262.621796 -508 601.339783 276.084686 -484.681549 618.660217 276.491394 -478.84079 600 262.621796 -508 618.660217 234.187424 -540.431824 601.339783 228.925812 -543 601.339783 244.30397 -534.591064 601.339783 244.30397 -534.591064 618.660217 249.158875 -531.31842 618.660217 234.187424 -540.431824 618.660217 175.074173 -543 601.339783 169.812546 -540.431824 600 202.000015 -543 600 202.000015 -543 620 202.000015 -543 618.660217 175.074173 -543 600 202.000015 -543 618.660217 234.187424 -540.431824 620 202.000015 -543 601.339783 228.925812 -543 618.660217 234.187424 -540.431824 600 202.000015 -543 618.660217 159.69603 -534.591064 601.339783 154.841125 -531.31842 601.339783 169.812546 -540.431824 601.339783 169.812546 -540.431824 618.660217 175.074173 -543 618.660217 159.69603 -534.591064 618.660217 127.915306 -484.681549 601.339783 127.508598 -478.84079 600 141.37822 -508 600 141.37822 -508 620 141.37822 -508 618.660217 127.915306 -484.681549 600 141.37822 -508 618.660217 159.69603 -534.591064 620 141.37822 -508 601.339783 154.841125 -531.31842 618.660217 159.69603 -534.591064 600 141.37822 -508 618.660217 154.841125 -414.681549 620 202.000015 -403 618.660217 169.812546 -405.568176 618.660217 154.841125 -414.681549 620 141.37822 -438 620 202.000015 -403 618.660217 244.30397 -411.408905 618.660217 228.925812 -403 620 262.621796 -438 620 141.37822 -438 618.660217 127.915306 -484.681549 620 141.37822 -508 620 141.37822 -438 618.660217 127.508598 -467.15921 618.660217 127.915306 -484.681549 618.660217 276.491394 -478.84079 618.660217 276.084686 -461.318451 620 262.621796 -508 618.660217 249.158875 -531.31842 620 202.000015 -543 618.660217 234.187424 -540.431824 618.660217 249.158875 -531.31842 620 262.621796 -508 620 202.000015 -543 618.660217 175.074173 -543 620 141.37822 -508 618.660217 159.69603 -534.591064 618.660217 175.074173 -543 620 202.000015 -543 620 141.37822 -508 620 262.621796 -438 620 232.000015 -421.038483 620 250.37709 -438.550842 618.660217 228.925812 -403 620 232.000015 -421.038483 620 262.621796 -438 618.660217 228.925812 -403 620 207.645309 -413.879608 620 232.000015 -421.038483 620 202.000015 -403 620 207.645309 -413.879608 618.660217 228.925812 -403 620 202.000015 -403 620 174.78627 -420.212708 620 207.645309 -413.879608 620 141.37822 -438 620 174.78627 -420.212708 620 202.000015 -403 620 141.37822 -438 620 154.836807 -435.910461 620 174.78627 -420.212708 620 141.37822 -438 620 144.284805 -458.998444 620 154.836807 -435.910461 620 141.37822 -438 620 145.877075 -492.424316 620 144.284805 -458.998444 620 141.37822 -508 620 145.877075 -492.424316 620 141.37822 -438 620 141.37822 -508 620 165.287994 -519.683167 620 145.877075 -492.424316 620 202.000015 -543 620 165.287994 -519.683167 620 141.37822 -508 620 202.000015 -543 620 196.354675 -532.120361 620 165.287994 -519.683167 620 202.000015 -543 620 229.21376 -525.787292 620 196.354675 -532.120361 620 262.621796 -508 620 229.21376 -525.787292 620 202.000015 -543 620 262.621796 -508 620 253.432632 -502.694641 620 229.21376 -525.787292 620 262.621796 -508 620 261.322021 -470.174133 620 253.432632 -502.694641 618.660217 276.084686 -461.318451 620 261.322021 -470.174133 620 262.621796 -508 618.660217 276.084686 -461.318451 620 250.37709 -438.550842 620 261.322021 -470.174133 620 262.621796 -438 620 250.37709 -438.550842 618.660217 276.084686 -461.318451 695.458008 258.122925 -453.575653 620 250.37709 -438.550842 695.458008 238.712021 -426.316864 695.458008 258.122925 -453.575653 620 261.322021 -470.174133 620 250.37709 -438.550842 695.458008 259.71521 -487.001587 620 261.322021 -470.174133 695.458008 258.122925 -453.575653 695.458008 259.71521 -487.001587 620 253.432632 -502.694641 620 261.322021 -470.174133 695.458008 242.983307 -515.982056 620 253.432632 -502.694641 695.458008 259.71521 -487.001587 695.458008 242.983307 -515.982056 620 229.21376 -525.787292 620 253.432632 -502.694641 695.458008 213.239502 -531.316101 620 229.21376 -525.787292 695.458008 242.983307 -515.982056 695.458008 213.239502 -531.316101 620 196.354675 -532.120361 620 229.21376 -525.787292 695.458008 179.927231 -528.135132 620 196.354675 -532.120361 695.458008 213.239502 -531.316101 695.458008 179.927231 -528.135132 620 165.287994 -519.683167 620 196.354675 -532.120361 695.458008 153.62291 -507.449188 620 165.287994 -519.683167 695.458008 179.927231 -528.135132 695.458008 153.62291 -507.449188 620 145.877075 -492.424316 620 165.287994 -519.683167 695.458008 142.677979 -475.825897 620 145.877075 -492.424316 695.458008 153.62291 -507.449188 695.458008 142.677979 -475.825897 620 144.284805 -458.998444 620 145.877075 -492.424316 695.458008 150.567368 -443.305359 620 144.284805 -458.998444 695.458008 142.677979 -475.825897 695.458008 150.567368 -443.305359 620 154.836807 -435.910461 620 144.284805 -458.998444 695.458008 150.567368 -443.305359 620 174.78627 -420.212708 620 154.836807 -435.910461 695.458008 174.78627 -420.212708 620 174.78627 -420.212708 695.458008 150.567368 -443.305359 695.458008 174.78627 -420.212708 620 207.645309 -413.879608 620 174.78627 -420.212708 695.458008 207.645309 -413.879608 620 207.645309 -413.879608 695.458008 174.78627 -420.212708 695.458008 207.645309 -413.879608 620 232.000015 -421.038483 620 207.645309 -413.879608 695.458008 238.712021 -426.316864 620 232.000015 -421.038483 695.458008 207.645309 -413.879608 695.458008 238.712021 -426.316864 620 250.37709 -438.550842 620 232.000015 -421.038483 695.458008 207.645309 -413.879608 699 213.682343 -421.816284 699 234.367615 -432.412292 695.458008 207.645309 -413.879608 699 190.448135 -422.38797 699 213.682343 -421.816284 695.458008 174.78627 -420.212708 699 190.448135 -422.38797 695.458008 207.645309 -413.879608 695.458008 174.78627 -420.212708 699 163.944626 -437.689789 699 190.448135 -422.38797 695.458008 150.567368 -443.305359 699 163.944626 -437.689789 695.458008 174.78627 -420.212708 695.458008 150.567368 -443.305359 699 150.666214 -465.262665 699 163.944626 -437.689789 695.458008 142.677979 -475.825897 699 150.666214 -465.262665 695.458008 150.567368 -443.305359 695.458008 142.677979 -475.825897 699 155.227448 -495.524475 699 150.666214 -465.262665 695.458008 153.62291 -507.449188 699 155.227448 -495.524475 695.458008 142.677979 -475.825897 695.458008 153.62291 -507.449188 699 176.043198 -517.958557 699 155.227448 -495.524475 695.458008 179.927231 -528.135132 699 176.043198 -517.958557 695.458008 153.62291 -507.449188 695.458008 179.927231 -528.135132 699 205.879517 -524.768433 699 176.043198 -517.958557 695.458008 213.239502 -531.316101 699 205.879517 -524.768433 695.458008 179.927231 -528.135132 695.458008 213.239502 -531.316101 699 234.367615 -513.587708 699 205.879517 -524.768433 695.458008 242.983307 -515.982056 699 234.367615 -513.587708 695.458008 213.239502 -531.316101 695.458008 242.983307 -515.982056 699 251.607239 -488.301819 699 234.367615 -513.587708 695.458008 259.71521 -487.001587 699 251.607239 -488.301819 695.458008 242.983307 -515.982056 695.458008 259.71521 -487.001587 699 251.607239 -457.698212 699 251.607239 -488.301819 695.458008 258.122925 -453.575653 699 251.607239 -457.698212 695.458008 259.71521 -487.001587 695.458008 258.122925 -453.575653 699 234.367615 -432.412292 699 251.607239 -457.698212 695.458008 238.712021 -426.316864 699 234.367615 -432.412292 695.458008 258.122925 -453.575653 699 234.367615 -432.412292 695.458008 238.712021 -426.316864 695.458008 207.645309 -413.879608 704 240.485229 -437.290924 699 251.607239 -457.698212 699 234.367615 -432.412292 704 251.607239 -457.698212 699 251.607239 -457.698212 704 240.485229 -437.290924 704 251.607239 -457.698212 699 251.607239 -488.301819 699 251.607239 -457.698212 704 253.913605 -480.824738 699 251.607239 -488.301819 704 251.607239 -457.698212 704 244.893036 -502.243958 699 251.607239 -488.301819 704 253.913605 -480.824738 704 244.893036 -502.243958 699 234.367615 -513.587708 699 251.607239 -488.301819 704 228.250015 -518.466309 699 234.367615 -513.587708 704 244.893036 -502.243958 704 228.250015 -518.466309 699 205.879517 -524.768433 699 234.367615 -513.587708 704 205.879517 -524.768433 699 205.879517 -524.768433 704 228.250015 -518.466309 704 205.879517 -524.768433 699 176.043198 -517.958557 699 205.879517 -524.768433 704 176.043198 -517.958557 699 176.043198 -517.958557 704 205.879517 -524.768433 704 176.043198 -517.958557 699 155.227448 -495.524475 699 176.043198 -517.958557 704 155.227448 -495.524475 699 155.227448 -495.524475 704 176.043198 -517.958557 704 155.227448 -495.524475 699 150.666214 -465.262665 699 155.227448 -495.524475 704 150.666214 -465.262665 699 150.666214 -465.262665 704 155.227448 -495.524475 704 150.666214 -465.262665 699 163.944626 -437.689789 699 150.666214 -465.262665 704 158.622452 -443.42572 699 163.944626 -437.689789 704 150.666214 -465.262665 704 176.043198 -428.041504 699 163.944626 -437.689789 704 158.622452 -443.42572 704 176.043198 -428.041504 699 190.448135 -422.38797 699 163.944626 -437.689789 704 198.076675 -420.64679 699 190.448135 -422.38797 704 176.043198 -428.041504 704 198.076675 -420.64679 699 213.682343 -421.816284 699 190.448135 -422.38797 704 220.966187 -424.674988 699 213.682343 -421.816284 704 198.076675 -420.64679 704 220.966187 -424.674988 699 234.367615 -432.412292 699 213.682343 -421.816284 704 240.485229 -437.290924 699 234.367615 -432.412292 704 220.966187 -424.674988 704 251.607239 -457.698212 704 240.485229 -437.290924 704 244.893036 -502.243958 704 244.893036 -502.243958 704 253.913605 -480.824738 704 251.607239 -457.698212 704 205.879517 -524.768433 704 155.227448 -495.524475 704 176.043198 -517.958557 704 205.879517 -524.768433 704 150.666214 -465.262665 704 155.227448 -495.524475 704 228.250015 -518.466309 704 150.666214 -465.262665 704 205.879517 -524.768433 704 244.893036 -502.243958 704 150.666214 -465.262665 704 228.250015 -518.466309 704 158.622452 -443.42572 704 150.666214 -465.262665 704 244.893036 -502.243958 704 244.893036 -502.243958 704 176.043198 -428.041504 704 158.622452 -443.42572 704 198.076675 -420.64679 704 176.043198 -428.041504 704 244.893036 -502.243958 704 244.893036 -502.243958 704 220.966187 -424.674988 704 198.076675 -420.64679 704 240.485229 -437.290924 704 220.966187 -424.674988 704 244.893036 -502.243958 618.660217 127.508598 -467.15921 601.339783 127.915306 -461.318451 601.339783 127.508598 -478.84079 601.339783 127.508598 -478.84079 618.660217 127.915306 -484.681549 618.660217 127.508598 -467.15921 618.660217 154.841125 -414.681549 601.339783 159.69603 -411.408905 600 141.37822 -438 600 141.37822 -438 620 141.37822 -438 618.660217 154.841125 -414.681549 600 141.37822 -438 618.660217 127.508598 -467.15921 620 141.37822 -438 601.339783 127.915306 -461.318451 618.660217 127.508598 -467.15921 600 141.37822 -438 618.660217 169.812546 -405.568176 601.339783 175.074173 -403 601.339783 159.69603 -411.408905 601.339783 159.69603 -411.408905 618.660217 154.841125 -414.681549 618.660217 169.812546 -405.568176 618.660217 228.925812 -403 601.339783 234.187424 -405.568176 600 202.000015 -403 600 202.000015 -403 620 202.000015 -403 618.660217 228.925812 -403 600 202.000015 -403 618.660217 169.812546 -405.568176 620 202.000015 -403 601.339783 175.074173 -403 618.660217 169.812546 -405.568176 600 202.000015 -403 618.660217 244.30397 -411.408905 601.339783 249.158875 -414.681549 601.339783 234.187424 -405.568176 601.339783 234.187424 -405.568176 618.660217 228.925812 -403 618.660217 244.30397 -411.408905 618.660217 276.084686 -461.318451 601.339783 276.491394 -467.15921 600 262.621796 -438 600 262.621796 -438 620 262.621796 -438 618.660217 276.084686 -461.318451 600 262.621796 -438 618.660217 244.30397 -411.408905 620 262.621796 -438 601.339783 249.158875 -414.681549 618.660217 244.30397 -411.408905 600 262.621796 -438 625.669861 -226.925812 -403 601.393188 -196.722076 -403 603.752808 -232.187424 -405.568176 628.02948 -203.277924 -403 601.393188 -196.722076 -403 625.669861 -226.925812 -403 628.02948 -203.277924 -403 603.752808 -173.074188 -403 601.393188 -196.722076 -403 625.669861 -167.812576 -405.568176 603.752808 -173.074188 -403 628.02948 -203.277924 -403 603.752808 -247.158875 -414.681549 625.669861 -242.30397 -411.408905 603.752808 -232.187424 -405.568176 625.669861 -226.925812 -403 603.752808 -232.187424 -405.568176 625.669861 -242.30397 -411.408905 625.669861 -274.084686 -461.318451 601.393188 -262.260742 -440.838776 603.752808 -274.491394 -467.15921 628.02948 -262.260742 -440.838776 601.393188 -262.260742 -440.838776 625.669861 -274.084686 -461.318451 628.02948 -262.260742 -440.838776 603.752808 -247.158875 -414.681549 601.393188 -262.260742 -440.838776 625.669861 -242.30397 -411.408905 603.752808 -247.158875 -414.681549 628.02948 -262.260742 -440.838776 603.752808 -274.084686 -484.681549 625.669861 -274.491394 -478.84079 603.752808 -274.491394 -467.15921 625.669861 -274.084686 -461.318451 603.752808 -274.491394 -467.15921 625.669861 -274.491394 -478.84079 625.669861 -247.158875 -531.31842 601.393188 -258.982819 -510.838776 603.752808 -242.30397 -534.591064 628.02948 -262.260742 -505.161194 601.393188 -258.982819 -510.838776 625.669861 -247.158875 -531.31842 628.02948 -262.260742 -505.161194 603.752808 -274.084686 -484.681549 601.393188 -258.982819 -510.838776 625.669861 -274.491394 -478.84079 603.752808 -274.084686 -484.681549 628.02948 -262.260742 -505.161194 603.752808 -226.925812 -543 625.669861 -232.187424 -540.431824 603.752808 -242.30397 -534.591064 625.669861 -247.158875 -531.31842 603.752808 -242.30397 -534.591064 625.669861 -232.187424 -540.431824 601.393188 -196.722076 -403 600 -174.010468 -410.255676 600 -208.864548 -405.667053 603.752808 -173.074188 -403 600 -174.010468 -410.255676 601.393188 -196.722076 -403 603.752808 -157.69603 -411.408905 600 -174.010468 -410.255676 603.752808 -173.074188 -403 603.752808 -157.69603 -411.408905 600 -146.120224 -431.656555 600 -174.010468 -410.255676 601.393188 -137.739258 -440.838776 600 -146.120224 -431.656555 603.752808 -157.69603 -411.408905 601.393188 -137.739258 -440.838776 600 -132.667038 -464.135437 600 -146.120224 -431.656555 603.752808 -125.915306 -461.318451 600 -132.667038 -464.135437 601.393188 -137.739258 -440.838776 603.752808 -125.508598 -478.84079 600 -132.667038 -464.135437 603.752808 -125.915306 -461.318451 603.752808 -125.508598 -478.84079 600 -137.255676 -498.989563 600 -132.667038 -464.135437 601.393188 -141.017181 -510.838776 600 -137.255676 -498.989563 603.752808 -125.508598 -478.84079 601.393188 -141.017181 -510.838776 600 -162.786819 -528.590576 600 -137.255676 -498.989563 603.752808 -152.841125 -531.31842 600 -162.786819 -528.590576 601.393188 -141.017181 -510.838776 603.752808 -167.812576 -540.431824 600 -162.786819 -528.590576 603.752808 -152.841125 -531.31842 601.393188 -203.277924 -543 600 -162.786819 -528.590576 603.752808 -167.812576 -540.431824 601.393188 -203.277924 -543 600 -208.864548 -540.332947 600 -162.786819 -528.590576 603.752808 -226.925812 -543 600 -208.864548 -540.332947 601.393188 -203.277924 -543 603.752808 -226.925812 -543 600 -241.343399 -526.879761 600 -208.864548 -540.332947 603.752808 -242.30397 -534.591064 600 -241.343399 -526.879761 603.752808 -226.925812 -543 601.393188 -258.982819 -510.838776 600 -241.343399 -526.879761 603.752808 -242.30397 -534.591064 601.393188 -258.982819 -510.838776 600 -265.622162 -485.994812 600 -241.343399 -526.879761 603.752808 -274.084686 -484.681549 600 -265.622162 -485.994812 601.393188 -258.982819 -510.838776 603.752808 -274.491394 -467.15921 600 -265.622162 -485.994812 603.752808 -274.084686 -484.681549 603.752808 -274.491394 -467.15921 600 -262.744324 -447.010437 600 -265.622162 -485.994812 601.393188 -262.260742 -440.838776 600 -262.744324 -447.010437 603.752808 -274.491394 -467.15921 601.393188 -262.260742 -440.838776 600 -241.343399 -419.120209 600 -262.744324 -447.010437 603.752808 -247.158875 -414.681549 600 -241.343399 -419.120209 601.393188 -262.260742 -440.838776 603.752808 -232.187424 -405.568176 600 -241.343399 -419.120209 603.752808 -247.158875 -414.681549 603.752808 -232.187424 -405.568176 600 -208.864548 -405.667053 600 -241.343399 -419.120209 601.393188 -196.722076 -403 600 -208.864548 -405.667053 603.752808 -232.187424 -405.568176 600 13.4729652 -614.016663 600 -6.94593 -616.392334 598.829773 356.606934 -643.802795 600 -25.3208904 -607.17627 600 -147.9375 -592.161499 600 -6.94593 -616.392334 600 -38.7938499 -583.840393 600 -147.9375 -592.161499 600 -25.3208904 -607.17627 600 -38.7938499 -583.840393 600 -137.927094 -585.125 600 -147.9375 -592.161499 600 -241.343399 -526.879761 600 -265.622162 -485.994812 600 -351.363434 -574.912292 600 -13.4729652 -539.983337 600 -162.786819 -528.590576 600 -34.1147385 -557.303833 600 -13.4729652 -539.983337 600 -137.255676 -498.989563 600 -162.786819 -528.590576 600 13.4729652 -539.983337 600 -137.255676 -498.989563 600 -13.4729652 -539.983337 600 202.000015 -403 600 332.501801 -396.204132 600 338.630127 -380.651093 600 244.248734 -417.940369 600 332.501801 -396.204132 600 202.000015 -403 600 244.248734 -417.940369 600 335.883667 -412.575287 600 332.501801 -396.204132 600 262.621796 -438 600 335.883667 -412.575287 600 244.248734 -417.940369 600 262.621796 -438 600 351.363434 -428.087738 600 335.883667 -412.575287 600 262.621796 -508 600 351.363434 -428.087738 600 262.621796 -438 600 262.621796 -508 600 351.363434 -574.912292 600 351.363434 -428.087738 600 202.000015 -543 600 351.363434 -574.912292 600 262.621796 -508 600 202.000015 -543 600 335.883667 -590.424683 600 351.363434 -574.912292 600 332.501801 -606.795898 600 335.883667 -590.424683 600 202.000015 -543 600 -174.010468 -410.255676 600 159.751266 -417.940369 600 202.000015 -403 600 -146.120224 -431.656555 600 159.751266 -417.940369 600 -174.010468 -410.255676 600 -146.120224 -431.656555 600 141.37822 -438 600 159.751266 -417.940369 600 -132.667038 -464.135437 600 141.37822 -438 600 -146.120224 -431.656555 600 -132.667038 -464.135437 600 133.192596 -482.058655 600 141.37822 -438 600 -137.255676 -498.989563 600 133.192596 -482.058655 600 -132.667038 -464.135437 600 13.4729652 -539.983337 600 133.192596 -482.058655 600 -137.255676 -498.989563 600 13.4729652 -539.983337 600 141.37822 -508 600 133.192596 -482.058655 600 34.1147385 -557.303833 600 141.37822 -508 600 13.4729652 -539.983337 600 34.1147385 -557.303833 600 202.000015 -543 600 141.37822 -508 600 40 -577 600 202.000015 -543 600 34.1147385 -557.303833 600 34.1147385 -596.696167 600 202.000015 -543 600 40 -577 600 34.1147385 -596.696167 600 332.501801 -606.795898 600 202.000015 -543 600 34.1147385 -596.696167 600 338.630127 -622.348877 600 332.501801 -606.795898 600 13.4729652 -614.016663 600 338.630127 -622.348877 600 34.1147385 -596.696167 598.829773 356.606934 -643.802795 600 338.630127 -622.348877 600 13.4729652 -614.016663 599.724121 354.616577 -634.690796 600 338.630127 -622.348877 598.829773 356.606934 -643.802795 600 -239.874985 -562.927124 600 -167.161453 -572.9375 600 -156.062515 -561.838501 600 -232.838547 -572.9375 600 -167.161453 -572.9375 600 -239.874985 -562.927124 600 -232.838547 -572.9375 600 -163.098953 -588.098999 600 -167.161453 -572.9375 600 -233.927094 -585.125 600 -163.098953 -588.098999 600 -232.838547 -572.9375 600 -243.937485 -592.161499 600 -163.098953 -588.098999 600 -233.927094 -585.125 600 -243.937485 -592.161499 600 -147.9375 -592.161499 600 -163.098953 -588.098999 598.829773 -356.606934 -643.802795 600 -147.9375 -592.161499 600 -243.937485 -592.161499 598.829773 -356.606934 -643.802795 600 -6.94593 -616.392334 600 -147.9375 -592.161499 598.829773 356.606934 -643.802795 600 -6.94593 -616.392334 598.829773 -356.606934 -643.802795 600 -338.630127 -622.348877 598.829773 -356.606934 -643.802795 600 -243.937485 -592.161499 599.724121 -354.616577 -634.690796 598.829773 -356.606934 -643.802795 600 -338.630127 -622.348877 600 -243.937485 -592.161499 600 -332.501801 -606.795898 600 -338.630127 -622.348877 600 -259.098938 -588.098999 600 -332.501801 -606.795898 600 -243.937485 -592.161499 600 -259.098938 -588.098999 600 -335.883667 -590.424683 600 -332.501801 -606.795898 600 -263.161438 -572.9375 600 -335.883667 -590.424683 600 -259.098938 -588.098999 600 -263.161438 -572.9375 600 -351.363434 -574.912292 600 -335.883667 -590.424683 600 -38.7938499 -583.840393 600 -136.838547 -572.9375 600 -137.927094 -585.125 600 -34.1147385 -557.303833 600 -136.838547 -572.9375 600 -38.7938499 -583.840393 600 -34.1147385 -557.303833 600 -143.875 -562.927124 600 -136.838547 -572.9375 600 -162.786819 -528.590576 600 -143.875 -562.927124 600 -34.1147385 -557.303833 600 -162.786819 -528.590576 600 -156.062515 -561.838501 600 -143.875 -562.927124 600 -208.864548 -540.332947 600 -156.062515 -561.838501 600 -162.786819 -528.590576 600 -208.864548 -540.332947 600 -239.874985 -562.927124 600 -156.062515 -561.838501 600 -208.864548 -540.332947 600 -252.062485 -561.838501 600 -239.874985 -562.927124 600 -241.343399 -526.879761 600 -252.062485 -561.838501 600 -208.864548 -540.332947 600 -351.363434 -574.912292 600 -252.062485 -561.838501 600 -241.343399 -526.879761 600 -351.363434 -574.912292 600 -263.161438 -572.9375 600 -252.062485 -561.838501 600 -351.363434 -428.087738 600 -265.622162 -485.994812 600 -262.744324 -447.010437 600 -351.363434 -574.912292 600 -265.622162 -485.994812 600 -351.363434 -428.087738 600 -262.744324 -447.010437 600 -335.883667 -412.575287 600 -351.363434 -428.087738 600 -241.343399 -419.120209 600 -335.883667 -412.575287 600 -262.744324 -447.010437 600 -241.343399 -419.120209 600 -332.501801 -396.204132 600 -335.883667 -412.575287 600 -208.864548 -405.667053 600 -332.501801 -396.204132 600 -241.343399 -419.120209 598.829773 -356.606934 -359.197235 599.724121 -354.616577 -368.309265 600 -338.630127 -380.651093 600 -208.864548 -405.667053 600 -338.630127 -380.651093 600 -332.501801 -396.204132 600 -208.864548 -405.667053 598.829773 -356.606934 -359.197235 600 -338.630127 -380.651093 600 -174.010468 -410.255676 598.829773 -356.606934 -359.197235 600 -208.864548 -405.667053 600 202.000015 -403 598.829773 -356.606934 -359.197235 600 -174.010468 -410.255676 600 202.000015 -403 598.829773 356.606934 -359.197235 598.829773 -356.606934 -359.197235 600 338.630127 -380.651093 598.829773 356.606934 -359.197235 600 202.000015 -403 599.724243 354.615784 -368.309387 598.829773 356.606934 -359.197235 600 338.630127 -380.651093 593.299744 375.426453 -369.192505 598.829773 356.606934 -359.197235 599.724243 354.615784 -368.309387 593.299744 375.426453 -369.192505 585.543579 383.879944 -358.733307 598.829773 356.606934 -359.197235 581.926453 393.823761 -385.658752 585.543579 383.879944 -358.733307 593.299744 375.426453 -369.192505 564.263123 403.636292 -389.674164 585.543579 383.879944 -358.733307 581.926453 393.823761 -385.658752 564.263123 403.636292 -389.674164 559.258789 398.218048 -357.815399 585.543579 383.879944 -358.733307 598.829773 356.606934 -359.197235 585.543579 -383.879944 -358.733307 598.829773 -356.606934 -359.197235 559.258789 -398.218048 -357.815399 585.543579 -383.879944 -358.733307 598.829773 356.606934 -359.197235 455.174469 -402.353943 -354.180725 559.258789 398.218048 -357.815399 455.174469 402.353943 -354.180725 559.258789 -398.218048 -357.815399 559.258789 398.218048 -357.815399 455.174469 -402.353943 -354.180725 559.258789 -398.218048 -357.815399 585.543579 383.879944 -358.733307 559.258789 398.218048 -357.815399 598.829773 356.606934 -359.197235 585.543579 383.879944 -358.733307 559.258789 -398.218048 -357.815399 585.543579 -383.879944 -358.733307 559.258789 -398.218048 -357.815399 564.263123 -403.636292 -389.674225 598.829773 -356.606934 -359.197235 593.309082 -375.408661 -369.185089 599.724121 -354.616577 -368.309265 585.543579 -383.879944 -358.733307 593.309082 -375.408661 -369.185089 598.829773 -356.606934 -359.197235 585.543579 -383.879944 -358.733307 581.930908 -393.817688 -385.650482 593.309082 -375.408661 -369.185089 564.263123 -403.636292 -389.674225 581.930908 -393.817688 -385.650482 585.543579 -383.879944 -358.733307 579.726196 -396.669464 -403.376617 560 -391.030579 -416.393097 560 -396.920044 -399 589.806458 -386.143799 -422.696503 560 -391.030579 -416.393097 579.726196 -396.669464 -403.376617 589.806458 -386.143799 -422.696503 560 -371.107635 -429.7052 560 -391.030579 -416.393097 598.004944 -369.713867 -430.941284 560 -371.107635 -429.7052 589.806458 -386.143799 -422.696503 600 -351.363434 -428.087738 560 -371.107635 -429.7052 598.004944 -369.713867 -430.941284 600 -351.363434 -428.087738 560 -352.784729 -428.490295 560 -371.107635 -429.7052 600 -351.363434 -428.087738 560 -338.969421 -416.393097 560 -352.784729 -428.490295 600 -335.883667 -412.575287 560 -338.969421 -416.393097 600 -351.363434 -428.087738 600 -335.883667 -412.575287 560 -334.2948 -392.892395 560 -338.969421 -416.393097 600 -332.501801 -396.204132 560 -334.2948 -392.892395 600 -335.883667 -412.575287 600 -338.630127 -380.651093 560 -334.2948 -392.892395 600 -332.501801 -396.204132 600 -338.630127 -380.651093 560 -342.429138 -376.429108 560 -334.2948 -392.892395 599.724121 -354.616577 -368.309265 560 -342.429138 -376.429108 600 -338.630127 -380.651093 599.724121 -354.616577 -368.309265 560 -358.892365 -368.29483 560 -342.429138 -376.429108 593.309082 -375.408661 -369.185089 560 -358.892365 -368.29483 599.724121 -354.616577 -368.309265 593.309082 -375.408661 -369.185089 560 -377.215271 -369.509705 560 -358.892365 -368.29483 593.309082 -375.408661 -369.185089 560 -391.030579 -381.606903 560 -377.215271 -369.509705 581.930908 -393.817688 -385.650482 560 -391.030579 -381.606903 593.309082 -375.408661 -369.185089 581.930908 -393.817688 -385.650482 560 -396.920044 -399 560 -391.030579 -381.606903 579.726196 -396.669464 -403.376617 560 -396.920044 -399 581.930908 -393.817688 -385.650482 600 -351.363434 -428.087738 598.006042 -369.710236 -572.057983 600 -351.363434 -574.912292 598.004944 -369.713867 -430.941284 598.006042 -369.710236 -572.057983 600 -351.363434 -428.087738 598.004944 -369.713867 -430.941284 589.811035 -386.137695 -580.297485 598.006042 -369.710236 -572.057983 589.806458 -386.143799 -422.696503 589.811035 -386.137695 -580.297485 598.004944 -369.713867 -430.941284 589.806458 -386.143799 -422.696503 579.72876 -396.667511 -599.607422 589.811035 -386.137695 -580.297485 579.726196 -396.669464 -403.376617 579.72876 -396.667511 -599.607422 589.806458 -386.143799 -422.696503 564.263123 -403.636292 -389.674225 579.726196 -396.669464 -403.376617 581.930908 -393.817688 -385.650482 579.72876 -396.667511 -599.607422 579.726196 -396.669464 -403.376617 564.263123 -403.636292 -389.674225 564.263123 -403.636292 -613.325806 579.72876 -396.667511 -599.607422 564.263123 -403.636292 -389.674225 581.930908 -393.817688 -617.349487 579.72876 -396.667511 -599.607422 564.263123 -403.636292 -613.325806 589.811035 -386.137695 -580.297485 560 -371.107635 -573.2948 598.006042 -369.710236 -572.057983 589.811035 -386.137695 -580.297485 560 -391.030579 -586.606873 560 -371.107635 -573.2948 579.72876 -396.667511 -599.607422 560 -391.030579 -586.606873 589.811035 -386.137695 -580.297485 579.72876 -396.667511 -599.607422 560 -396.920044 -604 560 -391.030579 -586.606873 581.930908 -393.817688 -617.349487 560 -396.920044 -604 579.72876 -396.667511 -599.607422 581.930908 -393.817688 -617.349487 560 -391.030579 -621.393066 560 -396.920044 -604 593.309082 -375.408661 -633.814941 560 -391.030579 -621.393066 581.930908 -393.817688 -617.349487 593.309082 -375.408661 -633.814941 560 -377.215271 -633.490295 560 -391.030579 -621.393066 593.309082 -375.408661 -633.814941 560 -358.892365 -634.7052 560 -377.215271 -633.490295 599.724121 -354.616577 -634.690796 560 -358.892365 -634.7052 593.309082 -375.408661 -633.814941 599.724121 -354.616577 -634.690796 560 -342.429138 -626.570862 560 -358.892365 -634.7052 600 -338.630127 -622.348877 560 -342.429138 -626.570862 599.724121 -354.616577 -634.690796 600 -338.630127 -622.348877 560 -334.2948 -610.107666 560 -342.429138 -626.570862 600 -332.501801 -606.795898 560 -334.2948 -610.107666 600 -338.630127 -622.348877 600 -335.883667 -590.424683 560 -334.2948 -610.107666 600 -332.501801 -606.795898 600 -335.883667 -590.424683 560 -338.969421 -586.606873 560 -334.2948 -610.107666 600 -351.363434 -574.912292 560 -338.969421 -586.606873 600 -335.883667 -590.424683 600 -351.363434 -574.912292 560 -352.784729 -574.509705 560 -338.969421 -586.606873 600 -351.363434 -574.912292 560 -371.107635 -573.2948 560 -352.784729 -574.509705 598.006042 -369.710236 -572.057983 560 -371.107635 -573.2948 600 -351.363434 -574.912292 593.309082 -375.408661 -633.814941 598.829773 -356.606934 -643.802795 599.724121 -354.616577 -634.690796 593.309082 -375.408661 -633.814941 585.543579 -383.879944 -644.266724 598.829773 -356.606934 -643.802795 581.930908 -393.817688 -617.349487 585.543579 -383.879944 -644.266724 593.309082 -375.408661 -633.814941 564.263123 -403.636292 -613.325806 585.543579 -383.879944 -644.266724 581.930908 -393.817688 -617.349487 564.263123 -403.636292 -613.325806 559.258789 -398.218048 -645.184631 585.543579 -383.879944 -644.266724 598.829773 -356.606934 -643.802795 585.543579 383.879944 -644.266724 598.829773 356.606934 -643.802795 559.258789 398.218048 -645.184631 585.543579 -383.879944 -644.266724 559.258789 -398.218048 -645.184631 559.258789 398.218048 -645.184631 598.829773 -356.606934 -643.802795 585.543579 -383.879944 -644.266724 585.543579 383.879944 -644.266724 598.829773 -356.606934 -643.802795 559.258789 398.218048 -645.184631 455.174469 402.353943 -648.819275 559.258789 -398.218048 -645.184631 455.174469 -402.353943 -648.819275 559.258789 398.218048 -645.184631 559.258789 -398.218048 -645.184631 455.174469 402.353943 -648.819275 585.543579 383.879944 -644.266724 559.258789 398.218048 -645.184631 564.263123 403.636292 -613.325867 598.829773 356.606934 -643.802795 593.309082 375.408661 -633.814941 599.724121 354.616577 -634.690796 585.543579 383.879944 -644.266724 593.309082 375.408661 -633.814941 598.829773 356.606934 -643.802795 585.543579 383.879944 -644.266724 581.930908 393.817688 -617.349487 593.309082 375.408661 -633.814941 564.263123 403.636292 -613.325867 581.930908 393.817688 -617.349487 585.543579 383.879944 -644.266724 600 351.363434 -574.912292 560 338.969421 -586.606873 560 352.784729 -574.509705 600 335.883667 -590.424683 560 338.969421 -586.606873 600 351.363434 -574.912292 600 335.883667 -590.424683 560 334.2948 -610.107666 560 338.969421 -586.606873 600 332.501801 -606.795898 560 334.2948 -610.107666 600 335.883667 -590.424683 600 338.630127 -622.348877 560 334.2948 -610.107666 600 332.501801 -606.795898 600 338.630127 -622.348877 560 342.429138 -626.570862 560 334.2948 -610.107666 599.724121 354.616577 -634.690796 560 342.429138 -626.570862 600 338.630127 -622.348877 599.724121 354.616577 -634.690796 560 358.892365 -634.7052 560 342.429138 -626.570862 593.309082 375.408661 -633.814941 560 358.892365 -634.7052 599.724121 354.616577 -634.690796 593.309082 375.408661 -633.814941 560 377.215271 -633.490295 560 358.892365 -634.7052 593.309082 375.408661 -633.814941 560 391.030579 -621.393066 560 377.215271 -633.490295 581.930908 393.817688 -617.349487 560 391.030579 -621.393066 593.309082 375.408661 -633.814941 581.930908 393.817688 -617.349487 560 396.920044 -604 560 391.030579 -621.393066 579.72876 396.667511 -599.607422 560 396.920044 -604 581.930908 393.817688 -617.349487 579.72876 396.667511 -599.607422 560 391.030579 -586.606873 560 396.920044 -604 589.811035 386.137695 -580.297485 560 391.030579 -586.606873 579.72876 396.667511 -599.607422 589.811035 386.137695 -580.297485 560 371.107635 -573.2948 560 391.030579 -586.606873 598.006042 369.710236 -572.057983 560 371.107635 -573.2948 589.811035 386.137695 -580.297485 600 351.363434 -574.912292 560 371.107635 -573.2948 598.006042 369.710236 -572.057983 600 351.363434 -574.912292 560 352.784729 -574.509705 560 371.107635 -573.2948 598.006042 369.710236 -572.057983 600 351.363434 -428.087738 600 351.363434 -574.912292 598.006042 369.710236 -572.057983 598.004944 369.713867 -430.941284 600 351.363434 -428.087738 589.811035 386.137695 -580.297485 598.004944 369.713867 -430.941284 598.006042 369.710236 -572.057983 589.811035 386.137695 -580.297485 589.806458 386.143799 -422.696503 598.004944 369.713867 -430.941284 579.72876 396.667511 -599.607422 589.806458 386.143799 -422.696503 589.811035 386.137695 -580.297485 579.72876 396.667511 -599.607422 579.726196 396.669464 -403.376617 589.806458 386.143799 -422.696503 564.263123 403.636292 -613.325867 579.72876 396.667511 -599.607422 581.930908 393.817688 -617.349487 564.263123 403.636292 -389.674164 579.72876 396.667511 -599.607422 564.263123 403.636292 -613.325867 564.263123 403.636292 -389.674164 579.726196 396.669464 -403.376617 579.72876 396.667511 -599.607422 581.926453 393.823761 -385.658752 579.726196 396.669464 -403.376617 564.263123 403.636292 -389.674164 600 338.630127 -380.651093 560 334.2948 -392.892395 560 342.429138 -376.429108 600 332.501801 -396.204132 560 334.2948 -392.892395 600 338.630127 -380.651093 600 335.883667 -412.575287 560 334.2948 -392.892395 600 332.501801 -396.204132 600 335.883667 -412.575287 560 338.969421 -416.393097 560 334.2948 -392.892395 600 351.363434 -428.087738 560 338.969421 -416.393097 600 335.883667 -412.575287 600 351.363434 -428.087738 560 352.784729 -428.490295 560 338.969421 -416.393097 600 351.363434 -428.087738 560 371.107635 -429.7052 560 352.784729 -428.490295 598.004944 369.713867 -430.941284 560 371.107635 -429.7052 600 351.363434 -428.087738 589.806458 386.143799 -422.696503 560 371.107635 -429.7052 598.004944 369.713867 -430.941284 589.806458 386.143799 -422.696503 560 391.030579 -416.393097 560 371.107635 -429.7052 579.726196 396.669464 -403.376617 560 391.030579 -416.393097 589.806458 386.143799 -422.696503 579.726196 396.669464 -403.376617 560 396.920044 -399 560 391.030579 -416.393097 581.926453 393.823761 -385.658752 560 396.920044 -399 579.726196 396.669464 -403.376617 581.926453 393.823761 -385.658752 560 391.030579 -381.606903 560 396.920044 -399 593.299744 375.426453 -369.192505 560 391.030579 -381.606903 581.926453 393.823761 -385.658752 593.299744 375.426453 -369.192505 560 377.215271 -369.509705 560 391.030579 -381.606903 593.299744 375.426453 -369.192505 560 358.892365 -368.29483 560 377.215271 -369.509705 599.724243 354.615784 -368.309387 560 358.892365 -368.29483 593.299744 375.426453 -369.192505 599.724243 354.615784 -368.309387 560 342.429138 -376.429108 560 358.892365 -368.29483 600 338.630127 -380.651093 560 342.429138 -376.429108 599.724243 354.615784 -368.309387 600 159.751266 -417.940369 601.339783 175.074173 -403 600 202.000015 -403 600 159.751266 -417.940369 601.339783 159.69603 -411.408905 601.339783 175.074173 -403 601.339783 159.69603 -411.408905 600 159.751266 -417.940369 600 141.37822 -438 600 244.248734 -417.940369 601.339783 249.158875 -414.681549 600 262.621796 -438 600 244.248734 -417.940369 601.339783 234.187424 -405.568176 601.339783 249.158875 -414.681549 601.339783 234.187424 -405.568176 600 244.248734 -417.940369 600 202.000015 -403 600 262.621796 -438 601.339783 276.084686 -484.681549 600 262.621796 -508 600 262.621796 -438 601.339783 276.491394 -467.15921 601.339783 276.084686 -484.681549 600 202.000015 -543 601.339783 244.30397 -534.591064 601.339783 228.925812 -543 601.339783 244.30397 -534.591064 600 202.000015 -543 600 262.621796 -508 600 141.37822 -508 601.339783 169.812546 -540.431824 601.339783 154.841125 -531.31842 601.339783 169.812546 -540.431824 600 141.37822 -508 600 202.000015 -543 601.339783 127.508598 -478.84079 600 133.192596 -482.058655 600 141.37822 -508 601.339783 127.915306 -461.318451 600 133.192596 -482.058655 601.339783 127.508598 -478.84079 601.339783 127.915306 -461.318451 600 141.37822 -438 600 133.192596 -482.058655 596 -260.498566 -567.244507 600 -252.062485 -561.838501 600 -263.161438 -572.9375 596 -251.946075 -561.236389 600 -252.062485 -561.838501 596 -260.498566 -567.244507 596 -244.826599 -561.062866 600 -252.062485 -561.838501 596 -251.946075 -561.236389 596 -244.826599 -561.062866 600 -239.874985 -562.927124 600 -252.062485 -561.838501 596 -240.51355 -562.577271 600 -239.874985 -562.927124 596 -244.826599 -561.062866 596 -235.376022 -567.026367 600 -239.874985 -562.927124 596 -240.51355 -562.577271 596 -235.376022 -567.026367 600 -232.838547 -572.9375 600 -239.874985 -562.927124 596 -231.998749 -575.327148 600 -232.838547 -572.9375 596 -235.376022 -567.026367 596 -232.570801 -582.099243 600 -232.838547 -572.9375 596 -231.998749 -575.327148 596 -232.570801 -582.099243 600 -233.927094 -585.125 600 -232.838547 -572.9375 596 -236.146912 -587.878601 600 -233.927094 -585.125 596 -232.570801 -582.099243 596 -236.146912 -587.878601 600 -243.937485 -592.161499 600 -233.927094 -585.125 596 -241.598923 -591.936157 600 -243.937485 -592.161499 596 -236.146912 -587.878601 596 -251.622864 -592.387634 600 -243.937485 -592.161499 596 -241.598923 -591.936157 600 -259.098938 -588.098999 596 -251.622864 -592.387634 596 -258.764709 -589.173035 600 -243.937485 -592.161499 596 -251.622864 -592.387634 600 -259.098938 -588.098999 600 -259.098938 -588.098999 596 -261.729095 -585.693359 596 -263.928528 -579.262878 600 -259.098938 -588.098999 596 -258.764709 -589.173035 596 -261.729095 -585.693359 600 -263.161438 -572.9375 596 -263.928528 -579.262878 596 -260.498566 -567.244507 600 -259.098938 -588.098999 596 -263.928528 -579.262878 600 -263.161438 -572.9375 596 -164.49855 -567.244507 600 -156.062515 -561.838501 600 -167.161453 -572.9375 596 -155.946075 -561.236389 600 -156.062515 -561.838501 596 -164.49855 -567.244507 596 -148.826614 -561.062866 600 -156.062515 -561.838501 596 -155.946075 -561.236389 596 -148.826614 -561.062866 600 -143.875 -562.927124 600 -156.062515 -561.838501 596 -144.51355 -562.577271 600 -143.875 -562.927124 596 -148.826614 -561.062866 596 -139.376007 -567.026367 600 -143.875 -562.927124 596 -144.51355 -562.577271 596 -139.376007 -567.026367 600 -136.838547 -572.9375 600 -143.875 -562.927124 596 -135.998749 -575.327148 600 -136.838547 -572.9375 596 -139.376007 -567.026367 596 -136.570801 -582.099243 600 -136.838547 -572.9375 596 -135.998749 -575.327148 596 -136.570801 -582.099243 600 -137.927094 -585.125 600 -136.838547 -572.9375 596 -140.146912 -587.878601 600 -137.927094 -585.125 596 -136.570801 -582.099243 596 -140.146912 -587.878601 600 -147.9375 -592.161499 600 -137.927094 -585.125 596 -145.598923 -591.936157 600 -147.9375 -592.161499 596 -140.146912 -587.878601 596 -155.622864 -592.387634 600 -147.9375 -592.161499 596 -145.598923 -591.936157 600 -163.098953 -588.098999 596 -155.622864 -592.387634 596 -162.764709 -589.173035 600 -147.9375 -592.161499 596 -155.622864 -592.387634 600 -163.098953 -588.098999 600 -163.098953 -588.098999 596 -165.72908 -585.693359 596 -167.928543 -579.262878 600 -163.098953 -588.098999 596 -162.764709 -589.173035 596 -165.72908 -585.693359 600 -167.161453 -572.9375 596 -167.928543 -579.262878 596 -164.49855 -567.244507 600 -163.098953 -588.098999 596 -167.928543 -579.262878 600 -167.161453 -572.9375 608.174316 30.0939293 -602.251831 600 34.1147385 -596.696167 609.087158 35.7133598 -589.998657 608.174316 30.0939293 -602.251831 600 13.4729652 -614.016663 600 34.1147385 -596.696167 609.087158 19.0026855 -609.913574 600 13.4729652 -614.016663 608.174316 30.0939293 -602.251831 608.630737 -1.70543504 -615.339111 600 13.4729652 -614.016663 609.087158 19.0026855 -609.913574 608.630737 -1.70543504 -615.339111 600 -6.94593 -616.392334 600 13.4729652 -614.016663 608.630737 -1.70543504 -615.339111 600 -25.3208904 -607.17627 600 -6.94593 -616.392334 609.087158 -19.0026855 -609.913574 600 -25.3208904 -607.17627 608.630737 -1.70543504 -615.339111 608.174316 -30.0939293 -602.251831 600 -25.3208904 -607.17627 609.087158 -19.0026855 -609.913574 608.174316 -30.0939293 -602.251831 600 -38.7938499 -583.840393 600 -25.3208904 -607.17627 609.087158 -35.7133598 -589.998657 600 -38.7938499 -583.840393 608.174316 -30.0939293 -602.251831 608.630737 -37.4605179 -568.662964 600 -38.7938499 -583.840393 609.087158 -35.7133598 -589.998657 608.630737 -37.4605179 -568.662964 600 -34.1147385 -557.303833 600 -38.7938499 -583.840393 609.087158 -29.1137981 -552.570618 600 -34.1147385 -557.303833 608.630737 -37.4605179 -568.662964 609.087158 -29.1137981 -552.570618 600 -13.4729652 -539.983337 600 -34.1147385 -557.303833 608.630737 -11.5101671 -540.389709 600 -13.4729652 -539.983337 609.087158 -29.1137981 -552.570618 608.630737 -11.5101671 -540.389709 600 13.4729652 -539.983337 600 -13.4729652 -539.983337 609.087158 6.59956312 -539.572021 600 13.4729652 -539.983337 608.630737 -11.5101671 -540.389709 608.174316 19.6424198 -542.978333 600 13.4729652 -539.983337 609.087158 6.59956312 -539.572021 608.174316 19.6424198 -542.978333 600 34.1147385 -557.303833 600 13.4729652 -539.983337 609.087158 29.1137981 -552.570618 600 34.1147385 -557.303833 608.174316 19.6424198 -542.978333 608.630737 38.0528107 -572.022034 600 34.1147385 -557.303833 609.087158 29.1137981 -552.570618 608.630737 38.0528107 -572.022034 600 40 -577 600 34.1147385 -557.303833 608.630737 38.0528107 -572.022034 600 34.1147385 -596.696167 600 40 -577 609.087158 35.7133598 -589.998657 600 34.1147385 -596.696167 608.630737 38.0528107 -572.022034 559.258789 398.218048 -357.815399 455.174469 409.819305 -389.019135 455.174469 402.353943 -354.180725 564.263123 403.636292 -389.674164 455.174469 409.819305 -389.019135 559.258789 398.218048 -357.815399 450 398.31427 -359.177673 455.174469 -402.353943 -354.180725 455.174469 402.353943 -354.180725 450 -398.31427 -359.177673 455.174469 -402.353943 -354.180725 450 398.31427 -359.177673 455.174469 -409.819305 -389.019135 559.258789 -398.218048 -357.815399 455.174469 -402.353943 -354.180725 564.263123 -403.636292 -389.674225 559.258789 -398.218048 -357.815399 455.174469 -409.819305 -389.019135 560 -378.195526 -375.559906 560 -391.030579 -381.606903 560 -391.248932 -393.121704 560 -378.195526 -375.559906 560 -377.215271 -369.509705 560 -391.030579 -381.606903 560 -378.195526 -375.559906 560 -358.892365 -368.29483 560 -377.215271 -369.509705 560 -361.828339 -371.683502 560 -358.892365 -368.29483 560 -378.195526 -375.559906 560 -346.784821 -379.206909 560 -358.892365 -368.29483 560 -361.828339 -371.683502 560 -346.784821 -379.206909 560 -342.429138 -376.429108 560 -358.892365 -368.29483 560 -346.784821 -379.206909 560 -334.2948 -392.892395 560 -342.429138 -376.429108 560 -338.040375 -393.575134 560 -334.2948 -392.892395 560 -346.784821 -379.206909 560 -340.546875 -410.207306 560 -334.2948 -392.892395 560 -338.040375 -393.575134 560 -340.546875 -410.207306 560 -338.969421 -416.393097 560 -334.2948 -392.892395 560 -356.966278 -424.671356 560 -338.969421 -416.393097 560 -340.546875 -410.207306 560 -356.966278 -424.671356 560 -352.784729 -428.490295 560 -338.969421 -416.393097 560 -356.966278 -424.671356 560 -371.107635 -429.7052 560 -352.784729 -428.490295 560 -378.701935 -422.147705 560 -371.107635 -429.7052 560 -356.966278 -424.671356 560 -378.701935 -422.147705 560 -391.030579 -416.393097 560 -371.107635 -429.7052 560 -390.242615 -409.91153 560 -391.030579 -416.393097 560 -378.701935 -422.147705 560 -391.248932 -393.121704 560 -391.030579 -416.393097 560 -390.242615 -409.91153 560 -391.248932 -393.121704 560 -396.920044 -399 560 -391.030579 -416.393097 560 -391.030579 -381.606903 560 -396.920044 -399 560 -391.248932 -393.121704 455.174469 -409.819305 -613.980835 564.263123 -403.636292 -389.674225 455.174469 -409.819305 -389.019135 564.263123 -403.636292 -613.325806 564.263123 -403.636292 -389.674225 455.174469 -409.819305 -613.980835 560 -389.99942 -592.542358 560 -391.030579 -586.606873 560 -392.498413 -603.701111 560 -383.177887 -583.364746 560 -391.030579 -586.606873 560 -389.99942 -592.542358 560 -383.177887 -583.364746 560 -371.107635 -573.2948 560 -391.030579 -586.606873 560 -373.213196 -577.755127 560 -371.107635 -573.2948 560 -383.177887 -583.364746 560 -361.828339 -576.683472 560 -371.107635 -573.2948 560 -373.213196 -577.755127 560 -361.828339 -576.683472 560 -352.784729 -574.509705 560 -371.107635 -573.2948 560 -350.991943 -580.335144 560 -352.784729 -574.509705 560 -361.828339 -576.683472 560 -350.991943 -580.335144 560 -338.969421 -586.606873 560 -352.784729 -574.509705 560 -342.577667 -588.078674 560 -338.969421 -586.606873 560 -350.991943 -580.335144 560 -338.040375 -598.575134 560 -338.969421 -586.606873 560 -342.577667 -588.078674 560 -338.040375 -598.575134 560 -334.2948 -610.107666 560 -338.969421 -586.606873 560 -338.164673 -610.009583 560 -334.2948 -610.107666 560 -338.040375 -598.575134 560 -342.929047 -620.404968 560 -334.2948 -610.107666 560 -338.164673 -610.009583 560 -342.929047 -620.404968 560 -342.429138 -626.570862 560 -334.2948 -610.107666 560 -351.509674 -627.963745 560 -342.429138 -626.570862 560 -342.929047 -620.404968 560 -351.509674 -627.963745 560 -358.892365 -634.7052 560 -342.429138 -626.570862 560 -362.422913 -631.378967 560 -358.892365 -634.7052 560 -351.509674 -627.963745 560 -373.781738 -630.060181 560 -358.892365 -634.7052 560 -362.422913 -631.378967 560 -373.781738 -630.060181 560 -377.215271 -633.490295 560 -358.892365 -634.7052 560 -383.622131 -624.235291 560 -377.215271 -633.490295 560 -373.781738 -630.060181 560 -383.622131 -624.235291 560 -391.030579 -621.393066 560 -377.215271 -633.490295 560 -390.242615 -614.91156 560 -391.030579 -621.393066 560 -383.622131 -624.235291 560 -392.498413 -603.701111 560 -391.030579 -621.393066 560 -390.242615 -614.91156 560 -392.498413 -603.701111 560 -396.920044 -604 560 -391.030579 -621.393066 560 -391.030579 -586.606873 560 -396.920044 -604 560 -392.498413 -603.701111 559.258789 -398.218048 -645.184631 455.174469 -409.819305 -613.980835 455.174469 -402.353943 -648.819275 564.263123 -403.636292 -613.325806 455.174469 -409.819305 -613.980835 559.258789 -398.218048 -645.184631 450 -398.31427 -643.822327 455.174469 402.353943 -648.819275 455.174469 -402.353943 -648.819275 450 398.31427 -643.822327 455.174469 402.353943 -648.819275 450 -398.31427 -643.822327 455.174469 409.819305 -613.980835 559.258789 398.218048 -645.184631 455.174469 402.353943 -648.819275 564.263123 403.636292 -613.325867 559.258789 398.218048 -645.184631 455.174469 409.819305 -613.980835 560 340.00058 -592.542358 560 338.969421 -586.606873 560 337.501587 -603.701111 560 346.822113 -583.364746 560 338.969421 -586.606873 560 340.00058 -592.542358 560 346.822113 -583.364746 560 352.784729 -574.509705 560 338.969421 -586.606873 560 356.786804 -577.755127 560 352.784729 -574.509705 560 346.822113 -583.364746 560 356.786804 -577.755127 560 371.107635 -573.2948 560 352.784729 -574.509705 560 368.171661 -576.683472 560 371.107635 -573.2948 560 356.786804 -577.755127 560 379.008057 -580.335144 560 371.107635 -573.2948 560 368.171661 -576.683472 560 379.008057 -580.335144 560 391.030579 -586.606873 560 371.107635 -573.2948 560 387.422333 -588.078674 560 391.030579 -586.606873 560 379.008057 -580.335144 560 391.959595 -598.575134 560 391.030579 -586.606873 560 387.422333 -588.078674 560 391.959595 -598.575134 560 396.920044 -604 560 391.030579 -586.606873 560 391.835327 -610.009583 560 396.920044 -604 560 391.959595 -598.575134 560 391.835327 -610.009583 560 391.030579 -621.393066 560 396.920044 -604 560 387.070953 -620.404968 560 391.030579 -621.393066 560 391.835327 -610.009583 560 378.490326 -627.963745 560 391.030579 -621.393066 560 387.070953 -620.404968 560 378.490326 -627.963745 560 377.215271 -633.490295 560 391.030579 -621.393066 560 367.577087 -631.378967 560 377.215271 -633.490295 560 378.490326 -627.963745 560 367.577087 -631.378967 560 358.892365 -634.7052 560 377.215271 -633.490295 560 356.218262 -630.060181 560 358.892365 -634.7052 560 367.577087 -631.378967 560 346.377869 -624.235291 560 358.892365 -634.7052 560 356.218262 -630.060181 560 346.377869 -624.235291 560 342.429138 -626.570862 560 358.892365 -634.7052 560 339.757385 -614.91156 560 342.429138 -626.570862 560 346.377869 -624.235291 560 339.757385 -614.91156 560 334.2948 -610.107666 560 342.429138 -626.570862 560 337.501587 -603.701111 560 334.2948 -610.107666 560 339.757385 -614.91156 560 338.969421 -586.606873 560 334.2948 -610.107666 560 337.501587 -603.701111 455.174469 409.819305 -389.019135 564.263123 403.636292 -613.325867 455.174469 409.819305 -613.980835 564.263123 403.636292 -389.674164 564.263123 403.636292 -613.325867 455.174469 409.819305 -389.019135 560 338.751068 -393.121704 560 342.429138 -376.429108 560 334.2948 -392.892395 560 351.804474 -375.559906 560 342.429138 -376.429108 560 338.751068 -393.121704 560 351.804474 -375.559906 560 358.892365 -368.29483 560 342.429138 -376.429108 560 368.171661 -371.683502 560 358.892365 -368.29483 560 351.804474 -375.559906 560 368.171661 -371.683502 560 377.215271 -369.509705 560 358.892365 -368.29483 560 383.215179 -379.206909 560 377.215271 -369.509705 560 368.171661 -371.683502 560 383.215179 -379.206909 560 391.030579 -381.606903 560 377.215271 -369.509705 560 391.959595 -393.575134 560 391.030579 -381.606903 560 383.215179 -379.206909 560 391.959595 -393.575134 560 396.920044 -399 560 391.030579 -381.606903 560 389.453125 -410.207306 560 396.920044 -399 560 391.959595 -393.575134 560 389.453125 -410.207306 560 391.030579 -416.393097 560 396.920044 -399 560 373.033722 -424.671356 560 391.030579 -416.393097 560 389.453125 -410.207306 560 373.033722 -424.671356 560 371.107635 -429.7052 560 391.030579 -416.393097 560 351.298065 -422.147705 560 371.107635 -429.7052 560 373.033722 -424.671356 560 351.298065 -422.147705 560 352.784729 -428.490295 560 371.107635 -429.7052 560 351.298065 -422.147705 560 338.969421 -416.393097 560 352.784729 -428.490295 560 339.757385 -409.91153 560 338.969421 -416.393097 560 351.298065 -422.147705 560 338.751068 -393.121704 560 338.969421 -416.393097 560 339.757385 -409.91153 560 338.751068 -393.121704 560 334.2948 -392.892395 560 338.969421 -416.393097 596 -260.306274 -567.394592 596 -260.498566 -567.244507 596 -263.928528 -579.262878 596 -247.318726 -561.766296 596 -260.498566 -567.244507 596 -260.306274 -567.394592 596 -247.318726 -561.766296 596 -251.946075 -561.236389 596 -260.498566 -567.244507 596 -247.318726 -561.766296 596 -244.826599 -561.062866 596 -251.946075 -561.236389 596 -247.318726 -561.766296 596 -240.51355 -562.577271 596 -244.826599 -561.062866 596 -247.318726 -561.766296 596 -235.376022 -567.026367 596 -240.51355 -562.577271 596 -235.570221 -567.17981 596 -235.376022 -567.026367 596 -247.318726 -561.766296 596 -235.570221 -567.17981 596 -231.998749 -575.327148 596 -235.376022 -567.026367 596 -233.026382 -579.694946 596 -231.998749 -575.327148 596 -235.570221 -567.17981 596 -233.026382 -579.694946 596 -232.570801 -582.099243 596 -231.998749 -575.327148 596 -233.026382 -579.694946 596 -236.146912 -587.878601 596 -232.570801 -582.099243 596 -239.77417 -590.537781 596 -236.146912 -587.878601 596 -233.026382 -579.694946 596 -239.77417 -590.537781 596 -241.598923 -591.936157 596 -236.146912 -587.878601 596 -251.567123 -592.150879 596 -241.598923 -591.936157 596 -239.77417 -590.537781 596 -251.567123 -592.150879 596 -251.622864 -592.387634 596 -241.598923 -591.936157 596 -251.567123 -592.150879 596 -258.764709 -589.173035 596 -251.622864 -592.387634 596 -261.870972 -583.250366 596 -258.764709 -589.173035 596 -251.567123 -592.150879 596 -261.870972 -583.250366 596 -261.729095 -585.693359 596 -258.764709 -589.173035 596 -261.870972 -583.250366 596 -263.928528 -579.262878 596 -261.729095 -585.693359 596 -263.928528 -579.262878 596 -261.870972 -583.250366 596 -260.306274 -567.394592 596 -164.306274 -567.394592 596 -164.49855 -567.244507 596 -167.928543 -579.262878 596 -151.318726 -561.766296 596 -164.49855 -567.244507 596 -164.306274 -567.394592 596 -151.318726 -561.766296 596 -155.946075 -561.236389 596 -164.49855 -567.244507 596 -151.318726 -561.766296 596 -148.826614 -561.062866 596 -155.946075 -561.236389 596 -151.318726 -561.766296 596 -144.51355 -562.577271 596 -148.826614 -561.062866 596 -151.318726 -561.766296 596 -139.376007 -567.026367 596 -144.51355 -562.577271 596 -139.570236 -567.17981 596 -139.376007 -567.026367 596 -151.318726 -561.766296 596 -139.570236 -567.17981 596 -135.998749 -575.327148 596 -139.376007 -567.026367 596 -137.026398 -579.694946 596 -135.998749 -575.327148 596 -139.570236 -567.17981 596 -137.026398 -579.694946 596 -136.570801 -582.099243 596 -135.998749 -575.327148 596 -137.026398 -579.694946 596 -140.146912 -587.878601 596 -136.570801 -582.099243 596 -143.77417 -590.537781 596 -140.146912 -587.878601 596 -137.026398 -579.694946 596 -143.77417 -590.537781 596 -145.598923 -591.936157 596 -140.146912 -587.878601 596 -155.567123 -592.150879 596 -145.598923 -591.936157 596 -143.77417 -590.537781 596 -155.567123 -592.150879 596 -155.622864 -592.387634 596 -145.598923 -591.936157 596 -155.567123 -592.150879 596 -162.764709 -589.173035 596 -155.622864 -592.387634 596 -165.870972 -583.250366 596 -162.764709 -589.173035 596 -155.567123 -592.150879 596 -165.870972 -583.250366 596 -165.72908 -585.693359 596 -162.764709 -589.173035 596 -165.870972 -583.250366 596 -167.928543 -579.262878 596 -165.72908 -585.693359 596 -167.928543 -579.262878 596 -165.870972 -583.250366 596 -164.306274 -567.394592 609.087158 -35.7133598 -589.998657 608.174316 -30.0939293 -602.251831 609.087158 -19.0026855 -609.913574 609.087158 29.1137981 -552.570618 608.174316 19.6424198 -542.978333 609.087158 6.59956312 -539.572021 609.087158 19.0026855 -609.913574 608.174316 30.0939293 -602.251831 609.087158 35.7133598 -589.998657 455.174469 409.819305 -389.019135 450 398.31427 -359.177673 455.174469 402.353943 -354.180725 450 404.822357 -389.548523 450 398.31427 -359.177673 455.174469 409.819305 -389.019135 450 -404.822357 -613.451477 450 -408.821899 -614.000488 450 -398.31427 -643.822327 450 -410 -389 450 -404.822357 -389.548523 450 -398.31427 -359.177673 450 -410 -389 450 -404.822357 -613.451477 450 -404.822357 -389.548523 450 -408.821899 -614.000488 450 -404.822357 -613.451477 450 -410 -389 450 -398.31427 -359.177673 450 -403.828552 -354 450 -410 -389 450 -398.31427 -359.177673 450 403.828552 -354 450 -403.828552 -354 450 398.31427 -359.177673 450 403.828552 -354 450 -398.31427 -359.177673 450 398.31427 -359.177673 450 410 -389 450 403.828552 -354 450 404.822357 -389.548523 450 410 -389 450 398.31427 -359.177673 450 404.822357 -613.451477 450 410 -389 450 404.822357 -389.548523 450 404.822357 -613.451477 450 408.821899 -614.000488 450 410 -389 450 398.31427 -643.822327 450 408.821899 -614.000488 450 404.822357 -613.451477 450 398.31427 -643.822327 450 402.138641 -649 450 408.821899 -614.000488 450 -398.31427 -643.822327 450 402.138641 -649 450 398.31427 -643.822327 450 -398.31427 -643.822327 450 -402.138641 -649 450 402.138641 -649 450 -408.821899 -614.000488 450 -402.138641 -649 450 -398.31427 -643.822327 450 -398.31427 -359.177673 455.174469 -409.819305 -389.019135 455.174469 -402.353943 -354.180725 450 -404.822357 -389.548523 455.174469 -409.819305 -389.019135 450 -398.31427 -359.177673 563.799988 -339.509369 -407.589844 560 -340.546875 -410.207306 560 -338.040375 -393.575134 563.799988 -354.326935 -423.690979 560 -340.546875 -410.207306 563.799988 -339.509369 -407.589844 563.799988 -354.326935 -423.690979 560 -356.966278 -424.671356 560 -340.546875 -410.207306 567.173096 -368.745056 -424.109344 560 -356.966278 -424.671356 563.799988 -354.326935 -423.690979 567.173096 -368.745056 -424.109344 560 -378.701935 -422.147705 560 -356.966278 -424.671356 567.173096 -380.17688 -419.166595 560 -378.701935 -422.147705 567.173096 -368.745056 -424.109344 560 -390.242615 -409.91153 560 -378.701935 -422.147705 567.173096 -380.17688 -419.166595 563.799988 -391.719574 -395.897675 560 -391.248932 -393.121704 560 -390.242615 -409.91153 563.799988 -380.573395 -377.067627 560 -391.248932 -393.121704 563.799988 -391.719574 -395.897675 563.799988 -380.573395 -377.067627 560 -378.195526 -375.559906 560 -391.248932 -393.121704 560 -361.828339 -371.683502 560 -378.195526 -375.559906 563.799988 -380.573395 -377.067627 567.173096 -354.113037 -375.981842 560 -346.784821 -379.206909 560 -361.828339 -371.683502 455.174469 -409.819305 -613.980835 450 -404.822357 -389.548523 450 -404.822357 -613.451477 455.174469 -409.819305 -389.019135 450 -404.822357 -389.548523 455.174469 -409.819305 -613.980835 455.174469 -409.819305 -613.980835 450 -398.31427 -643.822327 455.174469 -402.353943 -648.819275 450 -404.822357 -613.451477 450 -398.31427 -643.822327 455.174469 -409.819305 -613.980835 450 398.31427 -643.822327 455.174469 409.819305 -613.980835 455.174469 402.353943 -648.819275 450 404.822357 -613.451477 455.174469 409.819305 -613.980835 450 398.31427 -643.822327 450 404.822357 -613.451477 455.174469 409.819305 -389.019135 455.174469 409.819305 -613.980835 450 404.822357 -389.548523 455.174469 409.819305 -389.019135 450 404.822357 -613.451477 563.799988 390.490631 -407.589844 560 389.453125 -410.207306 560 391.959595 -393.575134 563.799988 375.673065 -423.690979 560 389.453125 -410.207306 563.799988 390.490631 -407.589844 563.799988 375.673065 -423.690979 560 373.033722 -424.671356 560 389.453125 -410.207306 567.173096 361.254944 -424.109344 560 373.033722 -424.671356 563.799988 375.673065 -423.690979 567.173096 361.254944 -424.109344 560 351.298065 -422.147705 560 373.033722 -424.671356 567.173096 349.82312 -419.166595 560 351.298065 -422.147705 567.173096 361.254944 -424.109344 560 339.757385 -409.91153 560 351.298065 -422.147705 567.173096 349.82312 -419.166595 563.799988 338.280426 -395.897675 560 338.751068 -393.121704 560 339.757385 -409.91153 563.799988 349.426605 -377.067627 560 338.751068 -393.121704 563.799988 338.280426 -395.897675 563.799988 349.426605 -377.067627 560 351.804474 -375.559906 560 338.751068 -393.121704 560 368.171661 -371.683502 560 351.804474 -375.559906 563.799988 349.426605 -377.067627 567.173096 375.886963 -375.981842 560 383.215179 -379.206909 560 368.171661 -371.683502 600 -235.148087 -568.416321 596 -247.318726 -561.766296 600 -249.007721 -561.578064 600 -235.148087 -568.416321 596 -235.570221 -567.17981 596 -247.318726 -561.766296 600 -235.148087 -568.416321 596 -233.026382 -579.694946 596 -235.570221 -567.17981 600 -234.140366 -583.838257 596 -233.026382 -579.694946 600 -235.148087 -568.416321 600 -234.140366 -583.838257 596 -239.77417 -590.537781 596 -233.026382 -579.694946 600 -242.859985 -592.151917 596 -239.77417 -590.537781 600 -234.140366 -583.838257 600 -242.859985 -592.151917 596 -251.567123 -592.150879 596 -239.77417 -590.537781 600 -254.838257 -590.859619 596 -251.567123 -592.150879 600 -242.859985 -592.151917 600 -254.838257 -590.859619 596 -261.870972 -583.250366 596 -251.567123 -592.150879 600 -263.151917 -582.140015 596 -261.870972 -583.250366 600 -254.838257 -590.859619 600 -261.859619 -570.161743 596 -261.870972 -583.250366 600 -263.151917 -582.140015 600 -261.859619 -570.161743 596 -260.306274 -567.394592 596 -261.870972 -583.250366 600 -249.007721 -561.578064 596 -260.306274 -567.394592 600 -261.859619 -570.161743 600 -249.007721 -561.578064 596 -247.318726 -561.766296 596 -260.306274 -567.394592 600 -139.148087 -568.416321 596 -151.318726 -561.766296 600 -153.007721 -561.578064 600 -139.148087 -568.416321 596 -139.570236 -567.17981 596 -151.318726 -561.766296 600 -139.148087 -568.416321 596 -137.026398 -579.694946 596 -139.570236 -567.17981 600 -138.14035 -583.838257 596 -137.026398 -579.694946 600 -139.148087 -568.416321 600 -138.14035 -583.838257 596 -143.77417 -590.537781 596 -137.026398 -579.694946 600 -146.859985 -592.151917 596 -143.77417 -590.537781 600 -138.14035 -583.838257 600 -146.859985 -592.151917 596 -155.567123 -592.150879 596 -143.77417 -590.537781 600 -158.838257 -590.859619 596 -155.567123 -592.150879 600 -146.859985 -592.151917 600 -158.838257 -590.859619 596 -165.870972 -583.250366 596 -155.567123 -592.150879 600 -167.151917 -582.140015 596 -165.870972 -583.250366 600 -158.838257 -590.859619 600 -165.85965 -570.161743 596 -165.870972 -583.250366 600 -167.151917 -582.140015 600 -165.85965 -570.161743 596 -164.306274 -567.394592 596 -165.870972 -583.250366 600 -153.007721 -561.578064 596 -164.306274 -567.394592 600 -165.85965 -570.161743 600 -153.007721 -561.578064 596 -151.318726 -561.766296 596 -164.306274 -567.394592 450 -402.138641 -649 283.013275 -367.271179 -649 296.335419 -338.099823 -649 263.886353 -382.303833 -649 283.013275 -367.271179 -649 450 -402.138641 -649 0 -402.138641 -649 209.229584 -377.87973 -649 240 -386.914703 -649 450 -402.138641 -649 295.170837 -313.800385 -649 283.013275 -292.72876 -649 450 -402.138641 -649 296.335419 -338.099823 -649 295.170837 -313.800385 -649 450 402.138641 -649 270.770416 377.87973 -649 240 386.914703 -649 291.771454 353.643219 -649 270.770416 377.87973 -649 450 402.138641 -649 450 402.138641 -649 297.5 330 -649 291.771454 353.643219 -649 291.771454 306.356781 -649 297.5 330 -649 450 402.138641 -649 183.664597 338.099823 -649 19.4188404 325.213684 -649 17.1945248 339.024353 -649 188.228531 306.356781 -649 19.4188404 325.213684 -649 183.664597 338.099823 -649 11.0311537 314.018646 -649 188.228531 306.356781 -649 202.345505 286.544403 -649 19.4188404 325.213684 -649 188.228531 306.356781 -649 11.0311537 314.018646 -649 223.965256 -275.390686 -649 8.41506195 -3.41506195 -649 256.034729 -275.390686 -649 202.345505 -286.544403 -649 8.41506195 -3.41506195 -649 223.965256 -275.390686 -649 -2.41072989 310.145813 -649 -8.41506195 3.41506195 -649 -14.5352049 317.122925 -649 -2.41072989 310.145813 -649 3.41506195 8.41506195 -649 -8.41506195 3.41506195 -649 11.0311537 314.018646 -649 3.41506195 8.41506195 -649 -2.41072989 310.145813 -649 202.345505 286.544403 -649 3.41506195 8.41506195 -649 11.0311537 314.018646 -649 223.965256 275.390686 -649 3.41506195 8.41506195 -649 202.345505 286.544403 -649 283.013275 -292.72876 -649 277.65448 286.544403 -649 450 -402.138641 -649 283.013275 -292.72876 -649 256.034729 275.390686 -649 277.65448 286.544403 -649 256.034729 -275.390686 -649 256.034729 275.390686 -649 283.013275 -292.72876 -649 8.41506195 -3.41506195 -649 256.034729 275.390686 -649 256.034729 -275.390686 -649 8.41506195 -3.41506195 -649 223.965256 275.390686 -649 256.034729 275.390686 -649 3.41506195 8.41506195 -649 223.965256 275.390686 -649 8.41506195 -3.41506195 -649 183.664597 -338.099823 -649 15.7397451 -310.012268 -649 188.228531 -306.356781 -649 183.664597 -338.099823 -649 19.0096893 -344.338837 -649 15.7397451 -310.012268 -649 191.627914 -361.086853 -649 19.0096893 -344.338837 -649 183.664597 -338.099823 -649 0 -402.138641 -649 191.627914 -361.086853 -649 209.229584 -377.87973 -649 0 -402.138641 -649 19.0096893 -344.338837 -649 191.627914 -361.086853 -649 12.4698 -355.636627 -649 19.0096893 -344.338837 -649 0 -402.138641 -649 450 -402.138641 -649 240 -386.914703 -649 263.886353 -382.303833 -649 0 -402.138641 -649 240 -386.914703 -649 450 -402.138641 -649 450 402.138641 -649 277.65448 286.544403 -649 291.771454 306.356781 -649 450 -402.138641 -649 277.65448 286.544403 -649 450 402.138641 -649 -22.512619 400.874329 -649 216.113647 382.303833 -649 196.98671 367.271179 -649 -22.512619 400.874329 -649 240 386.914703 -649 216.113647 382.303833 -649 450 402.138641 -649 240 386.914703 -649 -22.512619 400.874329 -649 17.1945248 339.024353 -649 196.98671 367.271179 -649 183.664597 338.099823 -649 17.1945248 339.024353 -649 -22.512619 400.874329 -649 196.98671 367.271179 -649 7.09210014 348.700348 -649 -22.512619 400.874329 -649 17.1945248 339.024353 -649 -6.88601017 348.156921 -649 -22.512619 400.874329 -649 7.09210014 348.700348 -649 -18.8545609 334.647217 -649 -22.512619 400.874329 -649 -6.88601017 348.156921 -649 -18.8545609 334.647217 -649 -89.4842606 392.056183 -649 -22.512619 400.874329 -649 -18.8545609 334.647217 -649 -153.649689 370.943146 -649 -89.4842606 392.056183 -649 -14.5352049 317.122925 -649 -153.649689 370.943146 -649 -18.8545609 334.647217 -649 -14.5352049 317.122925 -649 -232.339996 327.452576 -649 -153.649689 370.943146 -649 -273.664581 -8.09980965 -649 -3.41506195 -8.41506195 -649 -286.986725 -37.271225 -649 -273.664581 -8.09980965 -649 -8.41506195 3.41506195 -649 -3.41506195 -8.41506195 -649 -278.228546 23.6432362 -649 -8.41506195 3.41506195 -649 -273.664581 -8.09980965 -649 -292.34552 43.4556007 -649 -8.41506195 3.41506195 -649 -278.228546 23.6432362 -649 -299.379822 267.542145 -649 -8.41506195 3.41506195 -649 -292.34552 43.4556007 -649 -299.379822 267.542145 -649 -14.5352049 317.122925 -649 -8.41506195 3.41506195 -649 -232.339996 327.452576 -649 -14.5352049 317.122925 -649 -299.379822 267.542145 -649 -292.34552 43.4556007 -649 -351.407471 194.216049 -649 -299.379822 267.542145 -649 -313.965271 54.6092834 -649 -351.407471 194.216049 -649 -292.34552 43.4556007 -649 -313.965271 54.6092834 -649 -385.814056 111.151123 -649 -351.407471 194.216049 -649 -346.034729 54.6092834 -649 -385.814056 111.151123 -649 -313.965271 54.6092834 -649 -373.013306 37.271225 -649 -385.814056 111.151123 -649 -346.034729 54.6092834 -649 -373.013306 37.271225 -649 -400.874329 22.512619 -649 -385.814056 111.151123 -649 -385.170868 16.1996193 -649 -400.874329 22.512619 -649 -373.013306 37.271225 -649 -386.335449 -8.09980965 -649 -400.874329 22.512619 -649 -385.170868 16.1996193 -649 -386.335449 -8.09980965 -649 -395.83313 -67.2547531 -649 -400.874329 22.512619 -649 -373.013306 -37.271225 -649 -395.83313 -67.2547531 -649 -386.335449 -8.09980965 -649 -353.886383 -52.3038406 -649 -395.83313 -67.2547531 -649 -373.013306 -37.271225 -649 -330 -56.9147301 -649 -395.83313 -67.2547531 -649 -353.886383 -52.3038406 -649 -330 -56.9147301 -649 -370.943146 -153.649689 -649 -395.83313 -67.2547531 -649 -306.113647 -52.3038406 -649 -370.943146 -153.649689 -649 -330 -56.9147301 -649 -306.113647 -52.3038406 -649 -327.452576 -232.339996 -649 -370.943146 -153.649689 -649 -286.986725 -37.271225 -649 -327.452576 -232.339996 -649 -306.113647 -52.3038406 -649 15.7397451 -310.012268 -649 202.345505 -286.544403 -649 188.228531 -306.356781 -649 15.7397451 -310.012268 -649 8.41506195 -3.41506195 -649 202.345505 -286.544403 -649 0 -300.501434 -649 8.41506195 -3.41506195 -649 15.7397451 -310.012268 -649 0 -300.501434 -649 -3.41506195 -8.41506195 -649 8.41506195 -3.41506195 -649 -12.4698 -304.363373 -649 -3.41506195 -8.41506195 -649 0 -300.501434 -649 -267.542145 -299.379822 -649 -3.41506195 -8.41506195 -649 -12.4698 -304.363373 -649 -267.542145 -299.379822 -649 -286.986725 -37.271225 -649 -3.41506195 -8.41506195 -649 -327.452576 -232.339996 -649 -286.986725 -37.271225 -649 -267.542145 -299.379822 -649 -12.4698 -304.363373 -649 -194.216049 -351.407471 -649 -267.542145 -299.379822 -649 -19.0096893 -315.661163 -649 -194.216049 -351.407471 -649 -12.4698 -304.363373 -649 -19.0096893 -315.661163 -649 -111.151123 -385.814056 -649 -194.216049 -351.407471 -649 -111.151123 -385.814056 -649 -19.0096893 -315.661163 -649 -15.7397451 -349.987732 -649 -45.025238 -399.610077 -649 -15.7397451 -349.987732 -649 0 -359.498566 -649 -111.151123 -385.814056 -649 -15.7397451 -349.987732 -649 -45.025238 -399.610077 -649 0 -402.138641 -649 0 -359.498566 -649 12.4698 -355.636627 -649 -45.025238 -399.610077 -649 0 -359.498566 -649 0 -402.138641 -649 -22.1007118 407.623627 -614.000488 450 402.138641 -649 -22.512619 400.874329 -649 450 408.821899 -614.000488 450 402.138641 -649 -22.1007118 407.623627 -614.000488 450 410 -389 -22.1007118 407.623627 -614.000488 -22.1644001 408.798279 -389 450 408.821899 -614.000488 -22.1007118 407.623627 -614.000488 450 410 -389 -22.1644001 408.798279 -389 450 403.828552 -354 450 410 -389 0 403.828552 -354 450 403.828552 -354 -22.1644001 408.798279 -389 398.948364 59.1783943 -354 402.827789 -19.7896595 -354 450 403.828552 -354 450 403.828552 -354 379.737549 135.872253 -354 398.948364 59.1783943 -354 450 403.828552 -354 345.933594 207.34462 -354 379.737549 135.872253 -354 312.141632 256.167999 -354 345.933594 207.34462 -354 450 403.828552 -354 450 403.828552 -354 270.848877 298.835663 -354 312.141632 256.167999 -354 207.34462 345.933594 -354 270.848877 298.835663 -354 450 403.828552 -354 450 403.828552 -354 135.872253 379.737549 -354 207.34462 345.933594 -354 78.7774734 -396.041107 -354 19.7896595 -402.827789 -354 450 -403.828552 -354 450 -403.828552 -354 135.872253 -379.737549 -354 78.7774734 -396.041107 -354 207.34462 -345.933594 -354 135.872253 -379.737549 -354 450 -403.828552 -354 450 -403.828552 -354 256.167999 -312.141632 -354 207.34462 -345.933594 -354 298.835663 -270.848877 -354 256.167999 -312.141632 -354 450 -403.828552 -354 450 -403.828552 -354 345.933594 -207.34462 -354 298.835663 -270.848877 -354 450 -403.828552 -354 379.737549 -135.872253 -354 345.933594 -207.34462 -354 396.041107 -78.7774734 -354 379.737549 -135.872253 -354 450 -403.828552 -354 -398.948364 59.1783943 -354 -401.884003 39.582119 -354 -403.828552 0 -354 -398.948364 59.1783943 -354 -401.289368 45.214447 -354 -401.884003 39.582119 -354 -398.948364 59.1783943 -354 -396.069092 78.7830429 -354 -401.289368 45.214447 -354 -398.948364 59.1783943 -354 -393.703735 89.8603058 -354 -396.069092 78.7830429 -354 -379.737549 135.872253 -354 -393.703735 89.8603058 -354 -398.948364 59.1783943 -354 -379.737549 135.872253 -354 -386.439819 117.225235 -354 -393.703735 89.8603058 -354 -379.737549 135.872253 -354 -381.167023 133.376129 -354 -386.439819 117.225235 -354 -379.737549 135.872253 -354 -373.088959 154.538498 -354 -381.167023 133.376129 -354 -379.737549 135.872253 -354 -363.836975 175.21463 -354 -373.088959 154.538498 -354 -345.933594 207.34462 -354 -363.836975 175.21463 -354 -379.737549 135.872253 -354 -345.933594 207.34462 -354 -356.144989 190.363464 -354 -363.836975 175.21463 -354 -345.933594 207.34462 -354 -341.931427 214.849762 -354 -356.144989 190.363464 -354 -345.933594 207.34462 -354 -335.771179 224.355118 -354 -341.931427 214.849762 -354 -345.933594 207.34462 -354 -315.725891 251.78299 -354 -335.771179 224.355118 -354 -298.835663 270.848877 -354 -315.725891 251.78299 -354 -345.933594 207.34462 -354 -298.835663 270.848877 -354 -312.163696 256.186127 -354 -315.725891 251.78299 -354 -298.835663 270.848877 -354 -285.549896 285.549896 -354 -312.163696 256.186127 -354 -256.167999 312.141632 -354 -285.549896 285.549896 -354 -298.835663 270.848877 -354 -256.167999 312.141632 -354 -256.186127 312.163696 -354 -285.549896 285.549896 -354 -256.167999 312.141632 -354 -251.78299 315.725891 -354 -256.186127 312.163696 -354 -207.34462 345.933594 -354 -251.78299 315.725891 -354 -256.167999 312.141632 -354 -207.34462 345.933594 -354 -224.355118 335.771179 -354 -251.78299 315.725891 -354 -207.34462 345.933594 -354 -214.849762 341.931427 -354 -224.355118 335.771179 -354 -207.34462 345.933594 -354 -190.363464 356.144989 -354 -214.849762 341.931427 -354 -207.34462 345.933594 -354 -175.21463 363.836975 -354 -190.363464 356.144989 -354 -135.872253 379.737549 -354 -175.21463 363.836975 -354 -207.34462 345.933594 -354 -135.872253 379.737549 -354 -154.538498 373.088959 -354 -175.21463 363.836975 -354 -135.872253 379.737549 -354 -133.376129 381.167023 -354 -154.538498 373.088959 -354 -135.872253 379.737549 -354 -117.225235 386.439819 -354 -133.376129 381.167023 -354 -135.872253 379.737549 -354 -89.8603058 393.703735 -354 -117.225235 386.439819 -354 -78.7774734 396.041107 -354 -89.8603058 393.703735 -354 -135.872253 379.737549 -354 -78.7774734 396.041107 -354 -78.7830429 396.069092 -354 -89.8603058 393.703735 -354 -78.7774734 396.041107 -354 -45.214447 401.289368 -354 -78.7830429 396.069092 -354 -19.7896595 402.827789 -354 -45.214447 401.289368 -354 -78.7774734 396.041107 -354 -19.7896595 402.827789 -354 -39.582119 401.884003 -354 -45.214447 401.289368 -354 -19.7896595 402.827789 -354 0 403.828552 -354 -39.582119 401.884003 -354 59.1783943 398.948364 -354 0 403.828552 -354 -19.7896595 402.827789 -354 450 403.828552 -354 59.1783943 398.948364 -354 135.872253 379.737549 -354 0 403.828552 -354 59.1783943 398.948364 -354 450 403.828552 -354 450 -403.828552 -354 402.827789 -19.7896595 -354 396.041107 -78.7774734 -354 450 403.828552 -354 402.827789 -19.7896595 -354 450 -403.828552 -354 -403.828552 0 -354 -402.827789 -19.7896595 -354 -398.948364 59.1783943 -354 -401.884003 -39.582119 -354 -402.827789 -19.7896595 -354 -403.828552 0 -354 -401.289368 -45.214447 -354 -402.827789 -19.7896595 -354 -401.884003 -39.582119 -354 -401.289368 -45.214447 -354 -396.041107 -78.7774734 -354 -402.827789 -19.7896595 -354 -396.069092 -78.7830429 -354 -396.041107 -78.7774734 -354 -401.289368 -45.214447 -354 -393.703735 -89.8603058 -354 -396.041107 -78.7774734 -354 -396.069092 -78.7830429 -354 -393.703735 -89.8603058 -354 -379.737549 -135.872253 -354 -396.041107 -78.7774734 -354 -386.439819 -117.225235 -354 -379.737549 -135.872253 -354 -393.703735 -89.8603058 -354 -381.167023 -133.376129 -354 -379.737549 -135.872253 -354 -386.439819 -117.225235 -354 -373.088959 -154.538498 -354 -379.737549 -135.872253 -354 -381.167023 -133.376129 -354 -363.836975 -175.21463 -354 -379.737549 -135.872253 -354 -373.088959 -154.538498 -354 -363.836975 -175.21463 -354 -345.933594 -207.34462 -354 -379.737549 -135.872253 -354 -356.144989 -190.363464 -354 -345.933594 -207.34462 -354 -363.836975 -175.21463 -354 -341.931427 -214.849762 -354 -345.933594 -207.34462 -354 -356.144989 -190.363464 -354 -335.771179 -224.355118 -354 -345.933594 -207.34462 -354 -341.931427 -214.849762 -354 -315.725891 -251.78299 -354 -345.933594 -207.34462 -354 -335.771179 -224.355118 -354 -315.725891 -251.78299 -354 -312.141632 -256.167999 -354 -345.933594 -207.34462 -354 -312.163696 -256.186127 -354 -312.141632 -256.167999 -354 -315.725891 -251.78299 -354 -312.163696 -256.186127 -354 -270.848877 -298.835663 -354 -312.141632 -256.167999 -354 -270.868011 -298.856812 -354 -270.848877 -298.835663 -354 -312.163696 -256.186127 -354 -251.78299 -315.725891 -354 -270.848877 -298.835663 -354 -270.868011 -298.856812 -354 -251.78299 -315.725891 -354 -207.34462 -345.933594 -354 -270.848877 -298.835663 -354 -224.355118 -335.771179 -354 -207.34462 -345.933594 -354 -251.78299 -315.725891 -354 -214.849762 -341.931427 -354 -207.34462 -345.933594 -354 -224.355118 -335.771179 -354 -190.363464 -356.144989 -354 -207.34462 -345.933594 -354 -214.849762 -341.931427 -354 -175.21463 -363.836975 -354 -207.34462 -345.933594 -354 -190.363464 -356.144989 -354 -175.21463 -363.836975 -354 -135.872253 -379.737549 -354 -207.34462 -345.933594 -354 -154.538498 -373.088959 -354 -135.872253 -379.737549 -354 -175.21463 -363.836975 -354 -133.376129 -381.167023 -354 -135.872253 -379.737549 -354 -154.538498 -373.088959 -354 -117.225235 -386.439819 -354 -135.872253 -379.737549 -354 -133.376129 -381.167023 -354 -89.8603058 -393.703735 -354 -135.872253 -379.737549 -354 -117.225235 -386.439819 -354 -89.8603058 -393.703735 -354 -59.1783943 -398.948364 -354 -135.872253 -379.737549 -354 -78.7830429 -396.069092 -354 -59.1783943 -398.948364 -354 -89.8603058 -393.703735 -354 -45.214447 -401.289368 -354 -59.1783943 -398.948364 -354 -78.7830429 -396.069092 -354 -39.582119 -401.884003 -354 -59.1783943 -398.948364 -354 -45.214447 -401.289368 -354 -39.582119 -401.884003 -354 19.7896595 -402.827789 -354 -59.1783943 -398.948364 -354 0 -403.828552 -354 19.7896595 -402.827789 -354 -39.582119 -401.884003 -354 450 -403.828552 -354 19.7896595 -402.827789 -354 0 -403.828552 -354 450 -410 -389 0 -403.828552 -354 -22.1644001 -408.798279 -389 450 -403.828552 -354 0 -403.828552 -354 450 -410 -389 -22.1007118 -407.623627 -614.000488 450 -410 -389 -22.1644001 -408.798279 -389 450 -408.821899 -614.000488 450 -410 -389 -22.1007118 -407.623627 -614.000488 0 -402.138641 -649 450 -408.821899 -614.000488 -22.1007118 -407.623627 -614.000488 450 -402.138641 -649 450 -408.821899 -614.000488 0 -402.138641 -649 560 -338.040375 -393.575134 560 -346.784821 -379.206909 573.273071 -348.404694 -387.368286 570.546082 -342.789886 -404.898376 560 -338.040375 -393.575134 573.273071 -348.404694 -387.368286 563.799988 -339.509369 -407.589844 560 -338.040375 -393.575134 570.546082 -342.789886 -404.898376 573.273071 -353.368286 -415.595337 563.799988 -339.509369 -407.589844 570.546082 -342.789886 -404.898376 563.799988 -354.326935 -423.690979 563.799988 -339.509369 -407.589844 573.273071 -353.368286 -415.595337 576 -361.312622 -388.057587 573.273071 -348.404694 -387.368286 567.173096 -354.113037 -375.981842 570.546082 -368.050079 -376.223297 576 -361.312622 -388.057587 567.173096 -354.113037 -375.981842 573.273071 -379.995758 -385.368103 576 -361.312622 -388.057587 570.546082 -368.050079 -376.223297 570.546082 -387.776672 -402.050049 576 -382.10556 -397.916931 573.273071 -379.995758 -385.368103 570.546082 -387.776672 -402.050049 576 -376.320099 -401.277832 576 -382.10556 -397.916931 567.173096 -380.17688 -419.166595 576 -376.320099 -401.277832 570.546082 -387.776672 -402.050049 576 -368.687378 -409.942444 576 -376.320099 -401.277832 567.173096 -380.17688 -419.166595 567.173096 -368.745056 -424.109344 576 -368.687378 -409.942444 567.173096 -380.17688 -419.166595 573.273071 -353.368286 -415.595337 576 -368.687378 -409.942444 567.173096 -368.745056 -424.109344 560 -361.828339 -371.683502 570.546082 -368.050079 -376.223297 567.173096 -354.113037 -375.981842 563.799988 -380.573395 -377.067627 570.546082 -368.050079 -376.223297 560 -361.828339 -371.683502 563.799988 -380.573395 -377.067627 573.273071 -379.995758 -385.368103 570.546082 -368.050079 -376.223297 563.799988 -391.719574 -395.897675 573.273071 -379.995758 -385.368103 563.799988 -380.573395 -377.067627 563.799988 -391.719574 -395.897675 570.546082 -387.776672 -402.050049 573.273071 -379.995758 -385.368103 560 -390.242615 -409.91153 570.546082 -387.776672 -402.050049 563.799988 -391.719574 -395.897675 560 -390.242615 -409.91153 567.173096 -380.17688 -419.166595 570.546082 -387.776672 -402.050049 563.799988 -354.326935 -423.690979 573.273071 -353.368286 -415.595337 567.173096 -368.745056 -424.109344 570.546082 -342.789886 -404.898376 576 -347.89444 -400.083008 573.273071 -353.368286 -415.595337 573.273071 -348.404694 -387.368286 576 -347.89444 -400.083008 570.546082 -342.789886 -404.898376 567.173096 -354.113037 -375.981842 573.273071 -348.404694 -387.368286 560 -346.784821 -379.206909 570.546082 -376.534149 -584.124268 560 -373.213196 -577.755127 560 -383.177887 -583.364746 570.546082 -359.101654 -581.789856 560 -373.213196 -577.755127 570.546082 -376.534149 -584.124268 570.546082 -359.101654 -581.789856 560 -361.828339 -576.683472 560 -373.213196 -577.755127 560 -342.577667 -588.078674 560 -350.991943 -580.335144 570.546082 -345.124298 -592.465881 560 -338.040375 -598.575134 560 -342.577667 -588.078674 570.546082 -345.124298 -592.465881 573.273071 -344.755554 -605.281738 560 -338.040375 -598.575134 570.546082 -345.124298 -592.465881 560 -338.164673 -610.009583 560 -338.040375 -598.575134 573.273071 -344.755554 -605.281738 573.273071 -350.004242 -617.631897 560 -338.164673 -610.009583 573.273071 -344.755554 -605.281738 560 -342.929047 -620.404968 560 -338.164673 -610.009583 573.273071 -350.004242 -617.631897 560 -351.509674 -627.963745 560 -342.929047 -620.404968 573.273071 -350.004242 -617.631897 570.546082 -359.101654 -581.789856 576 -361.312622 -593.057617 576 -353.679901 -601.722168 570.546082 -376.534149 -584.124268 576 -361.312622 -593.057617 570.546082 -359.101654 -581.789856 570.546082 -387.776672 -607.050049 576 -382.10556 -602.916931 573.273071 -381.383057 -592.184387 570.546082 -387.776672 -607.050049 576 -376.320099 -606.277832 576 -382.10556 -602.916931 570.546082 -378.948822 -622.262268 576 -376.320099 -606.277832 570.546082 -387.776672 -607.050049 576 -368.687378 -614.942444 576 -376.320099 -606.277832 570.546082 -378.948822 -622.262268 570.546082 -361.949921 -626.776672 576 -368.687378 -614.942444 570.546082 -378.948822 -622.262268 573.273071 -350.004242 -617.631897 576 -368.687378 -614.942444 570.546082 -361.949921 -626.776672 570.546082 -376.534149 -584.124268 573.273071 -381.383057 -592.184387 576 -361.312622 -593.057617 560 -383.177887 -583.364746 573.273071 -381.383057 -592.184387 570.546082 -376.534149 -584.124268 560 -389.99942 -592.542358 573.273071 -381.383057 -592.184387 560 -383.177887 -583.364746 560 -389.99942 -592.542358 570.546082 -387.776672 -607.050049 573.273071 -381.383057 -592.184387 560 -392.498413 -603.701111 570.546082 -387.776672 -607.050049 560 -389.99942 -592.542358 560 -390.242615 -614.91156 570.546082 -387.776672 -607.050049 560 -392.498413 -603.701111 560 -390.242615 -614.91156 570.546082 -378.948822 -622.262268 570.546082 -387.776672 -607.050049 560 -383.622131 -624.235291 570.546082 -378.948822 -622.262268 560 -390.242615 -614.91156 560 -373.781738 -630.060181 570.546082 -378.948822 -622.262268 560 -383.622131 -624.235291 560 -373.781738 -630.060181 570.546082 -361.949921 -626.776672 570.546082 -378.948822 -622.262268 560 -362.422913 -631.378967 570.546082 -361.949921 -626.776672 560 -373.781738 -630.060181 560 -351.509674 -627.963745 570.546082 -361.949921 -626.776672 560 -362.422913 -631.378967 573.273071 -350.004242 -617.631897 570.546082 -361.949921 -626.776672 560 -351.509674 -627.963745 570.546082 -359.101654 -581.789856 560 -350.991943 -580.335144 560 -361.828339 -576.683472 570.546082 -359.101654 -581.789856 570.546082 -345.124298 -592.465881 560 -350.991943 -580.335144 576 -353.679901 -601.722168 570.546082 -345.124298 -592.465881 570.546082 -359.101654 -581.789856 573.273071 -344.755554 -605.281738 570.546082 -345.124298 -592.465881 576 -353.679901 -601.722168 570.546082 353.465851 -584.124268 560 356.786804 -577.755127 560 346.822113 -583.364746 570.546082 370.898346 -581.789856 560 356.786804 -577.755127 570.546082 353.465851 -584.124268 570.546082 370.898346 -581.789856 560 368.171661 -576.683472 560 356.786804 -577.755127 560 387.422333 -588.078674 560 379.008057 -580.335144 570.546082 384.875702 -592.465881 560 391.959595 -598.575134 560 387.422333 -588.078674 570.546082 384.875702 -592.465881 573.273071 385.244446 -605.281738 560 391.959595 -598.575134 570.546082 384.875702 -592.465881 560 391.835327 -610.009583 560 391.959595 -598.575134 573.273071 385.244446 -605.281738 573.273071 379.995758 -617.631897 560 391.835327 -610.009583 573.273071 385.244446 -605.281738 560 387.070953 -620.404968 560 391.835327 -610.009583 573.273071 379.995758 -617.631897 560 378.490326 -627.963745 560 387.070953 -620.404968 573.273071 379.995758 -617.631897 570.546082 370.898346 -581.789856 576 368.687378 -593.057617 576 376.320099 -601.722168 570.546082 353.465851 -584.124268 576 368.687378 -593.057617 570.546082 370.898346 -581.789856 570.546082 342.223328 -607.050049 576 347.89444 -602.916931 573.273071 348.616943 -592.184387 570.546082 342.223328 -607.050049 576 353.679901 -606.277832 576 347.89444 -602.916931 570.546082 351.051178 -622.262268 576 353.679901 -606.277832 570.546082 342.223328 -607.050049 576 361.312622 -614.942444 576 353.679901 -606.277832 570.546082 351.051178 -622.262268 570.546082 368.050079 -626.776672 576 361.312622 -614.942444 570.546082 351.051178 -622.262268 573.273071 379.995758 -617.631897 576 361.312622 -614.942444 570.546082 368.050079 -626.776672 570.546082 353.465851 -584.124268 573.273071 348.616943 -592.184387 576 368.687378 -593.057617 560 346.822113 -583.364746 573.273071 348.616943 -592.184387 570.546082 353.465851 -584.124268 560 340.00058 -592.542358 573.273071 348.616943 -592.184387 560 346.822113 -583.364746 560 340.00058 -592.542358 570.546082 342.223328 -607.050049 573.273071 348.616943 -592.184387 560 337.501587 -603.701111 570.546082 342.223328 -607.050049 560 340.00058 -592.542358 560 339.757385 -614.91156 570.546082 342.223328 -607.050049 560 337.501587 -603.701111 560 339.757385 -614.91156 570.546082 351.051178 -622.262268 570.546082 342.223328 -607.050049 560 346.377869 -624.235291 570.546082 351.051178 -622.262268 560 339.757385 -614.91156 560 356.218262 -630.060181 570.546082 351.051178 -622.262268 560 346.377869 -624.235291 560 356.218262 -630.060181 570.546082 368.050079 -626.776672 570.546082 351.051178 -622.262268 560 367.577087 -631.378967 570.546082 368.050079 -626.776672 560 356.218262 -630.060181 560 378.490326 -627.963745 570.546082 368.050079 -626.776672 560 367.577087 -631.378967 573.273071 379.995758 -617.631897 570.546082 368.050079 -626.776672 560 378.490326 -627.963745 570.546082 370.898346 -581.789856 560 379.008057 -580.335144 560 368.171661 -576.683472 570.546082 370.898346 -581.789856 570.546082 384.875702 -592.465881 560 379.008057 -580.335144 576 376.320099 -601.722168 570.546082 384.875702 -592.465881 570.546082 370.898346 -581.789856 573.273071 385.244446 -605.281738 570.546082 384.875702 -592.465881 576 376.320099 -601.722168 560 391.959595 -393.575134 560 383.215179 -379.206909 573.273071 381.595306 -387.368286 570.546082 387.210114 -404.898376 560 391.959595 -393.575134 573.273071 381.595306 -387.368286 563.799988 390.490631 -407.589844 560 391.959595 -393.575134 570.546082 387.210114 -404.898376 573.273071 376.631714 -415.595337 563.799988 390.490631 -407.589844 570.546082 387.210114 -404.898376 563.799988 375.673065 -423.690979 563.799988 390.490631 -407.589844 573.273071 376.631714 -415.595337 576 368.687378 -388.057587 573.273071 381.595306 -387.368286 567.173096 375.886963 -375.981842 570.546082 361.949921 -376.223297 576 368.687378 -388.057587 567.173096 375.886963 -375.981842 573.273071 350.004242 -385.368103 576 368.687378 -388.057587 570.546082 361.949921 -376.223297 570.546082 342.223328 -402.050049 576 347.89444 -397.916931 573.273071 350.004242 -385.368103 570.546082 342.223328 -402.050049 576 353.679901 -401.277832 576 347.89444 -397.916931 567.173096 349.82312 -419.166595 576 353.679901 -401.277832 570.546082 342.223328 -402.050049 576 361.312622 -409.942444 576 353.679901 -401.277832 567.173096 349.82312 -419.166595 567.173096 361.254944 -424.109344 576 361.312622 -409.942444 567.173096 349.82312 -419.166595 573.273071 376.631714 -415.595337 576 361.312622 -409.942444 567.173096 361.254944 -424.109344 560 368.171661 -371.683502 570.546082 361.949921 -376.223297 567.173096 375.886963 -375.981842 563.799988 349.426605 -377.067627 570.546082 361.949921 -376.223297 560 368.171661 -371.683502 563.799988 349.426605 -377.067627 573.273071 350.004242 -385.368103 570.546082 361.949921 -376.223297 563.799988 338.280426 -395.897675 573.273071 350.004242 -385.368103 563.799988 349.426605 -377.067627 563.799988 338.280426 -395.897675 570.546082 342.223328 -402.050049 573.273071 350.004242 -385.368103 560 339.757385 -409.91153 570.546082 342.223328 -402.050049 563.799988 338.280426 -395.897675 560 339.757385 -409.91153 567.173096 349.82312 -419.166595 570.546082 342.223328 -402.050049 563.799988 375.673065 -423.690979 573.273071 376.631714 -415.595337 567.173096 361.254944 -424.109344 570.546082 387.210114 -404.898376 576 382.10556 -400.083008 573.273071 376.631714 -415.595337 573.273071 381.595306 -387.368286 576 382.10556 -400.083008 570.546082 387.210114 -404.898376 567.173096 375.886963 -375.981842 573.273071 381.595306 -387.368286 560 383.215179 -379.206909 600 -263.151917 -582.140015 600 -249.007721 -561.578064 600 -261.859619 -570.161743 600 -254.838257 -590.859619 600 -249.007721 -561.578064 600 -263.151917 -582.140015 600 -235.148087 -568.416321 600 -242.859985 -592.151917 600 -234.140366 -583.838257 600 -235.148087 -568.416321 600 -254.838257 -590.859619 600 -242.859985 -592.151917 600 -249.007721 -561.578064 600 -254.838257 -590.859619 600 -235.148087 -568.416321 600 -167.151917 -582.140015 600 -153.007721 -561.578064 600 -165.85965 -570.161743 600 -158.838257 -590.859619 600 -153.007721 -561.578064 600 -167.151917 -582.140015 600 -139.148087 -568.416321 600 -146.859985 -592.151917 600 -138.14035 -583.838257 600 -139.148087 -568.416321 600 -158.838257 -590.859619 600 -146.859985 -592.151917 600 -153.007721 -561.578064 600 -158.838257 -590.859619 600 -139.148087 -568.416321 -22.1007118 -407.623627 -614.000488 -45.025238 -399.610077 -649 0 -402.138641 -649 -109.211037 -393.34259 -614.000488 -45.025238 -399.610077 -649 -22.1007118 -407.623627 -614.000488 -109.211037 -393.34259 -614.000488 -111.151123 -385.814056 -649 -45.025238 -399.610077 -649 -191.214767 -360.669342 -614.000488 -111.151123 -385.814056 -649 -109.211037 -393.34259 -614.000488 -191.214767 -360.669342 -614.000488 -194.216049 -351.407471 -649 -111.151123 -385.814056 -649 -264.277527 -311.131561 -614.000488 -194.216049 -351.407471 -649 -191.214767 -360.669342 -614.000488 -264.277527 -311.131561 -614.000488 -267.542145 -299.379822 -649 -194.216049 -351.407471 -649 -324.982941 -247.045624 -614.000488 -267.542145 -299.379822 -649 -264.277527 -311.131561 -614.000488 -324.982941 -247.045624 -614.000488 -327.452576 -232.339996 -649 -267.542145 -299.379822 -649 -370.492554 -171.408096 -614.000488 -327.452576 -232.339996 -649 -324.982941 -247.045624 -614.000488 -370.492554 -171.408096 -614.000488 -370.943146 -153.649689 -649 -327.452576 -232.339996 -649 -398.678284 -87.7557373 -614.000488 -370.943146 -153.649689 -649 -370.492554 -171.408096 -614.000488 -398.678284 -87.7557373 -614.000488 -395.83313 -67.2547531 -649 -370.943146 -153.649689 -649 -408.222321 0 -614.000488 -395.83313 -67.2547531 -649 -398.678284 -87.7557373 -614.000488 -408.222321 0 -614.000488 -400.874329 22.512619 -649 -395.83313 -67.2547531 -649 -398.678284 87.7557373 -614.000488 -400.874329 22.512619 -649 -408.222321 0 -614.000488 -398.678284 87.7557373 -614.000488 -385.814056 111.151123 -649 -400.874329 22.512619 -649 -370.492554 171.408096 -614.000488 -385.814056 111.151123 -649 -398.678284 87.7557373 -614.000488 -370.492554 171.408096 -614.000488 -351.407471 194.216049 -649 -385.814056 111.151123 -649 -324.982941 247.045624 -614.000488 -351.407471 194.216049 -649 -370.492554 171.408096 -614.000488 -324.982941 247.045624 -614.000488 -299.379822 267.542145 -649 -351.407471 194.216049 -649 -264.277527 311.131561 -614.000488 -299.379822 267.542145 -649 -324.982941 247.045624 -614.000488 -264.277527 311.131561 -614.000488 -232.339996 327.452576 -649 -299.379822 267.542145 -649 -191.214767 360.669342 -614.000488 -232.339996 327.452576 -649 -264.277527 311.131561 -614.000488 -191.214767 360.669342 -614.000488 -153.649689 370.943146 -649 -232.339996 327.452576 -649 -109.211037 393.34259 -614.000488 -153.649689 370.943146 -649 -191.214767 360.669342 -614.000488 -109.211037 393.34259 -614.000488 -89.4842606 392.056183 -649 -153.649689 370.943146 -649 -109.211037 393.34259 -614.000488 -22.512619 400.874329 -649 -89.4842606 392.056183 -649 -22.1007118 407.623627 -614.000488 -22.512619 400.874329 -649 -109.211037 393.34259 -614.000488 -12.4698 -355.636627 -619 -15.7397451 -349.987732 -649 -19.0096893 -344.338837 -619 -12.4698 -355.636627 -619 0 -359.498566 -649 -15.7397451 -349.987732 -649 0 -359.498566 -619 0 -359.498566 -649 -12.4698 -355.636627 -619 0 -359.498566 -619 12.4698 -355.636627 -649 0 -359.498566 -649 15.7397451 -349.987732 -619 12.4698 -355.636627 -649 0 -359.498566 -619 15.7397451 -349.987732 -619 19.0096893 -344.338837 -649 12.4698 -355.636627 -649 19.0096893 -315.661163 -619 19.0096893 -344.338837 -649 15.7397451 -349.987732 -619 15.7397451 -310.012268 -649 19.0096893 -344.338837 -649 19.0096893 -315.661163 -619 -12.4698 -304.363373 -649 -15.7397451 -310.012268 -619 -19.0096893 -315.661163 -649 -12.4698 -304.363373 -649 0 -300.501434 -619 -15.7397451 -310.012268 -619 0 -300.501434 -649 0 -300.501434 -619 -12.4698 -304.363373 -649 0 -300.501434 -649 12.4698 -304.363373 -619 0 -300.501434 -619 15.7397451 -310.012268 -649 12.4698 -304.363373 -619 0 -300.501434 -649 15.7397451 -310.012268 -649 19.0096893 -315.661163 -619 12.4698 -304.363373 -619 -19.0096893 -344.338837 -619 -19.0096893 -315.661163 -649 -15.7397451 -310.012268 -619 -15.7397451 -349.987732 -649 -19.0096893 -315.661163 -649 -19.0096893 -344.338837 -619 -8.41506195 3.41506195 -649 0 0 -639 -3.41506195 -8.41506195 -649 8.41506195 -3.41506195 -649 0 0 -639 3.41506195 8.41506195 -649 3.41506195 8.41506195 -649 0 0 -639 -8.41506195 3.41506195 -649 -3.41506195 -8.41506195 -649 0 0 -639 8.41506195 -3.41506195 -649 -18.8545609 334.647217 -649 -11.36129 346.459686 -619 -18.8545609 334.647217 -619 -6.88601017 348.156921 -649 -11.36129 346.459686 -619 -18.8545609 334.647217 -649 -6.88601017 348.156921 -649 2.34068489 349.277252 -619 -11.36129 346.459686 -619 7.09210014 348.700348 -649 2.34068489 349.277252 -619 -6.88601017 348.156921 -649 7.09210014 348.700348 -649 17.1945248 339.024353 -619 2.34068489 349.277252 -619 17.1945248 339.024353 -649 17.1945248 339.024353 -619 7.09210014 348.700348 -649 17.1945248 339.024353 -649 17.1945248 320.975647 -619 17.1945248 339.024353 -619 19.4188404 325.213684 -649 17.1945248 320.975647 -619 17.1945248 339.024353 -649 11.0311537 314.018646 -649 17.1945248 320.975647 -619 19.4188404 325.213684 -649 11.0311537 314.018646 -649 2.34068489 310.722748 -619 17.1945248 320.975647 -619 -2.41072989 310.145813 -649 2.34068489 310.722748 -619 11.0311537 314.018646 -649 -2.41072989 310.145813 -649 -14.5352049 317.122925 -619 2.34068489 310.722748 -619 -14.5352049 317.122925 -649 -14.5352049 317.122925 -619 -2.41072989 310.145813 -649 -14.5352049 317.122925 -649 -18.8545609 334.647217 -619 -14.5352049 317.122925 -619 -18.8545609 334.647217 -649 -18.8545609 334.647217 -619 -14.5352049 317.122925 -649 -287.019348 37.242939 -654 -278.228546 23.6432362 -649 -273.707306 8.09366512 -654 -287.019348 37.242939 -654 -292.34552 43.4556007 -649 -278.228546 23.6432362 -649 -287.019348 37.242939 -654 -313.965271 54.6092834 -649 -292.34552 43.4556007 -649 -306.131775 52.2641525 -654 -313.965271 54.6092834 -649 -287.019348 37.242939 -654 -330 56.8715363 -654 -313.965271 54.6092834 -649 -306.131775 52.2641525 -654 -330 56.8715363 -654 -346.034729 54.6092834 -649 -313.965271 54.6092834 -649 -360.74707 47.8433838 -654 -346.034729 54.6092834 -649 -330 56.8715363 -654 -360.74707 47.8433838 -654 -373.013306 37.271225 -649 -346.034729 54.6092834 -649 -381.732178 23.6252956 -654 -373.013306 37.271225 -649 -360.74707 47.8433838 -654 -381.732178 23.6252956 -654 -385.170868 16.1996193 -649 -373.013306 37.271225 -649 -381.732178 23.6252956 -654 -386.335449 -8.09980965 -649 -385.170868 16.1996193 -649 -386.292633 -8.09366512 -654 -386.335449 -8.09980965 -649 -381.732178 23.6252956 -654 -386.292633 -8.09366512 -654 -373.013306 -37.271225 -649 -386.335449 -8.09980965 -649 -372.980652 -37.242939 -654 -373.013306 -37.271225 -649 -386.292633 -8.09366512 -654 -372.980652 -37.242939 -654 -353.886383 -52.3038406 -649 -373.013306 -37.271225 -649 -353.868256 -52.2641525 -654 -353.886383 -52.3038406 -649 -372.980652 -37.242939 -654 -353.868256 -52.2641525 -654 -330 -56.9147301 -649 -353.886383 -52.3038406 -649 -330 -56.8715363 -654 -330 -56.9147301 -649 -353.868256 -52.2641525 -654 -330 -56.8715363 -654 -306.113647 -52.3038406 -649 -330 -56.9147301 -649 -306.131775 -52.2641525 -654 -306.113647 -52.3038406 -649 -330 -56.8715363 -654 -306.131775 -52.2641525 -654 -286.986725 -37.271225 -649 -306.113647 -52.3038406 -649 -287.019348 -37.242939 -654 -286.986725 -37.271225 -649 -306.131775 -52.2641525 -654 -287.019348 -37.242939 -654 -273.664581 -8.09980965 -649 -286.986725 -37.271225 -649 -274.871033 -16.1873302 -654 -273.664581 -8.09980965 -649 -287.019348 -37.242939 -654 -273.707306 8.09366512 -654 -273.664581 -8.09980965 -649 -274.871033 -16.1873302 -654 -273.707306 8.09366512 -654 -278.228546 23.6432362 -649 -273.664581 -8.09980965 -649 282.980652 367.242981 -654 291.771454 353.643219 -649 296.292694 338.093628 -654 282.980652 367.242981 -654 270.770416 377.87973 -649 291.771454 353.643219 -649 256.022583 384.567841 -654 270.770416 377.87973 -649 282.980652 367.242981 -654 256.022583 384.567841 -654 240 386.914703 -649 270.770416 377.87973 -649 223.977432 384.567841 -654 240 386.914703 -649 256.022583 384.567841 -654 223.977432 384.567841 -654 216.113647 382.303833 -649 240 386.914703 -649 223.977432 384.567841 -654 196.98671 367.271179 -649 216.113647 382.303833 -649 197.019348 367.242981 -654 196.98671 367.271179 -649 223.977432 384.567841 -654 197.019348 367.242981 -654 183.664597 338.099823 -649 196.98671 367.271179 -649 184.871017 346.187317 -654 183.664597 338.099823 -649 197.019348 367.242981 -654 183.707321 321.906372 -654 183.664597 338.099823 -649 184.871017 346.187317 -654 183.707321 321.906372 -654 188.228531 306.356781 -649 183.664597 338.099823 -649 197.019348 292.75708 -654 188.228531 306.356781 -649 183.707321 321.906372 -654 197.019348 292.75708 -654 202.345505 286.544403 -649 188.228531 306.356781 -649 197.019348 292.75708 -654 223.965256 275.390686 -649 202.345505 286.544403 -649 223.977432 275.432159 -654 223.965256 275.390686 -649 197.019348 292.75708 -654 223.977432 275.432159 -654 256.034729 275.390686 -649 223.965256 275.390686 -649 256.022583 275.432159 -654 256.034729 275.390686 -649 223.977432 275.432159 -654 256.022583 275.432159 -654 277.65448 286.544403 -649 256.034729 275.390686 -649 282.980652 292.75708 -654 277.65448 286.544403 -649 256.022583 275.432159 -654 282.980652 292.75708 -654 291.771454 306.356781 -649 277.65448 286.544403 -649 295.128967 313.812683 -654 291.771454 306.356781 -649 282.980652 292.75708 -654 295.128967 313.812683 -654 297.5 330 -649 291.771454 306.356781 -649 296.292694 338.093628 -654 297.5 330 -649 295.128967 313.812683 -654 296.292694 338.093628 -654 291.771454 353.643219 -649 297.5 330 -649 296.292694 -321.906372 -654 283.013275 -292.72876 -649 295.170837 -313.800385 -649 282.980652 -292.75708 -654 283.013275 -292.72876 -649 296.292694 -321.906372 -654 282.980652 -292.75708 -654 256.034729 -275.390686 -649 283.013275 -292.72876 -649 256.022583 -275.432159 -654 256.034729 -275.390686 -649 282.980652 -292.75708 -654 256.022583 -275.432159 -654 223.965256 -275.390686 -649 256.034729 -275.390686 -649 223.977432 -275.432159 -654 223.965256 -275.390686 -649 256.022583 -275.432159 -654 223.977432 -275.432159 -654 202.345505 -286.544403 -649 223.965256 -275.390686 -649 202.374084 -286.577362 -654 202.345505 -286.544403 -649 223.977432 -275.432159 -654 202.374084 -286.577362 -654 188.228531 -306.356781 -649 202.345505 -286.544403 -649 188.267822 -306.374695 -654 188.228531 -306.356781 -649 202.374084 -286.577362 -654 188.267822 -306.374695 -654 183.664597 -338.099823 -649 188.228531 -306.356781 -649 183.707321 -338.093628 -654 183.664597 -338.099823 -649 188.267822 -306.374695 -654 183.707321 -338.093628 -654 191.627914 -361.086853 -649 183.664597 -338.099823 -649 197.019348 -367.242981 -654 191.627914 -361.086853 -649 183.707321 -338.093628 -654 197.019348 -367.242981 -654 209.229584 -377.87973 -649 191.627914 -361.086853 -649 223.977432 -384.567841 -654 209.229584 -377.87973 -649 197.019348 -367.242981 -654 223.977432 -384.567841 -654 240 -386.914703 -649 209.229584 -377.87973 -649 256.022583 -384.567841 -654 240 -386.914703 -649 223.977432 -384.567841 -654 256.022583 -384.567841 -654 263.886353 -382.303833 -649 240 -386.914703 -649 256.022583 -384.567841 -654 283.013275 -367.271179 -649 263.886353 -382.303833 -649 282.980652 -367.242981 -654 283.013275 -367.271179 -649 256.022583 -384.567841 -654 282.980652 -367.242981 -654 296.335419 -338.099823 -649 283.013275 -367.271179 -649 295.128967 -346.187317 -654 296.335419 -338.099823 -649 282.980652 -367.242981 -654 296.292694 -321.906372 -654 296.335419 -338.099823 -649 295.128967 -346.187317 -654 296.292694 -321.906372 -654 295.170837 -313.800385 -649 296.335419 -338.099823 -649 -22.1644001 -408.798279 -389 -109.211037 -393.34259 -614.000488 -22.1007118 -407.623627 -614.000488 -109.525757 -394.476074 -389 -109.211037 -393.34259 -614.000488 -22.1644001 -408.798279 -389 -109.525757 -394.476074 -389 -191.214767 -360.669342 -614.000488 -109.211037 -393.34259 -614.000488 -191.765808 -361.708679 -389 -191.214767 -360.669342 -614.000488 -109.525757 -394.476074 -389 -191.765808 -361.708679 -389 -264.277527 -311.131561 -614.000488 -191.214767 -360.669342 -614.000488 -265.039093 -312.028168 -389 -264.277527 -311.131561 -614.000488 -191.765808 -361.708679 -389 -265.039093 -312.028168 -389 -324.982941 -247.045624 -614.000488 -264.277527 -311.131561 -614.000488 -325.919464 -247.757523 -389 -324.982941 -247.045624 -614.000488 -265.039093 -312.028168 -389 -325.919464 -247.757523 -389 -370.492554 -171.408096 -614.000488 -324.982941 -247.045624 -614.000488 -371.560211 -171.902039 -389 -370.492554 -171.408096 -614.000488 -325.919464 -247.757523 -389 -371.560211 -171.902039 -389 -398.678284 -87.7557373 -614.000488 -370.492554 -171.408096 -614.000488 -399.827179 -88.0086212 -389 -398.678284 -87.7557373 -614.000488 -371.560211 -171.902039 -389 -399.827179 -88.0086212 -389 -408.222321 0 -614.000488 -398.678284 -87.7557373 -614.000488 -409.398682 -22.1969509 -389 -408.222321 0 -614.000488 -399.827179 -88.0086212 -389 -406.998779 44.2637825 -389 -408.222321 0 -614.000488 -409.398682 -22.1969509 -389 -406.998779 44.2637825 -389 -398.678284 87.7557373 -614.000488 -408.222321 0 -614.000488 -387.967987 130.721619 -389 -398.678284 87.7557373 -614.000488 -406.998779 44.2637825 -389 -387.967987 130.721619 -389 -370.492554 171.408096 -614.000488 -398.678284 87.7557373 -614.000488 -362.23996 192.047455 -389 -370.492554 171.408096 -614.000488 -387.967987 130.721619 -389 -325.919464 247.757523 -389 -370.492554 171.408096 -614.000488 -362.23996 192.047455 -389 -325.919464 247.757523 -389 -324.982941 247.045624 -614.000488 -370.492554 171.408096 -614.000488 -265.039093 312.028168 -389 -324.982941 247.045624 -614.000488 -325.919464 247.757523 -389 -265.039093 312.028168 -389 -264.277527 311.131561 -614.000488 -324.982941 247.045624 -614.000488 -191.765808 361.708679 -389 -264.277527 311.131561 -614.000488 -265.039093 312.028168 -389 -191.765808 361.708679 -389 -191.214767 360.669342 -614.000488 -264.277527 311.131561 -614.000488 -109.525757 394.476074 -389 -191.214767 360.669342 -614.000488 -191.765808 361.708679 -389 -109.525757 394.476074 -389 -109.211037 393.34259 -614.000488 -191.214767 360.669342 -614.000488 -22.1644001 408.798279 -389 -109.211037 393.34259 -614.000488 -109.525757 394.476074 -389 -22.1644001 408.798279 -389 -22.1007118 407.623627 -614.000488 -109.211037 393.34259 -614.000488 0 403.828552 -354 -22.1644001 408.798279 -389 -39.582119 401.884003 -354 -22.1644001 408.798279 -389 -45.214447 401.289368 -354 -39.582119 401.884003 -354 -22.1644001 408.798279 -389 -78.7830429 396.069092 -354 -45.214447 401.289368 -354 -109.525757 394.476074 -389 -78.7830429 396.069092 -354 -22.1644001 408.798279 -389 -109.525757 394.476074 -389 -89.8603058 393.703735 -354 -78.7830429 396.069092 -354 -109.525757 394.476074 -389 -117.225235 386.439819 -354 -89.8603058 393.703735 -354 -109.525757 394.476074 -389 -133.376129 381.167023 -354 -117.225235 386.439819 -354 -109.525757 394.476074 -389 -154.538498 373.088959 -354 -133.376129 381.167023 -354 -191.765808 361.708679 -389 -154.538498 373.088959 -354 -109.525757 394.476074 -389 -191.765808 361.708679 -389 -175.21463 363.836975 -354 -154.538498 373.088959 -354 -191.765808 361.708679 -389 -190.363464 356.144989 -354 -175.21463 363.836975 -354 -191.765808 361.708679 -389 -214.849762 341.931427 -354 -190.363464 356.144989 -354 -191.765808 361.708679 -389 -224.355118 335.771179 -354 -214.849762 341.931427 -354 -265.039093 312.028168 -389 -224.355118 335.771179 -354 -191.765808 361.708679 -389 -265.039093 312.028168 -389 -251.78299 315.725891 -354 -224.355118 335.771179 -354 -265.039093 312.028168 -389 -256.186127 312.163696 -354 -251.78299 315.725891 -354 -265.039093 312.028168 -389 -285.549896 285.549896 -354 -256.186127 312.163696 -354 -325.919464 247.757523 -389 -285.549896 285.549896 -354 -265.039093 312.028168 -389 -325.919464 247.757523 -389 -312.163696 256.186127 -354 -285.549896 285.549896 -354 -325.919464 247.757523 -389 -315.725891 251.78299 -354 -312.163696 256.186127 -354 -325.919464 247.757523 -389 -335.771179 224.355118 -354 -315.725891 251.78299 -354 -325.919464 247.757523 -389 -341.931427 214.849762 -354 -335.771179 224.355118 -354 -362.23996 192.047455 -389 -341.931427 214.849762 -354 -325.919464 247.757523 -389 -362.23996 192.047455 -389 -356.144989 190.363464 -354 -341.931427 214.849762 -354 -362.23996 192.047455 -389 -363.836975 175.21463 -354 -356.144989 190.363464 -354 -387.967987 130.721619 -389 -363.836975 175.21463 -354 -362.23996 192.047455 -389 -387.967987 130.721619 -389 -373.088959 154.538498 -354 -363.836975 175.21463 -354 -387.967987 130.721619 -389 -381.167023 133.376129 -354 -373.088959 154.538498 -354 -387.967987 130.721619 -389 -386.439819 117.225235 -354 -381.167023 133.376129 -354 -387.967987 130.721619 -389 -393.703735 89.8603058 -354 -386.439819 117.225235 -354 -406.998779 44.2637825 -389 -393.703735 89.8603058 -354 -387.967987 130.721619 -389 -406.998779 44.2637825 -389 -396.069092 78.7830429 -354 -393.703735 89.8603058 -354 -406.998779 44.2637825 -389 -401.289368 45.214447 -354 -396.069092 78.7830429 -354 -406.998779 44.2637825 -389 -401.884003 39.582119 -354 -401.289368 45.214447 -354 -406.998779 44.2637825 -389 -403.828552 0 -354 -401.884003 39.582119 -354 -409.398682 -22.1969509 -389 -403.828552 0 -354 -406.998779 44.2637825 -389 -409.398682 -22.1969509 -389 -401.884003 -39.582119 -354 -403.828552 0 -354 -409.398682 -22.1969509 -389 -401.289368 -45.214447 -354 -401.884003 -39.582119 -354 -399.827179 -88.0086212 -389 -401.289368 -45.214447 -354 -409.398682 -22.1969509 -389 -399.827179 -88.0086212 -389 -396.069092 -78.7830429 -354 -401.289368 -45.214447 -354 -399.827179 -88.0086212 -389 -393.703735 -89.8603058 -354 -396.069092 -78.7830429 -354 -399.827179 -88.0086212 -389 -386.439819 -117.225235 -354 -393.703735 -89.8603058 -354 -399.827179 -88.0086212 -389 -381.167023 -133.376129 -354 -386.439819 -117.225235 -354 -371.560211 -171.902039 -389 -381.167023 -133.376129 -354 -399.827179 -88.0086212 -389 -371.560211 -171.902039 -389 -373.088959 -154.538498 -354 -381.167023 -133.376129 -354 -371.560211 -171.902039 -389 -363.836975 -175.21463 -354 -373.088959 -154.538498 -354 -371.560211 -171.902039 -389 -356.144989 -190.363464 -354 -363.836975 -175.21463 -354 -371.560211 -171.902039 -389 -341.931427 -214.849762 -354 -356.144989 -190.363464 -354 -325.919464 -247.757523 -389 -341.931427 -214.849762 -354 -371.560211 -171.902039 -389 -325.919464 -247.757523 -389 -335.771179 -224.355118 -354 -341.931427 -214.849762 -354 -325.919464 -247.757523 -389 -315.725891 -251.78299 -354 -335.771179 -224.355118 -354 -325.919464 -247.757523 -389 -312.163696 -256.186127 -354 -315.725891 -251.78299 -354 -325.919464 -247.757523 -389 -270.868011 -298.856812 -354 -312.163696 -256.186127 -354 -265.039093 -312.028168 -389 -270.868011 -298.856812 -354 -325.919464 -247.757523 -389 -265.039093 -312.028168 -389 -251.78299 -315.725891 -354 -270.868011 -298.856812 -354 -265.039093 -312.028168 -389 -224.355118 -335.771179 -354 -251.78299 -315.725891 -354 -191.765808 -361.708679 -389 -224.355118 -335.771179 -354 -265.039093 -312.028168 -389 -191.765808 -361.708679 -389 -214.849762 -341.931427 -354 -224.355118 -335.771179 -354 -191.765808 -361.708679 -389 -190.363464 -356.144989 -354 -214.849762 -341.931427 -354 -191.765808 -361.708679 -389 -175.21463 -363.836975 -354 -190.363464 -356.144989 -354 -191.765808 -361.708679 -389 -154.538498 -373.088959 -354 -175.21463 -363.836975 -354 -109.525757 -394.476074 -389 -154.538498 -373.088959 -354 -191.765808 -361.708679 -389 -109.525757 -394.476074 -389 -133.376129 -381.167023 -354 -154.538498 -373.088959 -354 -109.525757 -394.476074 -389 -117.225235 -386.439819 -354 -133.376129 -381.167023 -354 -109.525757 -394.476074 -389 -89.8603058 -393.703735 -354 -117.225235 -386.439819 -354 -109.525757 -394.476074 -389 -78.7830429 -396.069092 -354 -89.8603058 -393.703735 -354 -22.1644001 -408.798279 -389 -78.7830429 -396.069092 -354 -109.525757 -394.476074 -389 -22.1644001 -408.798279 -389 -45.214447 -401.289368 -354 -78.7830429 -396.069092 -354 -22.1644001 -408.798279 -389 -39.582119 -401.884003 -354 -45.214447 -401.289368 -354 0 -403.828552 -354 -39.582119 -401.884003 -354 -22.1644001 -408.798279 -389 </float_array>
          <technique_common>
            <accessor count="3807" offset="0" source="#Body2_1-positions-array" stride="3">
              <param name="X" type="float" />
              <param name="Y" type="float" />
              <param name="Z" type="float" />
            </accessor>
          </technique_common>
        </source>
        <vertices id="Body2_1-vertices">
          <input semantic="POSITION" source="#Body2_1-positions" />
        </vertices>
        <polylist count="1269" material="defaultMaterial">
          <input offset="0" semantic="VERTEX" source="#Body2_1-vertices" />
          <vcount>3 3 3 3 3 3 3 3 3 3 3 3 3 3 3 3 3 3 3 3 3 3 3 3 3 3 3 3 3 3 3 3 3 3 3 3 3 3 3 3 3 3 3 3 3 3 3 3 3 3 3 3 3 3 3 3 3 3 3 3 3 3 3 3 3 3 3 3 3 3 3 3 3 3 3 3 3 3 3 3 3 3 3 3 3 3 3 3 3 3 3 3 3 3 3 3 3 3 3 3 3 3 3 3 3 3 3 3 3 3 3 3 3 3 3 3 3 3 3 3 3 3 3 3 3 3 3 3 3 3 3 3 3 3 3 3 3 3 3 3 3 3 3 3 3 3 3 3 3 3 3 3 3 3 3 3 3 3 3 3 3 3 3 3 3 3 3 3 3 3 3 3 3 3 3 3 3 3 3 3 3 3 3 3 3 3 3 3 3 3 3 3 3 3 3 3 3 3 3 3 3 3 3 3 3 3 3 3 3 3 3 3 3 3 3 3 3 3 3 3 3 3 3 3 3 3 3 3 3 3 3 3 3 3 3 3 3 3 3 3 3 3 3 3 3 3 3 3 3 3 3 3 3 3 3 3 3 3 3 3 3 3 3 3 3 3 3 3 3 3 3 3 3 3 3 3 3 3 3 3 3 3 3 3 3 3 3 3 3 3 3 3 3 3 3 3 3 3 3 3 3 3 3 3 3 3 3 3 3 3 3 3 3 3 3 3 3 3 3 3 3 3 3 3 3 3 3 3 3 3 3 3 3 3 3 3 3 3 3 3 3 3 3 3 3 3 3 3 3 3 3 3 3 3 3 3 3 3 3 3 3 3 3 3 3 3 3 3 3 3 3 3 3 3 3 3 3 3 3 3 3 3 3 3 3 3 3 3 3 3 3 3 3 3 3 3 3 3 3 3 3 3 3 3 3 3 3 3 3 3 3 3 3 3 3 3 3 3 3 3 3 3 3 3 3 3 3 3 3 3 3 3 3 3 3 3 3 3 3 3 3 3 3 3 3 3 3 3 3 3 3 3 3 3 3 3 3 3 3 3 3 3 3 3 3 3 3 3 3 3 3 3 3 3 3 3 3 3 3 3 3 3 3 3 3 3 3 3 3 3 3 3 3 3 3 3 3 3 3 3 3 3 3 3 3 3 3 3 3 3 3 3 3 3 3 3 3 3 3 3 3 3 3 3 3 3 3 3 3 3 3 3 3 3 3 3 3 3 3 3 3 3 3 3 3 3 3 3 3 3 3 3 3 3 3 3 3 3 3 3 3 3 3 3 3 3 3 3 3 3 3 3 3 3 3 3 3 3 3 3 3 3 3 3 3 3 3 3 3 3 3 3 3 3 3 3 3 3 3 3 3 3 3 3 3 3 3 3 3 3 3 3 3 3 3 3 3 3 3 3 3 3 3 3 3 3 3 3 3 3 3 3 3 3 3 3 3 3 3 3 3 3 3 3 3 3 3 3 3 3 3 3 3 3 3 3 3 3 3 3 3 3 3 3 3 3 3 3 3 3 3 3 3 3 3 3 3 3 3 3 3 3 3 3 3 3 3 3 3 3 3 3 3 3 3 3 3 3 3 3 3 3 3 3 3 3 3 3 3 3 3 3 3 3 3 3 3 3 3 3 3 3 3 3 3 3 3 3 3 3 3 3 3 3 3 3 3 3 3 3 3 3 3 3 3 3 3 3 3 3 3 3 3 3 3 3 3 3 3 3 3 3 3 3 3 3 3 3 3 3 3 3 3 3 3 3 3 3 3 3 3 3 3 3 3 3 3 3 3 3 3 3 3 3 3 3 3 3 3 3 3 3 3 3 3 3 3 3 3 3 3 3 3 3 3 3 3 3 3 3 3 3 3 3 3 3 3 3 3 3 3 3 3 3 3 3 3 3 3 3 3 3 3 3 3 3 3 3 3 3 3 3 3 3 3 3 3 3 3 3 3 3 3 3 3 3 3 3 3 3 3 3 3 3 3 3 3 3 3 3 3 3 3 3 3 3 3 3 3 3 3 3 3 3 3 3 3 3 3 3 3 3 3 3 3 3 3 3 3 3 3 3 3 3 3 3 3 3 3 3 3 3 3 3 3 3 3 3 3 3 3 3 3 3 3 3 3 3 3 3 3 3 3 3 3 3 3 3 3 3 3 3 3 3 3 3 3 3 3 3 3 3 3 3 3 3 3 3 3 3 3 3 3 3 3 3 3 3 3 3 3 3 3 3 3 3 3 3 3 3 3 3 3 3 3 3 3 3 3 3 3 3 3 3 3 3 3 3 3 3 3 3 3 3 3 3 3 3 3 3 3 3 3 3 3 3 3 3 3 3 3 3 3 3 3 3 3 3 3 3 3 3 3 3 3 3 3 3 3 3 3 3 3 3 3 3 3 3 3 3 3 3 3 3 3 3 3 3 3 3 3 3 3 3 3 3 3 3 3 3 3 3 3 3 3 3 3 3 3 3 3 3 3 3 3 3 3 3 3 3 3 3 3 3 3 3 3 3 3 3 3 3 3 3 3 3 3 3 3 3 3 3 3 3 3 3 3 3 3 3 3 3 3 3 3 3 3 3 3 3 3 3 3 3 3 3 3 3 3 3 3 3 3 3 3 3 3 3 3 3 3 3 3 3 3 3 3 3 3 3 3 3 3 3 3 3 3 3 3 3 3 3 3 3 3 3 3 3 3 3 3 3 3 3 3 3 3 3 3 3 3 3 3 3 3 3 3 3 3 3 3 3 3 3 3 3 3 3 3 3 3 3 3 3 3 3 3 3 3 3 3 3 3 3 3 3 3 3 3 3 3 3 3 3 3 3 3 3 3 3 3 3 3 3 3 3 3 3 3 3 3 3 3 3 3 3 3 3 3 </vcount>
          <p>0 1 2 3 4 5 6 7 8 9 10 11 12 13 14 15 16 17 18 19 20 21 22 23 24 25 26 27 28 29 30 31 32 33 34 35 36 37 38 39 40 41 42 43 44 45 46 47 48 49 50 51 52 53 54 55 56 57 58 59 60 61 62 63 64 65 66 67 68 69 70 71 72 73 74 75 76 77 78 79 80 81 82 83 84 85 86 87 88 89 90 91 92 93 94 95 96 97 98 99 100 101 102 103 104 105 106 107 108 109 110 111 112 113 114 115 116 117 118 119 120 121 122 123 124 125 126 127 128 129 130 131 132 133 134 135 136 137 138 139 140 141 142 143 144 145 146 147 148 149 150 151 152 153 154 155 156 157 158 159 160 161 162 163 164 165 166 167 168 169 170 171 172 173 174 175 176 177 178 179 180 181 182 183 184 185 186 187 188 189 190 191 192 193 194 195 196 197 198 199 200 201 202 203 204 205 206 207 208 209 210 211 212 213 214 215 216 217 218 219 220 221 222 223 224 225 226 227 228 229 230 231 232 233 234 235 236 237 238 239 240 241 242 243 244 245 246 247 248 249 250 251 252 253 254 255 256 257 258 259 260 261 262 263 264 265 266 267 268 269 270 271 272 273 274 275 276 277 278 279 280 281 282 283 284 285 286 287 288 289 290 291 292 293 294 295 296 297 298 299 300 301 302 303 304 305 306 307 308 309 310 311 312 313 314 315 316 317 318 319 320 321 322 323 324 325 326 327 328 329 330 331 332 333 334 335 336 337 338 339 340 341 342 343 344 345 346 347 348 349 350 351 352 353 354 355 356 357 358 359 360 361 362 363 364 365 366 367 368 369 370 371 372 373 374 375 376 377 378 379 380 381 382 383 384 385 386 387 388 389 390 391 392 393 394 395 396 397 398 399 400 401 402 403 404 405 406 407 408 409 410 411 412 413 414 415 416 417 418 419 420 421 422 423 424 425 426 427 428 429 430 431 432 433 434 435 436 437 438 439 440 441 442 443 444 445 446 447 448 449 450 451 452 453 454 455 456 457 458 459 460 461 462 463 464 465 466 467 468 469 470 471 472 473 474 475 476 477 478 479 480 481 482 483 484 485 486 487 488 489 490 491 492 493 494 495 496 497 498 499 500 501 502 503 504 505 506 507 508 509 510 511 512 513 514 515 516 517 518 519 520 521 522 523 524 525 526 527 528 529 530 531 532 533 534 535 536 537 538 539 540 541 542 543 544 545 546 547 548 549 550 551 552 553 554 555 556 557 558 559 560 561 562 563 564 565 566 567 568 569 570 571 572 573 574 575 576 577 578 579 580 581 582 583 584 585 586 587 588 589 590 591 592 593 594 595 596 597 598 599 600 601 602 603 604 605 606 607 608 609 610 611 612 613 614 615 616 617 618 619 620 621 622 623 624 625 626 627 628 629 630 631 632 633 634 635 636 637 638 639 640 641 642 643 644 645 646 647 648 649 650 651 652 653 654 655 656 657 658 659 660 661 662 663 664 665 666 667 668 669 670 671 672 673 674 675 676 677 678 679 680 681 682 683 684 685 686 687 688 689 690 691 692 693 694 695 696 697 698 699 700 701 702 703 704 705 706 707 708 709 710 711 712 713 714 715 716 717 718 719 720 721 722 723 724 725 726 727 728 729 730 731 732 733 734 735 736 737 738 739 740 741 742 743 744 745 746 747 748 749 750 751 752 753 754 755 756 757 758 759 760 761 762 763 764 765 766 767 768 769 770 771 772 773 774 775 776 777 778 779 780 781 782 783 784 785 786 787 788 789 790 791 792 793 794 795 796 797 798 799 800 801 802 803 804 805 806 807 808 809 810 811 812 813 814 815 816 817 818 819 820 821 822 823 824 825 826 827 828 829 830 831 832 833 834 835 836 837 838 839 840 841 842 843 844 845 846 847 848 849 850 851 852 853 854 855 856 857 858 859 860 861 862 863 864 865 866 867 868 869 870 871 872 873 874 875 876 877 878 879 880 881 882 883 884 885 886 887 888 889 890 891 892 893 894 895 896 897 898 899 900 901 902 903 904 905 906 907 908 909 910 911 912 913 914 915 916 917 918 919 920 921 922 923 924 925 926 927 928 929 930 931 932 933 934 935 936 937 938 939 940 941 942 943 944 945 946 947 948 949 950 951 952 953 954 955 956 957 958 959 960 961 962 963 964 965 966 967 968 969 970 971 972 973 974 975 976 977 978 979 980 981 982 983 984 985 986 987 988 989 990 991 992 993 994 995 996 997 998 999 1000 1001 1002 1003 1004 1005 1006 1007 1008 1009 1010 1011 1012 1013 1014 1015 1016 1017 1018 1019 1020 1021 1022 1023 1024 1025 1026 1027 1028 1029 1030 1031 1032 1033 1034 1035 1036 1037 1038 1039 1040 1041 1042 1043 1044 1045 1046 1047 1048 1049 1050 1051 1052 1053 1054 1055 1056 1057 1058 1059 1060 1061 1062 1063 1064 1065 1066 1067 1068 1069 1070 1071 1072 1073 1074 1075 1076 1077 1078 1079 1080 1081 1082 1083 1084 1085 1086 1087 1088 1089 1090 1091 1092 1093 1094 1095 1096 1097 1098 1099 1100 1101 1102 1103 1104 1105 1106 1107 1108 1109 1110 1111 1112 1113 1114 1115 1116 1117 1118 1119 1120 1121 1122 1123 1124 1125 1126 1127 1128 1129 1130 1131 1132 1133 1134 1135 1136 1137 1138 1139 1140 1141 1142 1143 1144 1145 1146 1147 1148 1149 1150 1151 1152 1153 1154 1155 1156 1157 1158 1159 1160 1161 1162 1163 1164 1165 1166 1167 1168 1169 1170 1171 1172 1173 1174 1175 1176 1177 1178 1179 1180 1181 1182 1183 1184 1185 1186 1187 1188 1189 1190 1191 1192 1193 1194 1195 1196 1197 1198 1199 1200 1201 1202 1203 1204 1205 1206 1207 1208 1209 1210 1211 1212 1213 1214 1215 1216 1217 1218 1219 1220 1221 1222 1223 1224 1225 1226 1227 1228 1229 1230 1231 1232 1233 1234 1235 1236 1237 1238 1239 1240 1241 1242 1243 1244 1245 1246 1247 1248 1249 1250 1251 1252 1253 1254 1255 1256 1257 1258 1259 1260 1261 1262 1263 1264 1265 1266 1267 1268 1269 1270 1271 1272 1273 1274 1275 1276 1277 1278 1279 1280 1281 1282 1283 1284 1285 1286 1287 1288 1289 1290 1291 1292 1293 1294 1295 1296 1297 1298 1299 1300 1301 1302 1303 1304 1305 1306 1307 1308 1309 1310 1311 1312 1313 1314 1315 1316 1317 1318 1319 1320 1321 1322 1323 1324 1325 1326 1327 1328 1329 1330 1331 1332 1333 1334 1335 1336 1337 1338 1339 1340 1341 1342 1343 1344 1345 1346 1347 1348 1349 1350 1351 1352 1353 1354 1355 1356 1357 1358 1359 1360 1361 1362 1363 1364 1365 1366 1367 1368 1369 1370 1371 1372 1373 1374 1375 1376 1377 1378 1379 1380 1381 1382 1383 1384 1385 1386 1387 1388 1389 1390 1391 1392 1393 1394 1395 1396 1397 1398 1399 1400 1401 1402 1403 1404 1405 1406 1407 1408 1409 1410 1411 1412 1413 1414 1415 1416 1417 1418 1419 1420 1421 1422 1423 1424 1425 1426 1427 1428 1429 1430 1431 1432 1433 1434 1435 1436 1437 1438 1439 1440 1441 1442 1443 1444 1445 1446 1447 1448 1449 1450 1451 1452 1453 1454 1455 1456 1457 1458 1459 1460 1461 1462 1463 1464 1465 1466 1467 1468 1469 1470 1471 1472 1473 1474 1475 1476 1477 1478 1479 1480 1481 1482 1483 1484 1485 1486 1487 1488 1489 1490 1491 1492 1493 1494 1495 1496 1497 1498 1499 1500 1501 1502 1503 1504 1505 1506 1507 1508 1509 1510 1511 1512 1513 1514 1515 1516 1517 1518 1519 1520 1521 1522 1523 1524 1525 1526 1527 1528 1529 1530 1531 1532 1533 1534 1535 1536 1537 1538 1539 1540 1541 1542 1543 1544 1545 1546 1547 1548 1549 1550 1551 1552 1553 1554 1555 1556 1557 1558 1559 1560 1561 1562 1563 1564 1565 1566 1567 1568 1569 1570 1571 1572 1573 1574 1575 1576 1577 1578 1579 1580 1581 1582 1583 1584 1585 1586 1587 1588 1589 1590 1591 1592 1593 1594 1595 1596 1597 1598 1599 1600 1601 1602 1603 1604 1605 1606 1607 1608 1609 1610 1611 1612 1613 1614 1615 1616 1617 1618 1619 1620 1621 1622 1623 1624 1625 1626 1627 1628 1629 1630 1631 1632 1633 1634 1635 1636 1637 1638 1639 1640 1641 1642 1643 1644 1645 1646 1647 1648 1649 1650 1651 1652 1653 1654 1655 1656 1657 1658 1659 1660 1661 1662 1663 1664 1665 1666 1667 1668 1669 1670 1671 1672 1673 1674 1675 1676 1677 1678 1679 1680 1681 1682 1683 1684 1685 1686 1687 1688 1689 1690 1691 1692 1693 1694 1695 1696 1697 1698 1699 1700 1701 1702 1703 1704 1705 1706 1707 1708 1709 1710 1711 1712 1713 1714 1715 1716 1717 1718 1719 1720 1721 1722 1723 1724 1725 1726 1727 1728 1729 1730 1731 1732 1733 1734 1735 1736 1737 1738 1739 1740 1741 1742 1743 1744 1745 1746 1747 1748 1749 1750 1751 1752 1753 1754 1755 1756 1757 1758 1759 1760 1761 1762 1763 1764 1765 1766 1767 1768 1769 1770 1771 1772 1773 1774 1775 1776 1777 1778 1779 1780 1781 1782 1783 1784 1785 1786 1787 1788 1789 1790 1791 1792 1793 1794 1795 1796 1797 1798 1799 1800 1801 1802 1803 1804 1805 1806 1807 1808 1809 1810 1811 1812 1813 1814 1815 1816 1817 1818 1819 1820 1821 1822 1823 1824 1825 1826 1827 1828 1829 1830 1831 1832 1833 1834 1835 1836 1837 1838 1839 1840 1841 1842 1843 1844 1845 1846 1847 1848 1849 1850 1851 1852 1853 1854 1855 1856 1857 1858 1859 1860 1861 1862 1863 1864 1865 1866 1867 1868 1869 1870 1871 1872 1873 1874 1875 1876 1877 1878 1879 1880 1881 1882 1883 1884 1885 1886 1887 1888 1889 1890 1891 1892 1893 1894 1895 1896 1897 1898 1899 1900 1901 1902 1903 1904 1905 1906 1907 1908 1909 1910 1911 1912 1913 1914 1915 1916 1917 1918 1919 1920 1921 1922 1923 1924 1925 1926 1927 1928 1929 1930 1931 1932 1933 1934 1935 1936 1937 1938 1939 1940 1941 1942 1943 1944 1945 1946 1947 1948 1949 1950 1951 1952 1953 1954 1955 1956 1957 1958 1959 1960 1961 1962 1963 1964 1965 1966 1967 1968 1969 1970 1971 1972 1973 1974 1975 1976 1977 1978 1979 1980 1981 1982 1983 1984 1985 1986 1987 1988 1989 1990 1991 1992 1993 1994 1995 1996 1997 1998 1999 2000 2001 2002 2003 2004 2005 2006 2007 2008 2009 2010 2011 2012 2013 2014 2015 2016 2017 2018 2019 2020 2021 2022 2023 2024 2025 2026 2027 2028 2029 2030 2031 2032 2033 2034 2035 2036 2037 2038 2039 2040 2041 2042 2043 2044 2045 2046 2047 2048 2049 2050 2051 2052 2053 2054 2055 2056 2057 2058 2059 2060 2061 2062 2063 2064 2065 2066 2067 2068 2069 2070 2071 2072 2073 2074 2075 2076 2077 2078 2079 2080 2081 2082 2083 2084 2085 2086 2087 2088 2089 2090 2091 2092 2093 2094 2095 2096 2097 2098 2099 2100 2101 2102 2103 2104 2105 2106 2107 2108 2109 2110 2111 2112 2113 2114 2115 2116 2117 2118 2119 2120 2121 2122 2123 2124 2125 2126 2127 2128 2129 2130 2131 2132 2133 2134 2135 2136 2137 2138 2139 2140 2141 2142 2143 2144 2145 2146 2147 2148 2149 2150 2151 2152 2153 2154 2155 2156 2157 2158 2159 2160 2161 2162 2163 2164 2165 2166 2167 2168 2169 2170 2171 2172 2173 2174 2175 2176 2177 2178 2179 2180 2181 2182 2183 2184 2185 2186 2187 2188 2189 2190 2191 2192 2193 2194 2195 2196 2197 2198 2199 2200 2201 2202 2203 2204 2205 2206 2207 2208 2209 2210 2211 2212 2213 2214 2215 2216 2217 2218 2219 2220 2221 2222 2223 2224 2225 2226 2227 2228 2229 2230 2231 2232 2233 2234 2235 2236 2237 2238 2239 2240 2241 2242 2243 2244 2245 2246 2247 2248 2249 2250 2251 2252 2253 2254 2255 2256 2257 2258 2259 2260 2261 2262 2263 2264 2265 2266 2267 2268 2269 2270 2271 2272 2273 2274 2275 2276 2277 2278 2279 2280 2281 2282 2283 2284 2285 2286 2287 2288 2289 2290 2291 2292 2293 2294 2295 2296 2297 2298 2299 2300 2301 2302 2303 2304 2305 2306 2307 2308 2309 2310 2311 2312 2313 2314 2315 2316 2317 2318 2319 2320 2321 2322 2323 2324 2325 2326 2327 2328 2329 2330 2331 2332 2333 2334 2335 2336 2337 2338 2339 2340 2341 2342 2343 2344 2345 2346 2347 2348 2349 2350 2351 2352 2353 2354 2355 2356 2357 2358 2359 2360 2361 2362 2363 2364 2365 2366 2367 2368 2369 2370 2371 2372 2373 2374 2375 2376 2377 2378 2379 2380 2381 2382 2383 2384 2385 2386 2387 2388 2389 2390 2391 2392 2393 2394 2395 2396 2397 2398 2399 2400 2401 2402 2403 2404 2405 2406 2407 2408 2409 2410 2411 2412 2413 2414 2415 2416 2417 2418 2419 2420 2421 2422 2423 2424 2425 2426 2427 2428 2429 2430 2431 2432 2433 2434 2435 2436 2437 2438 2439 2440 2441 2442 2443 2444 2445 2446 2447 2448 2449 2450 2451 2452 2453 2454 2455 2456 2457 2458 2459 2460 2461 2462 2463 2464 2465 2466 2467 2468 2469 2470 2471 2472 2473 2474 2475 2476 2477 2478 2479 2480 2481 2482 2483 2484 2485 2486 2487 2488 2489 2490 2491 2492 2493 2494 2495 2496 2497 2498 2499 2500 2501 2502 2503 2504 2505 2506 2507 2508 2509 2510 2511 2512 2513 2514 2515 2516 2517 2518 2519 2520 2521 2522 2523 2524 2525 2526 2527 2528 2529 2530 2531 2532 2533 2534 2535 2536 2537 2538 2539 2540 2541 2542 2543 2544 2545 2546 2547 2548 2549 2550 2551 2552 2553 2554 2555 2556 2557 2558 2559 2560 2561 2562 2563 2564 2565 2566 2567 2568 2569 2570 2571 2572 2573 2574 2575 2576 2577 2578 2579 2580 2581 2582 2583 2584 2585 2586 2587 2588 2589 2590 2591 2592 2593 2594 2595 2596 2597 2598 2599 2600 2601 2602 2603 2604 2605 2606 2607 2608 2609 2610 2611 2612 2613 2614 2615 2616 2617 2618 2619 2620 2621 2622 2623 2624 2625 2626 2627 2628 2629 2630 2631 2632 2633 2634 2635 2636 2637 2638 2639 2640 2641 2642 2643 2644 2645 2646 2647 2648 2649 2650 2651 2652 2653 2654 2655 2656 2657 2658 2659 2660 2661 2662 2663 2664 2665 2666 2667 2668 2669 2670 2671 2672 2673 2674 2675 2676 2677 2678 2679 2680 2681 2682 2683 2684 2685 2686 2687 2688 2689 2690 2691 2692 2693 2694 2695 2696 2697 2698 2699 2700 2701 2702 2703 2704 2705 2706 2707 2708 2709 2710 2711 2712 2713 2714 2715 2716 2717 2718 2719 2720 2721 2722 2723 2724 2725 2726 2727 2728 2729 2730 2731 2732 2733 2734 2735 2736 2737 2738 2739 2740 2741 2742 2743 2744 2745 2746 2747 2748 2749 2750 2751 2752 2753 2754 2755 2756 2757 2758 2759 2760 2761 2762 2763 2764 2765 2766 2767 2768 2769 2770 2771 2772 2773 2774 2775 2776 2777 2778 2779 2780 2781 2782 2783 2784 2785 2786 2787 2788 2789 2790 2791 2792 2793 2794 2795 2796 2797 2798 2799 2800 2801 2802 2803 2804 2805 2806 2807 2808 2809 2810 2811 2812 2813 2814 2815 2816 2817 2818 2819 2820 2821 2822 2823 2824 2825 2826 2827 2828 2829 2830 2831 2832 2833 2834 2835 2836 2837 2838 2839 2840 2841 2842 2843 2844 2845 2846 2847 2848 2849 2850 2851 2852 2853 2854 2855 2856 2857 2858 2859 2860 2861 2862 2863 2864 2865 2866 2867 2868 2869 2870 2871 2872 2873 2874 2875 2876 2877 2878 2879 2880 2881 2882 2883 2884 2885 2886 2887 2888 2889 2890 2891 2892 2893 2894 2895 2896 2897 2898 2899 2900 2901 2902 2903 2904 2905 2906 2907 2908 2909 2910 2911 2912 2913 2914 2915 2916 2917 2918 2919 2920 2921 2922 2923 2924 2925 2926 2927 2928 2929 2930 2931 2932 2933 2934 2935 2936 2937 2938 2939 2940 2941 2942 2943 2944 2945 2946 2947 2948 2949 2950 2951 2952 2953 2954 2955 2956 2957 2958 2959 2960 2961 2962 2963 2964 2965 2966 2967 2968 2969 2970 2971 2972 2973 2974 2975 2976 2977 2978 2979 2980 2981 2982 2983 2984 2985 2986 2987 2988 2989 2990 2991 2992 2993 2994 2995 2996 2997 2998 2999 3000 3001 3002 3003 3004 3005 3006 3007 3008 3009 3010 3011 3012 3013 3014 3015 3016 3017 3018 3019 3020 3021 3022 3023 3024 3025 3026 3027 3028 3029 3030 3031 3032 3033 3034 3035 3036 3037 3038 3039 3040 3041 3042 3043 3044 3045 3046 3047 3048 3049 3050 3051 3052 3053 3054 3055 3056 3057 3058 3059 3060 3061 3062 3063 3064 3065 3066 3067 3068 3069 3070 3071 3072 3073 3074 3075 3076 3077 3078 3079 3080 3081 3082 3083 3084 3085 3086 3087 3088 3089 3090 3091 3092 3093 3094 3095 3096 3097 3098 3099 3100 3101 3102 3103 3104 3105 3106 3107 3108 3109 3110 3111 3112 3113 3114 3115 3116 3117 3118 3119 3120 3121 3122 3123 3124 3125 3126 3127 3128 3129 3130 3131 3132 3133 3134 3135 3136 3137 3138 3139 3140 3141 3142 3143 3144 3145 3146 3147 3148 3149 3150 3151 3152 3153 3154 3155 3156 3157 3158 3159 3160 3161 3162 3163 3164 3165 3166 3167 3168 3169 3170 3171 3172 3173 3174 3175 3176 3177 3178 3179 3180 3181 3182 3183 3184 3185 3186 3187 3188 3189 3190 3191 3192 3193 3194 3195 3196 3197 3198 3199 3200 3201 3202 3203 3204 3205 3206 3207 3208 3209 3210 3211 3212 3213 3214 3215 3216 3217 3218 3219 3220 3221 3222 3223 3224 3225 3226 3227 3228 3229 3230 3231 3232 3233 3234 3235 3236 3237 3238 3239 3240 3241 3242 3243 3244 3245 3246 3247 3248 3249 3250 3251 3252 3253 3254 3255 3256 3257 3258 3259 3260 3261 3262 3263 3264 3265 3266 3267 3268 3269 3270 3271 3272 3273 3274 3275 3276 3277 3278 3279 3280 3281 3282 3283 3284 3285 3286 3287 3288 3289 3290 3291 3292 3293 3294 3295 3296 3297 3298 3299 3300 3301 3302 3303 3304 3305 3306 3307 3308 3309 3310 3311 3312 3313 3314 3315 3316 3317 3318 3319 3320 3321 3322 3323 3324 3325 3326 3327 3328 3329 3330 3331 3332 3333 3334 3335 3336 3337 3338 3339 3340 3341 3342 3343 3344 3345 3346 3347 3348 3349 3350 3351 3352 3353 3354 3355 3356 3357 3358 3359 3360 3361 3362 3363 3364 3365 3366 3367 3368 3369 3370 3371 3372 3373 3374 3375 3376 3377 3378 3379 3380 3381 3382 3383 3384 3385 3386 3387 3388 3389 3390 3391 3392 3393 3394 3395 3396 3397 3398 3399 3400 3401 3402 3403 3404 3405 3406 3407 3408 3409 3410 3411 3412 3413 3414 3415 3416 3417 3418 3419 3420 3421 3422 3423 3424 3425 3426 3427 3428 3429 3430 3431 3432 3433 3434 3435 3436 3437 3438 3439 3440 3441 3442 3443 3444 3445 3446 3447 3448 3449 3450 3451 3452 3453 3454 3455 3456 3457 3458 3459 3460 3461 3462 3463 3464 3465 3466 3467 3468 3469 3470 3471 3472 3473 3474 3475 3476 3477 3478 3479 3480 3481 3482 3483 3484 3485 3486 3487 3488 3489 3490 3491 3492 3493 3494 3495 3496 3497 3498 3499 3500 3501 3502 3503 3504 3505 3506 3507 3508 3509 3510 3511 3512 3513 3514 3515 3516 3517 3518 3519 3520 3521 3522 3523 3524 3525 3526 3527 3528 3529 3530 3531 3532 3533 3534 3535 3536 3537 3538 3539 3540 3541 3542 3543 3544 3545 3546 3547 3548 3549 3550 3551 3552 3553 3554 3555 3556 3557 3558 3559 3560 3561 3562 3563 3564 3565 3566 3567 3568 3569 3570 3571 3572 3573 3574 3575 3576 3577 3578 3579 3580 3581 3582 3583 3584 3585 3586 3587 3588 3589 3590 3591 3592 3593 3594 3595 3596 3597 3598 3599 3600 3601 3602 3603 3604 3605 3606 3607 3608 3609 3610 3611 3612 3613 3614 3615 3616 3617 3618 3619 3620 3621 3622 3623 3624 3625 3626 3627 3628 3629 3630 3631 3632 3633 3634 3635 3636 3637 3638 3639 3640 3641 3642 3643 3644 3645 3646 3647 3648 3649 3650 3651 3652 3653 3654 3655 3656 3657 3658 3659 3660 3661 3662 3663 3664 3665 3666 3667 3668 3669 3670 3671 3672 3673 3674 3675 3676 3677 3678 3679 3680 3681 3682 3683 3684 3685 3686 3687 3688 3689 3690 3691 3692 3693 3694 3695 3696 3697 3698 3699 3700 3701 3702 3703 3704 3705 3706 3707 3708 3709 3710 3711 3712 3713 3714 3715 3716 3717 3718 3719 3720 3721 3722 3723 3724 3725 3726 3727 3728 3729 3730 3731 3732 3733 3734 3735 3736 3737 3738 3739 3740 3741 3742 3743 3744 3745 3746 3747 3748 3749 3750 3751 3752 3753 3754 3755 3756 3757 3758 3759 3760 3761 3762 3763 3764 3765 3766 3767 3768 3769 3770 3771 3772 3773 3774 3775 3776 3777 3778 3779 3780 3781 3782 3783 3784 3785 3786 3787 3788 3789 3790 3791 3792 3793 3794 3795 3796 3797 3798 3799 3800 3801 3802 3803 3804 3805 3806 </p>
        </polylist>
      </mesh>
    </geometry>
    <geometry id="_25i25i25_1" name="25,25,25" >
      <mesh>
        <source id="_25i25i25_1-positions" name="_25i25i25_1-positions">
          <float_array id="_25i25i25_1-positions-array" count="612"> 398.948364 59.1783943 -354 391.665985 66.54673 -332 397.905121 0 -332 379.737549 135.872253 -354 391.665985 66.54673 -332 398.948364 59.1783943 -354 379.737549 135.872253 -354 367.038025 152.03215 -332 391.665985 66.54673 -332 345.933594 207.34462 -354 367.038025 152.03215 -332 379.737549 135.872253 -354 345.933594 207.34462 -354 324.00531 229.894028 -332 367.038025 152.03215 -332 312.141632 256.167999 -354 324.00531 229.894028 -332 345.933594 207.34462 -354 312.141632 256.167999 -354 281.36142 281.36142 -332 324.00531 229.894028 -332 270.848877 298.835663 -354 281.36142 281.36142 -332 312.141632 256.167999 -354 270.848877 298.835663 -354 229.894028 324.00531 -332 281.36142 281.36142 -332 207.34462 345.933594 -354 229.894028 324.00531 -332 270.848877 298.835663 -354 207.34462 345.933594 -354 152.03215 367.038025 -332 229.894028 324.00531 -332 135.872253 379.737549 -354 152.03215 367.038025 -332 207.34462 345.933594 -354 135.872253 379.737549 -354 66.54673 391.665985 -332 152.03215 367.038025 -332 59.1783943 398.948364 -354 66.54673 391.665985 -332 135.872253 379.737549 -354 59.1783943 398.948364 -354 0 397.905121 -332 66.54673 391.665985 -332 -19.7896595 402.827789 -354 0 397.905121 -332 59.1783943 398.948364 -354 -19.7896595 402.827789 -354 -66.54673 391.665985 -332 0 397.905121 -332 -78.7774734 396.041107 -354 -66.54673 391.665985 -332 -19.7896595 402.827789 -354 -135.872253 379.737549 -354 -66.54673 391.665985 -332 -78.7774734 396.041107 -354 -135.872253 379.737549 -354 -152.03215 367.038025 -332 -66.54673 391.665985 -332 -207.34462 345.933594 -354 -152.03215 367.038025 -332 -135.872253 379.737549 -354 -207.34462 345.933594 -354 -229.894028 324.00531 -332 -152.03215 367.038025 -332 -256.167999 312.141632 -354 -229.894028 324.00531 -332 -207.34462 345.933594 -354 -256.167999 312.141632 -354 -281.36142 281.36142 -332 -229.894028 324.00531 -332 -298.835663 270.848877 -354 -281.36142 281.36142 -332 -256.167999 312.141632 -354 -298.835663 270.848877 -354 -324.00531 229.894028 -332 -281.36142 281.36142 -332 -345.933594 207.34462 -354 -324.00531 229.894028 -332 -298.835663 270.848877 -354 -345.933594 207.34462 -354 -367.038025 152.03215 -332 -324.00531 229.894028 -332 -379.737549 135.872253 -354 -367.038025 152.03215 -332 -345.933594 207.34462 -354 -379.737549 135.872253 -354 -391.665985 66.54673 -332 -367.038025 152.03215 -332 -398.948364 59.1783943 -354 -391.665985 66.54673 -332 -379.737549 135.872253 -354 -398.948364 59.1783943 -354 -397.905121 0 -332 -391.665985 66.54673 -332 -402.827789 -19.7896595 -354 -397.905121 0 -332 -398.948364 59.1783943 -354 -402.827789 -19.7896595 -354 -391.665985 -66.54673 -332 -397.905121 0 -332 -396.041107 -78.7774734 -354 -391.665985 -66.54673 -332 -402.827789 -19.7896595 -354 -379.737549 -135.872253 -354 -391.665985 -66.54673 -332 -396.041107 -78.7774734 -354 -379.737549 -135.872253 -354 -367.038025 -152.03215 -332 -391.665985 -66.54673 -332 -345.933594 -207.34462 -354 -367.038025 -152.03215 -332 -379.737549 -135.872253 -354 -345.933594 -207.34462 -354 -324.00531 -229.894028 -332 -367.038025 -152.03215 -332 -312.141632 -256.167999 -354 -324.00531 -229.894028 -332 -345.933594 -207.34462 -354 -312.141632 -256.167999 -354 -281.36142 -281.36142 -332 -324.00531 -229.894028 -332 -270.848877 -298.835663 -354 -281.36142 -281.36142 -332 -312.141632 -256.167999 -354 -270.848877 -298.835663 -354 -229.894028 -324.00531 -332 -281.36142 -281.36142 -332 -207.34462 -345.933594 -354 -229.894028 -324.00531 -332 -270.848877 -298.835663 -354 -207.34462 -345.933594 -354 -152.03215 -367.038025 -332 -229.894028 -324.00531 -332 -135.872253 -379.737549 -354 -152.03215 -367.038025 -332 -207.34462 -345.933594 -354 -135.872253 -379.737549 -354 -66.54673 -391.665985 -332 -152.03215 -367.038025 -332 -59.1783943 -398.948364 -354 -66.54673 -391.665985 -332 -135.872253 -379.737549 -354 -59.1783943 -398.948364 -354 0 -397.905121 -332 -66.54673 -391.665985 -332 19.7896595 -402.827789 -354 0 -397.905121 -332 -59.1783943 -398.948364 -354 19.7896595 -402.827789 -354 66.54673 -391.665985 -332 0 -397.905121 -332 78.7774734 -396.041107 -354 66.54673 -391.665985 -332 19.7896595 -402.827789 -354 135.872253 -379.737549 -354 66.54673 -391.665985 -332 78.7774734 -396.041107 -354 135.872253 -379.737549 -354 152.03215 -367.038025 -332 66.54673 -391.665985 -332 207.34462 -345.933594 -354 152.03215 -367.038025 -332 135.872253 -379.737549 -354 207.34462 -345.933594 -354 229.894028 -324.00531 -332 152.03215 -367.038025 -332 256.167999 -312.141632 -354 229.894028 -324.00531 -332 207.34462 -345.933594 -354 256.167999 -312.141632 -354 281.36142 -281.36142 -332 229.894028 -324.00531 -332 298.835663 -270.848877 -354 281.36142 -281.36142 -332 256.167999 -312.141632 -354 298.835663 -270.848877 -354 324.00531 -229.894028 -332 281.36142 -281.36142 -332 345.933594 -207.34462 -354 324.00531 -229.894028 -332 298.835663 -270.848877 -354 345.933594 -207.34462 -354 367.038025 -152.03215 -332 324.00531 -229.894028 -332 379.737549 -135.872253 -354 367.038025 -152.03215 -332 345.933594 -207.34462 -354 379.737549 -135.872253 -354 391.665985 -66.54673 -332 367.038025 -152.03215 -332 396.041107 -78.7774734 -354 391.665985 -66.54673 -332 379.737549 -135.872253 -354 402.827789 -19.7896595 -354 391.665985 -66.54673 -332 396.041107 -78.7774734 -354 397.905121 0 -332 402.827789 -19.7896595 -354 398.948364 59.1783943 -354 391.665985 -66.54673 -332 402.827789 -19.7896595 -354 397.905121 0 -332 </float_array>
          <technique_common>
            <accessor count="204" offset="0" source="#_25i25i25_1-positions-array" stride="3">
              <param name="X" type="float" />
              <param name="Y" type="float" />
              <param name="Z" type="float" />
            </accessor>
          </technique_common>
        </source>
        <vertices id="_25i25i25_1-vertices">
          <input semantic="POSITION" source="#_25i25i25_1-positions" />
        </vertices>
        <polylist count="68" material="defaultMaterial">
          <input offset="0" semantic="VERTEX" source="#_25i25i25_1-vertices" />
          <vcount>3 3 3 3 3 3 3 3 3 3 3 3 3 3 3 3 3 3 3 3 3 3 3 3 3 3 3 3 3 3 3 3 3 3 3 3 3 3 3 3 3 3 3 3 3 3 3 3 3 3 3 3 3 3 3 3 3 3 3 3 3 3 3 3 3 3 3 3 </vcount>
          <p>0 1 2 3 4 5 6 7 8 9 10 11 12 13 14 15 16 17 18 19 20 21 22 23 24 25 26 27 28 29 30 31 32 33 34 35 36 37 38 39 40 41 42 43 44 45 46 47 48 49 50 51 52 53 54 55 56 57 58 59 60 61 62 63 64 65 66 67 68 69 70 71 72 73 74 75 76 77 78 79 80 81 82 83 84 85 86 87 88 89 90 91 92 93 94 95 96 97 98 99 100 101 102 103 104 105 106 107 108 109 110 111 112 113 114 115 116 117 118 119 120 121 122 123 124 125 126 127 128 129 130 131 132 133 134 135 136 137 138 139 140 141 142 143 144 145 146 147 148 149 150 151 152 153 154 155 156 157 158 159 160 161 162 163 164 165 166 167 168 169 170 171 172 173 174 175 176 177 178 179 180 181 182 183 184 185 186 187 188 189 190 191 192 193 194 195 196 197 198 199 200 201 202 203 </p>
        </polylist>
      </mesh>
    </geometry>
    <geometry id="_160i160i160_1" name="160,160,160" >
      <mesh>
        <source id="_160i160i160_1-positions" name="_160i160i160_1-positions">
          <float_array id="_160i160i160_1-positions-array" count="927"> 573.273071 -379.995758 -385.368103 576 -372.632721 -390.335419 576 -361.312622 -388.057587 576 -382.10556 -397.916931 576 -372.632721 -390.335419 573.273071 -379.995758 -385.368103 576 -382.10556 -397.916931 576 -376.320099 -401.277832 576 -372.632721 -390.335419 573.273071 -353.368286 -415.595337 576 -357.367279 -407.664551 576 -368.687378 -409.942444 576 -347.89444 -400.083008 576 -357.367279 -407.664551 573.273071 -353.368286 -415.595337 576 -347.89444 -400.083008 576 -353.679901 -396.722137 576 -357.367279 -407.664551 573.273071 -348.404694 -387.368286 576 -353.679901 -396.722137 576 -347.89444 -400.083008 573.273071 -348.404694 -387.368286 576 -361.312622 -388.057587 576 -353.679901 -396.722137 573.273071 -381.383057 -592.184387 576 -372.632721 -595.335449 576 -361.312622 -593.057617 576 -382.10556 -602.916931 576 -372.632721 -595.335449 573.273071 -381.383057 -592.184387 576 -382.10556 -602.916931 576 -376.320099 -606.277832 576 -372.632721 -595.335449 573.273071 -350.004242 -617.631897 576 -357.367279 -612.664551 576 -368.687378 -614.942444 573.273071 -344.755554 -605.281738 576 -357.367279 -612.664551 573.273071 -350.004242 -617.631897 573.273071 -344.755554 -605.281738 576 -353.679901 -601.722168 576 -357.367279 -612.664551 573.273071 348.616943 -592.184387 576 357.367279 -595.335449 576 368.687378 -593.057617 576 347.89444 -602.916931 576 357.367279 -595.335449 573.273071 348.616943 -592.184387 576 347.89444 -602.916931 576 353.679901 -606.277832 576 357.367279 -595.335449 573.273071 379.995758 -617.631897 576 372.632721 -612.664551 576 361.312622 -614.942444 573.273071 385.244446 -605.281738 576 372.632721 -612.664551 573.273071 379.995758 -617.631897 573.273071 385.244446 -605.281738 576 376.320099 -601.722168 576 372.632721 -612.664551 573.273071 350.004242 -385.368103 576 357.367279 -390.335419 576 368.687378 -388.057587 576 347.89444 -397.916931 576 357.367279 -390.335419 573.273071 350.004242 -385.368103 576 347.89444 -397.916931 576 353.679901 -401.277832 576 357.367279 -390.335419 573.273071 376.631714 -415.595337 576 372.632721 -407.664551 576 361.312622 -409.942444 576 382.10556 -400.083008 576 372.632721 -407.664551 573.273071 376.631714 -415.595337 576 382.10556 -400.083008 576 376.320099 -396.722137 576 372.632721 -407.664551 573.273071 381.595306 -387.368286 576 376.320099 -396.722137 576 382.10556 -400.083008 573.273071 381.595306 -387.368286 576 368.687378 -388.057587 576 376.320099 -396.722137 19.0096893 -315.661163 -619 0 -300.501434 -619 12.4698 -304.363373 -619 19.0096893 -315.661163 -619 -15.7397451 -310.012268 -619 0 -300.501434 -619 19.0096893 -315.661163 -619 -19.0096893 -344.338837 -619 -15.7397451 -310.012268 -619 15.7397451 -349.987732 -619 -19.0096893 -344.338837 -619 19.0096893 -315.661163 -619 -19.0096893 -344.338837 -619 0 -359.498566 -619 -12.4698 -355.636627 -619 15.7397451 -349.987732 -619 0 -359.498566 -619 -19.0096893 -344.338837 -619 2.34068489 310.722748 -619 17.1945248 339.024353 -619 17.1945248 320.975647 -619 2.34068489 310.722748 -619 2.34068489 349.277252 -619 17.1945248 339.024353 -619 -14.5352049 317.122925 -619 2.34068489 349.277252 -619 2.34068489 310.722748 -619 -14.5352049 317.122925 -619 -11.36129 346.459686 -619 2.34068489 349.277252 -619 -14.5352049 317.122925 -619 -18.8545609 334.647217 -619 -11.36129 346.459686 -619 -298.736969 6.21860504 -654 -287.019348 37.242939 -654 -273.707306 8.09366512 -654 -312.290924 26.5035248 -654 -287.019348 37.242939 -654 -298.736969 6.21860504 -654 -312.290924 26.5035248 -654 -306.131775 52.2641525 -654 -287.019348 37.242939 -654 -312.290924 26.5035248 -654 -330 56.8715363 -654 -306.131775 52.2641525 -654 -336.218597 31.2630405 -654 -330 56.8715363 -654 -312.290924 26.5035248 -654 -336.218597 31.2630405 -654 -360.74707 47.8433838 -654 -330 56.8715363 -654 -356.50354 17.7090893 -654 -360.74707 47.8433838 -654 -336.218597 31.2630405 -654 -356.50354 17.7090893 -654 -381.732178 23.6252956 -654 -360.74707 47.8433838 -654 -361.263031 -6.21860504 -654 -381.732178 23.6252956 -654 -356.50354 17.7090893 -654 -361.263031 -6.21860504 -654 -386.292633 -8.09366512 -654 -381.732178 23.6252956 -654 -361.263031 -6.21860504 -654 -372.980652 -37.242939 -654 -386.292633 -8.09366512 -654 -347.709076 -26.5035248 -654 -372.980652 -37.242939 -654 -361.263031 -6.21860504 -654 -347.709076 -26.5035248 -654 -353.868256 -52.2641525 -654 -372.980652 -37.242939 -654 -347.709076 -26.5035248 -654 -330 -56.8715363 -654 -353.868256 -52.2641525 -654 -323.781403 -31.2630405 -654 -330 -56.8715363 -654 -347.709076 -26.5035248 -654 -323.781403 -31.2630405 -654 -306.131775 -52.2641525 -654 -330 -56.8715363 -654 -323.781403 -31.2630405 -654 -287.019348 -37.242939 -654 -306.131775 -52.2641525 -654 -303.49646 -17.7090893 -654 -287.019348 -37.242939 -654 -323.781403 -31.2630405 -654 -303.49646 -17.7090893 -654 -274.871033 -16.1873302 -654 -287.019348 -37.242939 -654 -298.736969 6.21860504 -654 -274.871033 -16.1873302 -654 -303.49646 -17.7090893 -654 -298.736969 6.21860504 -654 -273.707306 8.09366512 -654 -274.871033 -16.1873302 -654 271.263031 336.218597 -654 282.980652 367.242981 -654 296.292694 338.093628 -654 262.980988 352.980957 -654 282.980652 367.242981 -654 271.263031 336.218597 -654 246.218597 361.263031 -654 282.980652 367.242981 -654 262.980988 352.980957 -654 246.218597 361.263031 -654 256.022583 384.567841 -654 282.980652 367.242981 -654 246.218597 361.263031 -654 223.977432 384.567841 -654 256.022583 384.567841 -654 227.56279 360.026093 -654 223.977432 384.567841 -654 246.218597 361.263031 -654 227.56279 360.026093 -654 197.019348 367.242981 -654 223.977432 384.567841 -654 213.496475 347.709076 -654 197.019348 367.242981 -654 227.56279 360.026093 -654 213.496475 347.709076 -654 184.871017 346.187317 -654 197.019348 367.242981 -654 207.5 330 -654 184.871017 346.187317 -654 213.496475 347.709076 -654 207.5 330 -654 183.707321 321.906372 -654 184.871017 346.187317 -654 213.496475 312.290924 -654 183.707321 321.906372 -654 207.5 330 -654 213.496475 312.290924 -654 197.019348 292.75708 -654 183.707321 321.906372 -654 227.56279 299.973938 -654 197.019348 292.75708 -654 213.496475 312.290924 -654 227.56279 299.973938 -654 223.977432 275.432159 -654 197.019348 292.75708 -654 246.218597 298.736969 -654 223.977432 275.432159 -654 227.56279 299.973938 -654 246.218597 298.736969 -654 256.022583 275.432159 -654 223.977432 275.432159 -654 246.218597 298.736969 -654 282.980652 292.75708 -654 256.022583 275.432159 -654 266.50354 312.290924 -654 282.980652 292.75708 -654 246.218597 298.736969 -654 266.50354 312.290924 -654 295.128967 313.812683 -654 282.980652 292.75708 -654 271.263031 336.218597 -654 295.128967 313.812683 -654 266.50354 312.290924 -654 271.263031 336.218597 -654 296.292694 338.093628 -654 295.128967 313.812683 -654 266.50354 -312.290924 -654 296.292694 -321.906372 -654 271.263031 -336.218597 -654 266.50354 -312.290924 -654 282.980652 -292.75708 -654 296.292694 -321.906372 -654 252.43721 -299.973938 -654 282.980652 -292.75708 -654 266.50354 -312.290924 -654 252.43721 -299.973938 -654 256.022583 -275.432159 -654 282.980652 -292.75708 -654 233.781403 -298.736969 -654 256.022583 -275.432159 -654 252.43721 -299.973938 -654 233.781403 -298.736969 -654 223.977432 -275.432159 -654 256.022583 -275.432159 -654 233.781403 -298.736969 -654 202.374084 -286.577362 -654 223.977432 -275.432159 -654 213.496475 -312.290924 -654 202.374084 -286.577362 -654 233.781403 -298.736969 -654 213.496475 -312.290924 -654 188.267822 -306.374695 -654 202.374084 -286.577362 -654 208.736954 -336.218597 -654 188.267822 -306.374695 -654 213.496475 -312.290924 -654 208.736954 -336.218597 -654 183.707321 -338.093628 -654 188.267822 -306.374695 -654 208.736954 -336.218597 -654 197.019348 -367.242981 -654 183.707321 -338.093628 -654 217.019028 -352.980957 -654 197.019348 -367.242981 -654 208.736954 -336.218597 -654 233.781403 -361.263031 -654 197.019348 -367.242981 -654 217.019028 -352.980957 -654 233.781403 -361.263031 -654 223.977432 -384.567841 -654 197.019348 -367.242981 -654 233.781403 -361.263031 -654 256.022583 -384.567841 -654 223.977432 -384.567841 -654 257.709076 -356.50354 -654 256.022583 -384.567841 -654 233.781403 -361.263031 -654 257.709076 -356.50354 -654 282.980652 -367.242981 -654 256.022583 -384.567841 -654 271.263031 -336.218597 -654 282.980652 -367.242981 -654 257.709076 -356.50354 -654 271.263031 -336.218597 -654 295.128967 -346.187317 -654 282.980652 -367.242981 -654 271.263031 -336.218597 -654 296.292694 -321.906372 -654 295.128967 -346.187317 -654 </float_array>
          <technique_common>
            <accessor count="309" offset="0" source="#_160i160i160_1-positions-array" stride="3">
              <param name="X" type="float" />
              <param name="Y" type="float" />
              <param name="Z" type="float" />
            </accessor>
          </technique_common>
        </source>
        <vertices id="_160i160i160_1-vertices">
          <input semantic="POSITION" source="#_160i160i160_1-positions" />
        </vertices>
        <polylist count="103" material="defaultMaterial">
          <input offset="0" semantic="VERTEX" source="#_160i160i160_1-vertices" />
          <vcount>3 3 3 3 3 3 3 3 3 3 3 3 3 3 3 3 3 3 3 3 3 3 3 3 3 3 3 3 3 3 3 3 3 3 3 3 3 3 3 3 3 3 3 3 3 3 3 3 3 3 3 3 3 3 3 3 3 3 3 3 3 3 3 3 3 3 3 3 3 3 3 3 3 3 3 3 3 3 3 3 3 3 3 3 3 3 3 3 3 3 3 3 3 3 3 3 3 3 3 3 3 3 3 </vcount>
          <p>0 1 2 3 4 5 6 7 8 9 10 11 12 13 14 15 16 17 18 19 20 21 22 23 24 25 26 27 28 29 30 31 32 33 34 35 36 37 38 39 40 41 42 43 44 45 46 47 48 49 50 51 52 53 54 55 56 57 58 59 60 61 62 63 64 65 66 67 68 69 70 71 72 73 74 75 76 77 78 79 80 81 82 83 84 85 86 87 88 89 90 91 92 93 94 95 96 97 98 99 100 101 102 103 104 105 106 107 108 109 110 111 112 113 114 115 116 117 118 119 120 121 122 123 124 125 126 127 128 129 130 131 132 133 134 135 136 137 138 139 140 141 142 143 144 145 146 147 148 149 150 151 152 153 154 155 156 157 158 159 160 161 162 163 164 165 166 167 168 169 170 171 172 173 174 175 176 177 178 179 180 181 182 183 184 185 186 187 188 189 190 191 192 193 194 195 196 197 198 199 200 201 202 203 204 205 206 207 208 209 210 211 212 213 214 215 216 217 218 219 220 221 222 223 224 225 226 227 228 229 230 231 232 233 234 235 236 237 238 239 240 241 242 243 244 245 246 247 248 249 250 251 252 253 254 255 256 257 258 259 260 261 262 263 264 265 266 267 268 269 270 271 272 273 274 275 276 277 278 279 280 281 282 283 284 285 286 287 288 289 290 291 292 293 294 295 296 297 298 299 300 301 302 303 304 305 306 307 308 </p>
        </polylist>
      </mesh>
    </geometry>
    <geometry id="_25i25i25_2" name="25,25,25" >
      <mesh>
        <source id="_25i25i25_2-positions" name="_25i25i25_2-positions">
          <float_array id="_25i25i25_2-positions-array" count="855"> 353.960388 39.475563 -325.419678 306.453156 37.5947418 -318.498718 310.160614 -28.4534836 -319.160767 290.060272 111.779465 -319.160767 306.453156 37.5947418 -318.498718 353.960388 39.475563 -325.419678 254.070618 179.238129 -319.160767 290.060272 111.779465 -319.160767 316.330017 159.936737 -325.419678 66.9060822 303.842804 -319.160767 139.015411 278.274231 -319.160767 153.073547 321.581665 -325.419678 33.7013779 353.296021 -325.419678 -9.27654457 311.032745 -319.160767 66.9060822 303.842804 -319.160767 -110.238152 335.650177 -325.419678 -9.27654457 311.032745 -319.160767 33.7013779 353.296021 -325.419678 -84.9200516 299.402771 -319.160767 -9.27654457 311.032745 -319.160767 -110.238152 335.650177 -325.419678 -155.443359 269.652191 -319.160767 -84.9200516 299.402771 -319.160767 -110.238152 335.650177 -325.419678 -296.639282 94.4320297 -319.160767 -264.609985 163.969238 -319.160767 -316.330017 159.936737 -325.419678 -310.129669 9.58845901 -319.160767 -296.639282 94.4320297 -319.160767 -353.960388 39.475563 -325.419678 -309.533325 -175.465195 -325.419678 -296.639435 -94.4320679 -319.160767 -348.829681 -70.1196594 -325.419678 -264.610107 -163.969315 -319.160767 -296.639435 -94.4320679 -319.160767 -309.533325 -175.465195 -325.419678 -253.829483 -249.833694 -325.419678 -216.574631 -223.57872 -319.160767 -264.610107 -163.969315 -319.160767 1.99999999e-06 -308.595428 -318.498718 -84.9200974 -299.402924 -319.160767 -78.4646683 -347.404022 -325.419678 84.9200974 -299.402924 -319.160767 1.99999999e-06 -308.595428 -318.498718 14.1248932 -355.529846 -325.419678 154.897736 -318.827759 -325.419678 84.9200974 -299.402924 -319.160767 14.1248932 -355.529846 -325.419678 154.897736 -318.827759 -325.419678 216.574631 -223.57872 -319.160767 155.443436 -269.652313 -319.160767 253.829483 -249.833694 -325.419678 216.574631 -223.57872 -319.160767 154.897736 -318.827759 -325.419678 296.639435 -94.4320679 -319.160767 264.610107 -163.969315 -319.160767 309.533325 -175.465195 -325.419678 348.829681 -70.1196594 -325.419678 310.160614 -28.4534836 -319.160767 296.639435 -94.4320679 -319.160767 397.905121 0 -332 348.829681 -70.1196594 -325.419678 391.665985 -66.54673 -332 367.038025 -152.03215 -332 391.665985 -66.54673 -332 348.829681 -70.1196594 -325.419678 309.533325 -175.465195 -325.419678 367.038025 -152.03215 -332 348.829681 -70.1196594 -325.419678 253.829483 -249.833694 -325.419678 324.00531 -229.894028 -332 309.533325 -175.465195 -325.419678 281.36142 -281.36142 -332 324.00531 -229.894028 -332 253.829483 -249.833694 -325.419678 296.639435 -94.4320679 -319.160767 309.533325 -175.465195 -325.419678 348.829681 -70.1196594 -325.419678 309.533325 -175.465195 -325.419678 324.00531 -229.894028 -332 367.038025 -152.03215 -332 264.610107 -163.969315 -319.160767 253.829483 -249.833694 -325.419678 309.533325 -175.465195 -325.419678 216.574631 -223.57872 -319.160767 253.829483 -249.833694 -325.419678 264.610107 -163.969315 -319.160767 253.829483 -249.833694 -325.419678 229.894028 -324.00531 -332 281.36142 -281.36142 -332 154.897736 -318.827759 -325.419678 229.894028 -324.00531 -332 253.829483 -249.833694 -325.419678 14.1248932 -355.529846 -325.419678 0 -397.905121 -332 66.54673 -391.665985 -332 -66.54673 -391.665985 -332 0 -397.905121 -332 14.1248932 -355.529846 -325.419678 154.897736 -318.827759 -325.419678 152.03215 -367.038025 -332 229.894028 -324.00531 -332 84.9200974 -299.402924 -319.160767 154.897736 -318.827759 -325.419678 155.443436 -269.652313 -319.160767 154.897736 -318.827759 -325.419678 66.54673 -391.665985 -332 152.03215 -367.038025 -332 14.1248932 -355.529846 -325.419678 66.54673 -391.665985 -332 154.897736 -318.827759 -325.419678 -78.4646683 -347.404022 -325.419678 14.1248932 -355.529846 -325.419678 1.99999999e-06 -308.595428 -318.498718 -78.4646683 -347.404022 -325.419678 -66.54673 -391.665985 -332 14.1248932 -355.529846 -325.419678 -165.532379 -314.957062 -325.419678 -84.9200974 -299.402924 -319.160767 -155.443436 -269.652313 -319.160767 -165.532379 -314.957062 -325.419678 -78.4646683 -347.404022 -325.419678 -84.9200974 -299.402924 -319.160767 -152.03215 -367.038025 -332 -78.4646683 -347.404022 -325.419678 -165.532379 -314.957062 -325.419678 -66.54673 -391.665985 -332 -78.4646683 -347.404022 -325.419678 -152.03215 -367.038025 -332 -253.829483 -249.833694 -325.419678 -229.894028 -324.00531 -332 -165.532379 -314.957062 -325.419678 -281.36142 -281.36142 -332 -229.894028 -324.00531 -332 -253.829483 -249.833694 -325.419678 -367.038025 -152.03215 -332 -324.00531 -229.894028 -332 -309.533325 -175.465195 -325.419678 -165.532379 -314.957062 -325.419678 -229.894028 -324.00531 -332 -152.03215 -367.038025 -332 -216.574631 -223.57872 -319.160767 -165.532379 -314.957062 -325.419678 -155.443436 -269.652313 -319.160767 -216.574631 -223.57872 -319.160767 -253.829483 -249.833694 -325.419678 -165.532379 -314.957062 -325.419678 -253.829483 -249.833694 -325.419678 -324.00531 -229.894028 -332 -281.36142 -281.36142 -332 -253.829483 -249.833694 -325.419678 -309.533325 -175.465195 -325.419678 -324.00531 -229.894028 -332 -264.610107 -163.969315 -319.160767 -309.533325 -175.465195 -325.419678 -253.829483 -249.833694 -325.419678 -348.829681 -70.1196594 -325.419678 -367.038025 -152.03215 -332 -309.533325 -175.465195 -325.419678 -348.829681 -70.1196594 -325.419678 -296.639435 -94.4320679 -319.160767 -310.129669 9.58845901 -319.160767 -367.038025 -152.03215 -332 -348.829681 -70.1196594 -325.419678 -391.665985 -66.54673 -332 -397.905121 0 -332 -391.665985 -66.54673 -332 -348.829681 -70.1196594 -325.419678 -316.330017 159.936737 -325.419678 -367.038025 152.03215 -332 -391.665985 66.54673 -332 -353.960388 39.475563 -325.419678 -348.829681 -70.1196594 -325.419678 -310.129669 9.58845901 -319.160767 -353.960388 39.475563 -325.419678 -397.905121 0 -332 -348.829681 -70.1196594 -325.419678 -353.960388 39.475563 -325.419678 -391.665985 66.54673 -332 -397.905121 0 -332 -353.960388 39.475563 -325.419678 -316.330017 159.936737 -325.419678 -391.665985 66.54673 -332 -296.639282 94.4320297 -319.160767 -316.330017 159.936737 -325.419678 -353.960388 39.475563 -325.419678 -316.330017 159.936737 -325.419678 -324.00531 229.894028 -332 -367.038025 152.03215 -332 -234.824921 266.715118 -325.419678 -264.609985 163.969238 -319.160767 -216.574509 223.578613 -319.160767 -234.824921 266.715118 -325.419678 -316.330017 159.936737 -325.419678 -264.609985 163.969238 -319.160767 -324.00531 229.894028 -332 -316.330017 159.936737 -325.419678 -234.824921 266.715118 -325.419678 -324.00531 229.894028 -332 -234.824921 266.715118 -325.419678 -281.36142 281.36142 -332 -110.238152 335.650177 -325.419678 -66.54673 391.665985 -332 -152.03215 367.038025 -332 152.03215 367.038025 -332 66.54673 391.665985 -332 33.7013779 353.296021 -325.419678 -234.824921 266.715118 -325.419678 -229.894028 324.00531 -332 -281.36142 281.36142 -332 -155.443359 269.652191 -319.160767 -234.824921 266.715118 -325.419678 -216.574509 223.578613 -319.160767 -110.238152 335.650177 -325.419678 -234.824921 266.715118 -325.419678 -155.443359 269.652191 -319.160767 -110.238152 335.650177 -325.419678 -229.894028 324.00531 -332 -234.824921 266.715118 -325.419678 -110.238152 335.650177 -325.419678 -152.03215 367.038025 -332 -229.894028 324.00531 -332 33.7013779 353.296021 -325.419678 -66.54673 391.665985 -332 -110.238152 335.650177 -325.419678 33.7013779 353.296021 -325.419678 0 397.905121 -332 -66.54673 391.665985 -332 33.7013779 353.296021 -325.419678 66.54673 391.665985 -332 0 397.905121 -332 153.073547 321.581665 -325.419678 33.7013779 353.296021 -325.419678 66.9060822 303.842804 -319.160767 153.073547 321.581665 -325.419678 152.03215 367.038025 -332 33.7013779 353.296021 -325.419678 234.824921 266.715118 -325.419678 139.015411 278.274231 -319.160767 202.687317 235.881577 -319.160767 234.824921 266.715118 -325.419678 153.073547 321.581665 -325.419678 139.015411 278.274231 -319.160767 229.894028 324.00531 -332 153.073547 321.581665 -325.419678 234.824921 266.715118 -325.419678 152.03215 367.038025 -332 153.073547 321.581665 -325.419678 229.894028 324.00531 -332 324.00531 229.894028 -332 281.36142 281.36142 -332 234.824921 266.715118 -325.419678 391.665985 66.54673 -332 367.038025 152.03215 -332 316.330017 159.936737 -325.419678 234.824921 266.715118 -325.419678 281.36142 281.36142 -332 229.894028 324.00531 -332 254.070618 179.238129 -319.160767 234.824921 266.715118 -325.419678 202.687317 235.881577 -319.160767 316.330017 159.936737 -325.419678 234.824921 266.715118 -325.419678 254.070618 179.238129 -319.160767 316.330017 159.936737 -325.419678 324.00531 229.894028 -332 234.824921 266.715118 -325.419678 316.330017 159.936737 -325.419678 367.038025 152.03215 -332 324.00531 229.894028 -332 353.960388 39.475563 -325.419678 316.330017 159.936737 -325.419678 290.060272 111.779465 -319.160767 353.960388 39.475563 -325.419678 391.665985 66.54673 -332 316.330017 159.936737 -325.419678 348.829681 -70.1196594 -325.419678 353.960388 39.475563 -325.419678 310.160614 -28.4534836 -319.160767 397.905121 0 -332 353.960388 39.475563 -325.419678 348.829681 -70.1196594 -325.419678 391.665985 66.54673 -332 353.960388 39.475563 -325.419678 397.905121 0 -332 </float_array>
          <technique_common>
            <accessor count="285" offset="0" source="#_25i25i25_2-positions-array" stride="3">
              <param name="X" type="float" />
              <param name="Y" type="float" />
              <param name="Z" type="float" />
            </accessor>
          </technique_common>
        </source>
        <vertices id="_25i25i25_2-vertices">
          <input semantic="POSITION" source="#_25i25i25_2-positions" />
        </vertices>
        <polylist count="95" material="defaultMaterial">
          <input offset="0" semantic="VERTEX" source="#_25i25i25_2-vertices" />
          <vcount>3 3 3 3 3 3 3 3 3 3 3 3 3 3 3 3 3 3 3 3 3 3 3 3 3 3 3 3 3 3 3 3 3 3 3 3 3 3 3 3 3 3 3 3 3 3 3 3 3 3 3 3 3 3 3 3 3 3 3 3 3 3 3 3 3 3 3 3 3 3 3 3 3 3 3 3 3 3 3 3 3 3 3 3 3 3 3 3 3 3 3 3 3 3 3 </vcount>
          <p>0 1 2 3 4 5 6 7 8 9 10 11 12 13 14 15 16 17 18 19 20 21 22 23 24 25 26 27 28 29 30 31 32 33 34 35 36 37 38 39 40 41 42 43 44 45 46 47 48 49 50 51 52 53 54 55 56 57 58 59 60 61 62 63 64 65 66 67 68 69 70 71 72 73 74 75 76 77 78 79 80 81 82 83 84 85 86 87 88 89 90 91 92 93 94 95 96 97 98 99 100 101 102 103 104 105 106 107 108 109 110 111 112 113 114 115 116 117 118 119 120 121 122 123 124 125 126 127 128 129 130 131 132 133 134 135 136 137 138 139 140 141 142 143 144 145 146 147 148 149 150 151 152 153 154 155 156 157 158 159 160 161 162 163 164 165 166 167 168 169 170 171 172 173 174 175 176 177 178 179 180 181 182 183 184 185 186 187 188 189 190 191 192 193 194 195 196 197 198 199 200 201 202 203 204 205 206 207 208 209 210 211 212 213 214 215 216 217 218 219 220 221 222 223 224 225 226 227 228 229 230 231 232 233 234 235 236 237 238 239 240 241 242 243 244 245 246 247 248 249 250 251 252 253 254 255 256 257 258 259 260 261 262 263 264 265 266 267 268 269 270 271 272 273 274 275 276 277 278 279 280 281 282 283 284 </p>
        </polylist>
      </mesh>
    </geometry>
    <geometry id="_160i160i160_2" name="160,160,160" >
      <mesh>
        <source id="_160i160i160_2-positions" name="_160i160i160_2-positions">
          <float_array id="_160i160i160_2-positions-array" count="927"> 576 -376.320099 -401.277832 562 -372.632721 -390.335419 576 -372.632721 -390.335419 562 -376.320099 -401.277832 562 -372.632721 -390.335419 576 -376.320099 -401.277832 576 -372.632721 -390.335419 562 -361.312622 -388.057587 576 -361.312622 -388.057587 562 -372.632721 -390.335419 562 -361.312622 -388.057587 576 -372.632721 -390.335419 576 -361.312622 -388.057587 562 -353.679901 -396.722137 576 -353.679901 -396.722137 562 -361.312622 -388.057587 562 -353.679901 -396.722137 576 -361.312622 -388.057587 576 -353.679901 -396.722137 562 -357.367279 -407.664551 576 -357.367279 -407.664551 562 -353.679901 -396.722137 562 -357.367279 -407.664551 576 -353.679901 -396.722137 576 -357.367279 -407.664551 562 -368.687378 -409.942444 576 -368.687378 -409.942444 562 -357.367279 -407.664551 562 -368.687378 -409.942444 576 -357.367279 -407.664551 576 -368.687378 -409.942444 562 -376.320099 -401.277832 576 -376.320099 -401.277832 562 -368.687378 -409.942444 562 -376.320099 -401.277832 576 -368.687378 -409.942444 576 -376.320099 -606.277832 562 -372.632721 -595.335449 576 -372.632721 -595.335449 562 -376.320099 -606.277832 562 -372.632721 -595.335449 576 -376.320099 -606.277832 576 -372.632721 -595.335449 562 -361.312622 -593.057617 576 -361.312622 -593.057617 562 -372.632721 -595.335449 562 -361.312622 -593.057617 576 -372.632721 -595.335449 576 -361.312622 -593.057617 562 -353.679901 -601.722168 576 -353.679901 -601.722168 562 -361.312622 -593.057617 562 -353.679901 -601.722168 576 -361.312622 -593.057617 576 -353.679901 -601.722168 562 -357.367279 -612.664551 576 -357.367279 -612.664551 562 -353.679901 -601.722168 562 -357.367279 -612.664551 576 -353.679901 -601.722168 576 -357.367279 -612.664551 562 -368.687378 -614.942444 576 -368.687378 -614.942444 562 -357.367279 -612.664551 562 -368.687378 -614.942444 576 -357.367279 -612.664551 576 -368.687378 -614.942444 562 -376.320099 -606.277832 576 -376.320099 -606.277832 562 -368.687378 -614.942444 562 -376.320099 -606.277832 576 -368.687378 -614.942444 576 353.679901 -606.277832 562 357.367279 -595.335449 576 357.367279 -595.335449 562 353.679901 -606.277832 562 357.367279 -595.335449 576 353.679901 -606.277832 576 357.367279 -595.335449 562 368.687378 -593.057617 576 368.687378 -593.057617 562 357.367279 -595.335449 562 368.687378 -593.057617 576 357.367279 -595.335449 576 368.687378 -593.057617 562 376.320099 -601.722168 576 376.320099 -601.722168 562 368.687378 -593.057617 562 376.320099 -601.722168 576 368.687378 -593.057617 576 376.320099 -601.722168 562 372.632721 -612.664551 576 372.632721 -612.664551 562 376.320099 -601.722168 562 372.632721 -612.664551 576 376.320099 -601.722168 576 372.632721 -612.664551 562 361.312622 -614.942444 576 361.312622 -614.942444 562 372.632721 -612.664551 562 361.312622 -614.942444 576 372.632721 -612.664551 576 361.312622 -614.942444 562 353.679901 -606.277832 576 353.679901 -606.277832 562 361.312622 -614.942444 562 353.679901 -606.277832 576 361.312622 -614.942444 576 353.679901 -401.277832 562 357.367279 -390.335419 576 357.367279 -390.335419 562 353.679901 -401.277832 562 357.367279 -390.335419 576 353.679901 -401.277832 576 357.367279 -390.335419 562 368.687378 -388.057587 576 368.687378 -388.057587 562 357.367279 -390.335419 562 368.687378 -388.057587 576 357.367279 -390.335419 576 368.687378 -388.057587 562 376.320099 -396.722137 576 376.320099 -396.722137 562 368.687378 -388.057587 562 376.320099 -396.722137 576 368.687378 -388.057587 576 376.320099 -396.722137 562 372.632721 -407.664551 576 372.632721 -407.664551 562 376.320099 -396.722137 562 372.632721 -407.664551 576 376.320099 -396.722137 576 372.632721 -407.664551 562 361.312622 -409.942444 576 361.312622 -409.942444 562 372.632721 -407.664551 562 361.312622 -409.942444 576 372.632721 -407.664551 576 361.312622 -409.942444 562 353.679901 -401.277832 576 353.679901 -401.277832 562 361.312622 -409.942444 562 353.679901 -401.277832 576 361.312622 -409.942444 -303.49646 -17.7090893 -654 -324.06842 -29.8201351 -652.5 -304.719696 -16.8917484 -652.5 -323.781403 -31.2630405 -654 -324.06842 -29.8201351 -652.5 -303.49646 -17.7090893 -654 -323.781403 -31.2630405 -654 -341.863159 -28.6402702 -652.5 -324.06842 -29.8201351 -652.5 -347.709076 -26.5035248 -654 -341.863159 -28.6402702 -652.5 -323.781403 -31.2630405 -654 -347.709076 -26.5035248 -654 -355.280304 -16.8917484 -652.5 -341.863159 -28.6402702 -652.5 -361.263031 -6.21860504 -654 -355.280304 -16.8917484 -652.5 -347.709076 -26.5035248 -654 -361.263031 -6.21860504 -654 -359.820099 5.93159485 -652.5 -355.280304 -16.8917484 -652.5 -356.50354 17.7090893 -654 -359.820099 5.93159485 -652.5 -361.263031 -6.21860504 -654 -356.50354 17.7090893 -654 -346.891754 25.2802906 -652.5 -359.820099 5.93159485 -652.5 -336.218597 31.2630405 -654 -346.891754 25.2802906 -652.5 -356.50354 17.7090893 -654 -336.218597 31.2630405 -654 -324.06842 29.8201351 -652.5 -346.891754 25.2802906 -652.5 -312.290924 26.5035248 -654 -324.06842 29.8201351 -652.5 -336.218597 31.2630405 -654 -312.290924 26.5035248 -654 -308.079681 21.9203091 -652.5 -324.06842 29.8201351 -652.5 -312.290924 26.5035248 -654 -300.179871 5.93159485 -652.5 -308.079681 21.9203091 -652.5 -298.736969 6.21860504 -654 -300.179871 5.93159485 -652.5 -312.290924 26.5035248 -654 -298.736969 6.21860504 -654 -304.719696 -16.8917484 -652.5 -300.179871 5.93159485 -652.5 -303.49646 -17.7090893 -654 -304.719696 -16.8917484 -652.5 -298.736969 6.21860504 -654 266.50354 312.290924 -654 251.86319 301.359741 -652.5 265.280304 313.108246 -652.5 246.218597 298.736969 -654 251.86319 301.359741 -652.5 266.50354 312.290924 -654 246.218597 298.736969 -654 240 299 -652.5 251.86319 301.359741 -652.5 246.218597 298.736969 -654 223.108246 304.719696 -652.5 240 299 -652.5 227.56279 299.973938 -654 223.108246 304.719696 -652.5 246.218597 298.736969 -654 213.496475 312.290924 -654 223.108246 304.719696 -652.5 227.56279 299.973938 -654 213.496475 312.290924 -654 211.359726 318.13681 -652.5 223.108246 304.719696 -652.5 213.496475 312.290924 -654 210.179871 335.93158 -652.5 211.359726 318.13681 -652.5 207.5 330 -654 210.179871 335.93158 -652.5 213.496475 312.290924 -654 213.496475 347.709076 -654 210.179871 335.93158 -652.5 207.5 330 -654 213.496475 347.709076 -654 218.079681 351.920319 -652.5 210.179871 335.93158 -652.5 213.496475 347.709076 -654 234.06842 359.820099 -652.5 218.079681 351.920319 -652.5 227.56279 360.026093 -654 234.06842 359.820099 -652.5 213.496475 347.709076 -654 246.218597 361.263031 -654 234.06842 359.820099 -652.5 227.56279 360.026093 -654 246.218597 361.263031 -654 256.891754 355.280304 -652.5 234.06842 359.820099 -652.5 262.980988 352.980957 -654 256.891754 355.280304 -652.5 246.218597 361.263031 -654 262.980988 352.980957 -654 269.820129 335.93158 -652.5 256.891754 355.280304 -652.5 271.263031 336.218597 -654 269.820129 335.93158 -652.5 262.980988 352.980957 -654 271.263031 336.218597 -654 265.280304 313.108246 -652.5 269.820129 335.93158 -652.5 266.50354 312.290924 -654 265.280304 313.108246 -652.5 271.263031 336.218597 -654 257.709076 -356.50354 -654 265.280304 -346.891754 -652.5 271.263031 -336.218597 -654 257.709076 -356.50354 -654 245.93158 -359.820099 -652.5 265.280304 -346.891754 -652.5 233.781403 -361.263031 -654 245.93158 -359.820099 -652.5 257.709076 -356.50354 -654 233.781403 -361.263031 -654 228.13681 -358.640259 -652.5 245.93158 -359.820099 -652.5 233.781403 -361.263031 -654 214.719696 -346.891754 -652.5 228.13681 -358.640259 -652.5 217.019028 -352.980957 -654 214.719696 -346.891754 -652.5 233.781403 -361.263031 -654 208.736954 -336.218597 -654 214.719696 -346.891754 -652.5 217.019028 -352.980957 -654 208.736954 -336.218597 -654 210.179871 -324.06842 -652.5 214.719696 -346.891754 -652.5 213.496475 -312.290924 -654 210.179871 -324.06842 -652.5 208.736954 -336.218597 -654 213.496475 -312.290924 -654 223.108246 -304.719696 -652.5 210.179871 -324.06842 -652.5 233.781403 -298.736969 -654 223.108246 -304.719696 -652.5 213.496475 -312.290924 -654 233.781403 -298.736969 -654 240 -299 -652.5 223.108246 -304.719696 -652.5 233.781403 -298.736969 -654 256.891754 -304.719696 -652.5 240 -299 -652.5 252.43721 -299.973938 -654 256.891754 -304.719696 -652.5 233.781403 -298.736969 -654 266.50354 -312.290924 -654 256.891754 -304.719696 -652.5 252.43721 -299.973938 -654 266.50354 -312.290924 -654 269.820129 -324.06842 -652.5 256.891754 -304.719696 -652.5 271.263031 -336.218597 -654 269.820129 -324.06842 -652.5 266.50354 -312.290924 -654 271.263031 -336.218597 -654 265.280304 -346.891754 -652.5 269.820129 -324.06842 -652.5 </float_array>
          <technique_common>
            <accessor count="309" offset="0" source="#_160i160i160_2-positions-array" stride="3">
              <param name="X" type="float" />
              <param name="Y" type="float" />
              <param name="Z" type="float" />
            </accessor>
          </technique_common>
        </source>
        <vertices id="_160i160i160_2-vertices">
          <input semantic="POSITION" source="#_160i160i160_2-positions" />
        </vertices>
        <polylist count="103" material="defaultMaterial">
          <input offset="0" semantic="VERTEX" source="#_160i160i160_2-vertices" />
          <vcount>3 3 3 3 3 3 3 3 3 3 3 3 3 3 3 3 3 3 3 3 3 3 3 3 3 3 3 3 3 3 3 3 3 3 3 3 3 3 3 3 3 3 3 3 3 3 3 3 3 3 3 3 3 3 3 3 3 3 3 3 3 3 3 3 3 3 3 3 3 3 3 3 3 3 3 3 3 3 3 3 3 3 3 3 3 3 3 3 3 3 3 3 3 3 3 3 3 3 3 3 3 3 3 </vcount>
          <p>0 1 2 3 4 5 6 7 8 9 10 11 12 13 14 15 16 17 18 19 20 21 22 23 24 25 26 27 28 29 30 31 32 33 34 35 36 37 38 39 40 41 42 43 44 45 46 47 48 49 50 51 52 53 54 55 56 57 58 59 60 61 62 63 64 65 66 67 68 69 70 71 72 73 74 75 76 77 78 79 80 81 82 83 84 85 86 87 88 89 90 91 92 93 94 95 96 97 98 99 100 101 102 103 104 105 106 107 108 109 110 111 112 113 114 115 116 117 118 119 120 121 122 123 124 125 126 127 128 129 130 131 132 133 134 135 136 137 138 139 140 141 142 143 144 145 146 147 148 149 150 151 152 153 154 155 156 157 158 159 160 161 162 163 164 165 166 167 168 169 170 171 172 173 174 175 176 177 178 179 180 181 182 183 184 185 186 187 188 189 190 191 192 193 194 195 196 197 198 199 200 201 202 203 204 205 206 207 208 209 210 211 212 213 214 215 216 217 218 219 220 221 222 223 224 225 226 227 228 229 230 231 232 233 234 235 236 237 238 239 240 241 242 243 244 245 246 247 248 249 250 251 252 253 254 255 256 257 258 259 260 261 262 263 264 265 266 267 268 269 270 271 272 273 274 275 276 277 278 279 280 281 282 283 284 285 286 287 288 289 290 291 292 293 294 295 296 297 298 299 300 301 302 303 304 305 306 307 308 </p>
        </polylist>
      </mesh>
    </geometry>
    <geometry id="_25i25i25_3" name="25,25,25" >
      <mesh>
        <source id="_25i25i25_3-positions" name="_25i25i25_3-positions">
          <float_array id="_25i25i25_3-positions-array" count="504"> -310.129669 9.58845901 -319.160767 -296.639435 -94.4320679 -319.160767 -298.825684 -18.0756226 -308.089264 -264.610107 -163.969315 -319.160767 -285.816559 -89.0640488 -308.089294 -296.639435 -94.4320679 -319.160767 -264.610107 -163.969315 -319.160767 -256.196838 -154.876389 -308.089294 -285.816559 -89.0640488 -308.089294 -216.574631 -223.57872 -319.160767 -256.196838 -154.876389 -308.089294 -264.610107 -163.969315 -319.160767 -216.574631 -223.57872 -319.160767 -211.687881 -211.687881 -308.089294 -256.196838 -154.876389 -308.089294 -155.443436 -269.652313 -319.160767 -211.687881 -211.687881 -308.089294 -216.574631 -223.57872 -319.160767 -155.443436 -269.652313 -319.160767 -154.876389 -256.196838 -308.089294 -211.687881 -211.687881 -308.089294 -84.9200974 -299.402924 -319.160767 -154.876389 -256.196838 -308.089294 -155.443436 -269.652313 -319.160767 -84.9200974 -299.402924 -319.160767 -89.0640488 -285.816559 -308.089294 -154.876389 -256.196838 -308.089294 1.99999999e-06 -308.595428 -318.498718 -89.0640488 -285.816559 -308.089294 -84.9200974 -299.402924 -319.160767 1.99999999e-06 -308.595428 -318.498718 -18.0756226 -298.825684 -308.089264 -89.0640488 -285.816559 -308.089294 1.99999999e-06 -308.595428 -318.498718 55.3908005 -294.168518 -308.089142 -18.0756226 -298.825684 -308.089264 55.3908005 -294.168518 -308.089142 84.9200974 -299.402924 -319.160767 125.940025 -271.537903 -308.089142 1.99999999e-06 -308.595428 -318.498718 84.9200974 -299.402924 -319.160767 55.3908005 -294.168518 -308.089142 125.940025 -271.537903 -308.089142 155.443436 -269.652313 -319.160767 188.75824 -232.264557 -308.089142 84.9200974 -299.402924 -319.160767 155.443436 -269.652313 -319.160767 125.940025 -271.537903 -308.089142 188.75824 -232.264557 -308.089142 216.574631 -223.57872 -319.160767 239.990814 -178.762634 -308.089142 155.443436 -269.652313 -319.160767 216.574631 -223.57872 -319.160767 188.75824 -232.264557 -308.089142 239.990814 -178.762634 -308.089142 264.610107 -163.969315 -319.160767 269.408783 -131.501541 -308.089142 216.574631 -223.57872 -319.160767 264.610107 -163.969315 -319.160767 239.990814 -178.762634 -308.089142 269.408783 -131.501541 -308.089142 264.610107 -163.969315 -319.160767 283.583527 -97.1386642 -308.089142 283.583527 -97.1386642 -308.089142 296.639435 -94.4320679 -319.160767 293.392395 -61.2886696 -308.089142 264.610107 -163.969315 -319.160767 296.639435 -94.4320679 -319.160767 283.583527 -97.1386642 -308.089142 293.392395 -61.2886696 -308.089142 296.639435 -94.4320679 -319.160767 300.123169 -12.2521 -310.0625 296.639435 -94.4320679 -319.160767 310.160614 -28.4534836 -319.160767 300.123169 -12.2521 -310.0625 -296.639282 94.4320297 -319.160767 -310.129669 9.58845901 -319.160767 -294.168518 55.3907967 -308.089142 -276.929016 116.306747 -310.0625 -296.639282 94.4320297 -319.160767 -294.168518 55.3907967 -308.089142 -264.609985 163.969238 -319.160767 -296.639282 94.4320297 -319.160767 -276.929016 116.306747 -310.0625 -254.289948 158.387207 -308.089142 -264.609985 163.969238 -319.160767 -276.929016 116.306747 -310.0625 -216.574509 223.578613 -319.160767 -264.609985 163.969238 -319.160767 -254.289948 158.387207 -308.089142 -232.767761 188.668671 -308.089142 -216.574509 223.578613 -319.160767 -254.289948 158.387207 -308.089142 -207.65744 216.055573 -308.089142 -216.574509 223.578613 -319.160767 -232.767761 188.668671 -308.089142 -155.443359 269.652191 -319.160767 -216.574509 223.578613 -319.160767 -207.65744 216.055573 -308.089142 -179.344894 240.125015 -308.089142 -155.443359 269.652191 -319.160767 -207.65744 216.055573 -308.089142 -148.26561 260.50531 -308.089142 -155.443359 269.652191 -319.160767 -179.344894 240.125015 -308.089142 -84.9200516 299.402771 -319.160767 -155.443359 269.652191 -319.160767 -148.26561 260.50531 -308.089142 -114.897842 276.88147 -308.089142 -84.9200516 299.402771 -319.160767 -148.26561 260.50531 -308.089142 -79.7552872 289.000366 -308.089142 -84.9200516 299.402771 -319.160767 -114.897842 276.88147 -308.089142 -9.27654457 311.032745 -319.160767 -84.9200516 299.402771 -319.160767 -79.7552872 289.000366 -308.089142 -24.8543644 298.229553 -308.089142 -9.27654457 311.032745 -319.160767 -79.7552872 289.000366 -308.089142 66.9060822 303.842804 -319.160767 -9.27654457 311.032745 -319.160767 -24.8543644 298.229553 -308.089142 49.1634712 295.236328 -308.089142 66.9060822 303.842804 -319.160767 -24.8543644 298.229553 -308.089142 139.015411 278.274231 -319.160767 66.9060822 303.842804 -319.160767 49.1634712 295.236328 -308.089142 120.182709 274.14035 -308.089142 139.015411 278.274231 -319.160767 49.1634712 295.236328 -308.089142 202.687317 235.881577 -319.160767 139.015411 278.274231 -319.160767 120.182709 274.14035 -308.089142 183.842468 236.23381 -308.089142 202.687317 235.881577 -319.160767 120.182709 274.14035 -308.089142 254.070618 179.238129 -319.160767 202.687317 235.881577 -319.160767 183.842468 236.23381 -308.089142 236.23381 183.842468 -308.089142 254.070618 179.238129 -319.160767 183.842468 236.23381 -308.089142 -310.129669 9.58845901 -319.160767 -298.825684 -18.0756226 -308.089264 -294.168518 55.3907967 -308.089142 295.236328 49.163475 -308.089142 300.123169 -12.2521 -310.0625 306.453156 37.5947418 -318.498718 274.14035 120.182709 -308.089142 295.236328 49.163475 -308.089142 306.453156 37.5947418 -318.498718 290.060272 111.779465 -319.160767 274.14035 120.182709 -308.089142 306.453156 37.5947418 -318.498718 236.23381 183.842468 -308.089142 274.14035 120.182709 -308.089142 290.060272 111.779465 -319.160767 310.160614 -28.4534836 -319.160767 306.453156 37.5947418 -318.498718 300.123169 -12.2521 -310.0625 254.070618 179.238129 -319.160767 236.23381 183.842468 -308.089142 290.060272 111.779465 -319.160767 -285.816559 -89.0640488 -308.089294 -298.825684 -18.0756226 -308.089264 -296.639435 -94.4320679 -319.160767 </float_array>
          <technique_common>
            <accessor count="168" offset="0" source="#_25i25i25_3-positions-array" stride="3">
              <param name="X" type="float" />
              <param name="Y" type="float" />
              <param name="Z" type="float" />
            </accessor>
          </technique_common>
        </source>
        <vertices id="_25i25i25_3-vertices">
          <input semantic="POSITION" source="#_25i25i25_3-positions" />
        </vertices>
        <polylist count="56" material="defaultMaterial">
          <input offset="0" semantic="VERTEX" source="#_25i25i25_3-vertices" />
          <vcount>3 3 3 3 3 3 3 3 3 3 3 3 3 3 3 3 3 3 3 3 3 3 3 3 3 3 3 3 3 3 3 3 3 3 3 3 3 3 3 3 3 3 3 3 3 3 3 3 3 3 3 3 3 3 3 3 </vcount>
          <p>0 1 2 3 4 5 6 7 8 9 10 11 12 13 14 15 16 17 18 19 20 21 22 23 24 25 26 27 28 29 30 31 32 33 34 35 36 37 38 39 40 41 42 43 44 45 46 47 48 49 50 51 52 53 54 55 56 57 58 59 60 61 62 63 64 65 66 67 68 69 70 71 72 73 74 75 76 77 78 79 80 81 82 83 84 85 86 87 88 89 90 91 92 93 94 95 96 97 98 99 100 101 102 103 104 105 106 107 108 109 110 111 112 113 114 115 116 117 118 119 120 121 122 123 124 125 126 127 128 129 130 131 132 133 134 135 136 137 138 139 140 141 142 143 144 145 146 147 148 149 150 151 152 153 154 155 156 157 158 159 160 161 162 163 164 165 166 167 </p>
        </polylist>
      </mesh>
    </geometry>
    <geometry id="_160i160i160_3" name="160,160,160" >
      <mesh>
        <source id="_160i160i160_3-positions" name="_160i160i160_3-positions">
          <float_array id="_160i160i160_3-positions-array" count="2205"> 562 -372.632721 -390.335419 562 -353.679901 -396.722137 562 -361.312622 -388.057587 562 -372.632721 -390.335419 562 -357.367279 -407.664551 562 -353.679901 -396.722137 562 -376.320099 -401.277832 562 -357.367279 -407.664551 562 -372.632721 -390.335419 562 -368.687378 -409.942444 562 -357.367279 -407.664551 562 -376.320099 -401.277832 562 -372.632721 -595.335449 562 -353.679901 -601.722168 562 -361.312622 -593.057617 562 -372.632721 -595.335449 562 -357.367279 -612.664551 562 -353.679901 -601.722168 562 -376.320099 -606.277832 562 -357.367279 -612.664551 562 -372.632721 -595.335449 562 -368.687378 -614.942444 562 -357.367279 -612.664551 562 -376.320099 -606.277832 562 357.367279 -595.335449 562 376.320099 -601.722168 562 368.687378 -593.057617 562 357.367279 -595.335449 562 372.632721 -612.664551 562 376.320099 -601.722168 562 353.679901 -606.277832 562 372.632721 -612.664551 562 357.367279 -595.335449 562 361.312622 -614.942444 562 372.632721 -612.664551 562 353.679901 -606.277832 562 357.367279 -390.335419 562 376.320099 -396.722137 562 368.687378 -388.057587 562 357.367279 -390.335419 562 372.632721 -407.664551 562 376.320099 -396.722137 562 353.679901 -401.277832 562 372.632721 -407.664551 562 357.367279 -390.335419 562 361.312622 -409.942444 562 372.632721 -407.664551 562 353.679901 -401.277832 -330 -30.9999981 -579 -327.307465 -30.8828506 -636.02655 -339.474121 -29.5167809 -636.53125 -330 -30.9999981 -579 -310.813171 -23.5686588 -635.264648 -327.307465 -30.8828506 -636.02655 -304.719696 -16.8917484 -579 -310.813171 -23.5686588 -635.264648 -330 -30.9999981 -579 -304.719696 -16.8917484 -579 -299.740356 -2.80025005 -634.253723 -310.813171 -23.5686588 -635.264648 -300.179871 5.93159485 -579 -299.740356 -2.80025005 -634.253723 -304.719696 -16.8917484 -579 -300.179871 5.93159485 -579 -302.849762 14.9621201 -633.494568 -299.740356 -2.80025005 -634.253723 -313.108246 25.2802906 -579 -302.849762 14.9621201 -633.494568 -300.179871 5.93159485 -579 -313.108246 25.2802906 -579 -316.217682 27.0850945 -632.733704 -302.849762 14.9621201 -633.494568 -335.93158 29.8201351 -579 -316.217682 27.0850945 -632.733704 -313.108246 25.2802906 -579 -335.93158 29.8201351 -579 -333.890045 30.7549591 -631.976929 -316.217682 27.0850945 -632.733704 -335.93158 29.8201351 -579 -348.542267 24.5498085 -631.310791 -333.890045 30.7549591 -631.976929 -355.280304 16.8917484 -579 -348.542267 24.5498085 -631.310791 -335.93158 29.8201351 -579 -355.280304 16.8917484 -579 -357.954865 12.8450546 -630.68573 -348.542267 24.5498085 -631.310791 -361 0 -579 -357.954865 12.8450546 -630.68573 -355.280304 16.8917484 -579 -361 0 -579 -360.942688 1.88392997 -630.215576 -357.954865 12.8450546 -630.68573 -361 0 -579 -359.813385 -8.49487019 -630.215576 -360.942688 1.88392997 -630.215576 -355.280304 -16.8917484 -579 -359.813385 -8.49487019 -630.215576 -361 0 -579 -355.280304 -16.8917484 -579 -351.612396 -21.6021805 -630.215576 -359.813385 -8.49487019 -630.215576 -341.863159 -28.6402702 -579 -351.612396 -21.6021805 -630.215576 -355.280304 -16.8917484 -579 -341.863159 -28.6402702 -579 -338.508972 -29.8093395 -630.215576 -351.612396 -21.6021805 -630.215576 -330 -30.9999981 -579 -338.508972 -29.8093395 -630.215576 -341.863159 -28.6402702 -579 -339.474121 -29.5167809 -636.53125 -338.508972 -29.8093395 -630.215576 -330 -30.9999981 -579 -339.474121 -29.5167809 -636.53125 -350.148468 -23.1220284 -630.775513 -338.508972 -29.8093395 -630.215576 -350.164978 -23.5451393 -637.036255 -350.148468 -23.1220284 -630.775513 -339.474121 -29.5167809 -636.53125 -357.711548 -13.8949394 -637.542664 -350.148468 -23.1220284 -630.775513 -350.164978 -23.5451393 -637.036255 -357.711548 -13.8949394 -637.542664 -360.060364 -1.45783997 -631.80072 -350.148468 -23.1220284 -630.775513 -360.127014 3.97806501 -638.304077 -360.060364 -1.45783997 -631.80072 -357.711548 -13.8949394 -637.542664 -360.127014 3.97806501 -638.304077 -355.164795 17.5306892 -632.637634 -360.060364 -1.45783997 -631.80072 -348.246185 24.3027496 -639.314453 -355.164795 17.5306892 -632.637634 -360.127014 3.97806501 -638.304077 -348.246185 24.3027496 -639.314453 -345.50061 26.8478489 -633.198608 -355.164795 17.5306892 -632.637634 -348.246185 24.3027496 -639.314453 -335.183777 30.563509 -633.650879 -345.50061 26.8478489 -633.198608 -325.428589 30.0432434 -640.328125 -335.183777 30.563509 -633.650879 -348.246185 24.3027496 -639.314453 -325.428589 30.0432434 -640.328125 -319.127533 28.5112591 -634.328979 -335.183777 30.563509 -633.650879 -308.934601 22.7431107 -641.087646 -319.127533 28.5112591 -634.328979 -325.428589 30.0432434 -640.328125 -308.934601 22.7431107 -641.087646 -303.182098 14.5569754 -635.232483 -319.127533 28.5112591 -634.328979 -300.38913 6.83312988 -641.845886 -303.182098 14.5569754 -635.232483 -308.934601 22.7431107 -641.087646 -300.38913 6.83312988 -641.845886 -299.018585 -1.07360005 -635.909973 -303.182098 14.5569754 -635.232483 -301.095306 -11.2034502 -642.606873 -299.018585 -1.07360005 -635.909973 -300.38913 6.83312988 -641.845886 -301.095306 -11.2034502 -642.606873 -304.255859 -16.3806839 -636.587402 -299.018585 -1.07360005 -635.909973 -307.684967 -21.5183506 -643.114014 -304.255859 -16.3806839 -636.587402 -301.095306 -11.2034502 -642.606873 -307.684967 -21.5183506 -643.114014 -315.917267 -27.6166115 -637.264648 -304.255859 -16.3806839 -636.587402 -323.748474 -29.7410297 -643.870789 -315.917267 -27.6166115 -637.264648 -307.684967 -21.5183506 -643.114014 -323.748474 -29.7410297 -643.870789 -331.881073 -30.4534702 -637.94342 -315.917267 -27.6166115 -637.264648 -341.763763 -28.6812496 -644.63147 -331.881073 -30.4534702 -637.94342 -323.748474 -29.7410297 -643.870789 -341.763763 -28.6812496 -644.63147 -351.300354 -21.8458805 -638.849121 -331.881073 -30.4534702 -637.94342 -351.956329 -21.8842297 -645.138916 -351.300354 -21.8458805 -638.849121 -341.763763 -28.6812496 -644.63147 -359.855072 -5.67047977 -645.896179 -351.300354 -21.8458805 -638.849121 -351.956329 -21.8842297 -645.138916 -359.855072 -5.67047977 -645.896179 -360.396118 -2.64934993 -639.755188 -351.300354 -21.8458805 -638.849121 -358.450104 12.3122387 -646.654663 -360.396118 -2.64934993 -639.755188 -359.855072 -5.67047977 -645.896179 -358.450104 12.3122387 -646.654663 -354.758911 17.8310757 -640.660522 -360.396118 -2.64934993 -639.755188 -351.460266 22.3708801 -647.163574 -354.758911 17.8310757 -640.660522 -358.450104 12.3122387 -646.654663 -351.460266 22.3708801 -647.163574 -342.452301 28.3890896 -641.339111 -354.758911 17.8310757 -640.660522 -341.119171 28.9372482 -647.6698 -342.452301 28.3890896 -641.339111 -351.460266 22.3708801 -647.163574 -331.791626 30.9481812 -641.791443 -342.452301 28.3890896 -641.339111 -341.119171 28.9372482 -647.6698 -356.821289 15.5441198 -647.6698 -346.891754 25.2802906 -652.5 -350.117462 23.5857391 -647.6698 -356.821289 15.5441198 -647.6698 -359.820099 5.93159485 -652.5 -346.891754 25.2802906 -652.5 -360.465912 5.72958994 -647.6698 -359.820099 5.93159485 -652.5 -356.821289 15.5441198 -647.6698 -360.635712 -4.73845005 -647.6698 -359.820099 5.93159485 -652.5 -360.465912 5.72958994 -647.6698 -360.635712 -4.73845005 -647.6698 -355.280304 -16.8917484 -652.5 -359.820099 5.93159485 -652.5 -353.593903 -19.3461399 -646.990479 -355.280304 -16.8917484 -652.5 -360.635712 -4.73845005 -647.6698 -353.593903 -19.3461399 -646.990479 -341.863159 -28.6402702 -652.5 -355.280304 -16.8917484 -652.5 -335.271301 -30.0552807 -646.086182 -341.863159 -28.6402702 -652.5 -353.593903 -19.3461399 -646.990479 -335.271301 -30.0552807 -646.086182 -324.06842 -29.8201351 -652.5 -341.863159 -28.6402702 -652.5 -319.131042 -29.0321484 -645.409485 -324.06842 -29.8201351 -652.5 -335.271301 -30.0552807 -646.086182 -309.727356 -23.4524899 -644.958252 -324.06842 -29.8201351 -652.5 -319.131042 -29.0321484 -645.409485 -309.727356 -23.4524899 -644.958252 -304.719696 -16.8917484 -652.5 -324.06842 -29.8201351 -652.5 -301.093628 -9.77325535 -644.281006 -304.719696 -16.8917484 -652.5 -309.727356 -23.4524899 -644.958252 -346.891754 25.2802906 -652.5 -341.119171 28.9372482 -647.6698 -350.117462 23.5857391 -647.6698 -346.891754 25.2802906 -652.5 -331.791626 30.9481812 -641.791443 -341.119171 28.9372482 -647.6698 -324.06842 29.8201351 -652.5 -331.791626 30.9481812 -641.791443 -346.891754 25.2802906 -652.5 -324.06842 29.8201351 -652.5 -316.033569 27.1273479 -642.470215 -331.791626 30.9481812 -641.791443 -308.079681 21.9203091 -652.5 -316.033569 27.1273479 -642.470215 -324.06842 29.8201351 -652.5 -308.079681 21.9203091 -652.5 -301.714569 11.4408054 -643.375854 -316.033569 27.1273479 -642.470215 -300.179871 5.93159485 -652.5 -301.714569 11.4408054 -643.375854 -308.079681 21.9203091 -652.5 -300.179871 5.93159485 -652.5 -301.093628 -9.77325535 -644.281006 -301.714569 11.4408054 -643.375854 -304.719696 -16.8917484 -652.5 -301.093628 -9.77325535 -644.281006 -300.179871 5.93159485 -652.5 240 299 -579 242.674026 299.11554 -636.026794 230.500916 300.491241 -636.532898 240 299 -579 254.413116 302.554382 -635.519592 242.674026 299.11554 -636.026794 265.280304 313.108246 -579 254.413116 302.554382 -635.519592 240 299 -579 265.280304 313.108246 -579 266.797028 315.66925 -634.760254 254.413116 302.554382 -635.519592 269.820129 335.93158 -579 266.797028 315.66925 -634.760254 265.280304 313.108246 -579 269.820129 335.93158 -579 268.989441 339.114716 -633.749023 266.797028 315.66925 -634.760254 256.891754 355.280304 -579 268.989441 339.114716 -633.749023 269.820129 335.93158 -579 256.891754 355.280304 -579 253.797073 357.076172 -632.734558 268.989441 339.114716 -633.749023 234.06842 359.820099 -579 253.797073 357.076172 -632.734558 256.891754 355.280304 -579 234.06842 359.820099 -579 236.113373 360.755371 -631.977173 253.797073 357.076172 -632.734558 234.06842 359.820099 -579 221.457794 354.549774 -631.310791 236.113373 360.755371 -631.977173 214.719696 346.891754 -579 221.457794 354.549774 -631.310791 234.06842 359.820099 -579 214.719696 346.891754 -579 212.045135 342.845093 -630.68573 221.457794 354.549774 -631.310791 209 330 -579 212.045135 342.845093 -630.68573 214.719696 346.891754 -579 209 330 -579 209.057297 331.883911 -630.215576 212.045135 342.845093 -630.68573 209 330 -579 210.18663 321.505127 -630.215576 209.057297 331.883911 -630.215576 214.719696 313.108246 -579 210.18663 321.505127 -630.215576 209 330 -579 214.719696 313.108246 -579 218.387573 308.397827 -630.215576 210.18663 321.505127 -630.215576 228.13681 301.359741 -579 218.387573 308.397827 -630.215576 214.719696 313.108246 -579 228.13681 301.359741 -579 231.490997 300.190674 -630.215576 218.387573 308.397827 -630.215576 240 299 -579 231.490997 300.190674 -630.215576 228.13681 301.359741 -579 230.500916 300.491241 -636.532898 231.490997 300.190674 -630.215576 240 299 -579 230.500916 300.491241 -636.532898 219.851532 306.87796 -630.775513 231.490997 300.190674 -630.215576 219.807404 306.478546 -637.037842 219.851532 306.87796 -630.775513 230.500916 300.491241 -636.532898 212.274628 316.132629 -637.543884 219.851532 306.87796 -630.775513 219.807404 306.478546 -637.037842 212.274628 316.132629 -637.543884 209.939667 328.542175 -631.80072 219.851532 306.87796 -630.775513 209.878769 334.017334 -638.305725 209.939667 328.542175 -631.80072 212.274628 316.132629 -637.543884 209.878769 334.017334 -638.305725 214.835205 347.53067 -632.637634 209.939667 328.542175 -631.80072 216.879135 350.650055 -639.062988 214.835205 347.53067 -632.637634 209.878769 334.017334 -638.305725 216.879135 350.650055 -639.062988 224.49939 356.847839 -633.198608 214.835205 347.53067 -632.637634 232.607224 359.477295 -639.821533 224.49939 356.847839 -633.198608 216.879135 350.650055 -639.062988 232.607224 359.477295 -639.821533 234.816193 360.563507 -633.650879 224.49939 356.847839 -633.198608 232.607224 359.477295 -639.821533 250.872452 358.511261 -634.328979 234.816193 360.563507 -633.650879 255.864029 355.92157 -640.835876 250.872452 358.511261 -634.328979 232.607224 359.477295 -639.821533 255.864029 355.92157 -640.835876 266.817902 344.556946 -635.232483 250.872452 358.511261 -634.328979 269.614227 336.825134 -641.845947 266.817902 344.556946 -635.232483 255.864029 355.92157 -640.835876 269.614227 336.825134 -641.845947 270.981415 328.926392 -635.909973 266.817902 344.556946 -635.232483 268.902954 318.792023 -642.607727 270.981415 328.926392 -635.909973 269.614227 336.825134 -641.845947 268.902954 318.792023 -642.607727 265.744141 313.619293 -636.587402 270.981415 328.926392 -635.909973 262.30304 308.469238 -643.114563 265.744141 313.619293 -636.587402 268.902954 318.792023 -642.607727 262.30304 308.469238 -643.114563 254.082718 302.383392 -637.264648 265.744141 313.619293 -636.587402 246.247711 300.260284 -643.870972 254.082718 302.383392 -637.264648 262.30304 308.469238 -643.114563 246.247711 300.260284 -643.870972 238.118942 299.546539 -637.94342 254.082718 302.383392 -637.264648 228.235748 301.31897 -644.63092 238.118942 299.546539 -637.94342 246.247711 300.260284 -643.870972 228.235748 301.31897 -644.63092 218.699615 308.154114 -638.849121 238.118942 299.546539 -637.94342 218.048248 308.111176 -645.139221 218.699615 308.154114 -638.849121 228.235748 301.31897 -644.63092 210.142593 324.328156 -645.896057 218.699615 308.154114 -638.849121 218.048248 308.111176 -645.139221 210.142593 324.328156 -645.896057 209.603897 327.350647 -639.755188 218.699615 308.154114 -638.849121 211.550995 342.314789 -646.655212 209.603897 327.350647 -639.755188 210.142593 324.328156 -645.896057 211.550995 342.314789 -646.655212 215.241074 347.831085 -640.660522 209.603897 327.350647 -639.755188 218.543228 352.374237 -647.163635 215.241074 347.831085 -640.660522 211.550995 342.314789 -646.655212 218.543228 352.374237 -647.163635 227.547699 358.389099 -641.339111 215.241074 347.831085 -640.660522 228.880844 358.937256 -647.6698 227.547699 358.389099 -641.339111 218.543228 352.374237 -647.163635 238.208389 360.948181 -641.791443 227.547699 358.389099 -641.339111 228.880844 358.937256 -647.6698 219.882523 353.585724 -647.6698 218.079681 351.920319 -652.5 234.06842 359.820099 -652.5 213.178726 345.544128 -647.6698 218.079681 351.920319 -652.5 219.882523 353.585724 -647.6698 213.178726 345.544128 -647.6698 210.179871 335.93158 -652.5 218.079681 351.920319 -652.5 209.534088 335.729614 -647.6698 210.179871 335.93158 -652.5 213.178726 345.544128 -647.6698 209.364288 325.261536 -647.6698 210.179871 335.93158 -652.5 209.534088 335.729614 -647.6698 209.364288 325.261536 -647.6698 211.359726 318.13681 -652.5 210.179871 335.93158 -652.5 216.406113 310.65387 -646.990479 211.359726 318.13681 -652.5 209.364288 325.261536 -647.6698 216.406113 310.65387 -646.990479 223.108246 304.719696 -652.5 211.359726 318.13681 -652.5 234.728699 299.944733 -646.086182 223.108246 304.719696 -652.5 216.406113 310.65387 -646.990479 234.728699 299.944733 -646.086182 240 299 -652.5 223.108246 304.719696 -652.5 250.868973 300.967834 -645.409485 240 299 -652.5 234.728699 299.944733 -646.086182 250.868973 300.967834 -645.409485 251.86319 301.359741 -652.5 240 299 -652.5 260.272644 306.547516 -644.958252 251.86319 301.359741 -652.5 250.868973 300.967834 -645.409485 260.272644 306.547516 -644.958252 265.280304 313.108246 -652.5 251.86319 301.359741 -652.5 268.906372 320.226746 -644.281006 265.280304 313.108246 -652.5 260.272644 306.547516 -644.958252 234.06842 359.820099 -652.5 228.880844 358.937256 -647.6698 219.882523 353.585724 -647.6698 234.06842 359.820099 -652.5 238.208389 360.948181 -641.791443 228.880844 358.937256 -647.6698 234.06842 359.820099 -652.5 253.966431 357.12735 -642.470215 238.208389 360.948181 -641.791443 256.891754 355.280304 -652.5 253.966431 357.12735 -642.470215 234.06842 359.820099 -652.5 256.891754 355.280304 -652.5 268.285431 341.440796 -643.375854 253.966431 357.12735 -642.470215 269.820129 335.93158 -652.5 268.285431 341.440796 -643.375854 256.891754 355.280304 -652.5 269.820129 335.93158 -652.5 268.906372 320.226746 -644.281006 268.285431 341.440796 -643.375854 265.280304 313.108246 -652.5 268.906372 320.226746 -644.281006 269.820129 335.93158 -652.5 240 -361 -579 242.679977 -360.883942 -636.026672 230.503922 -359.509735 -636.532959 240 -361 -579 254.417633 -357.443237 -635.519348 242.679977 -360.883942 -636.026672 265.280304 -346.891754 -579 254.417633 -357.443237 -635.519348 240 -361 -579 265.280304 -346.891754 -579 266.806122 -344.317169 -634.759155 254.417633 -357.443237 -635.519348 269.820129 -324.06842 -579 266.806122 -344.317169 -634.759155 265.280304 -346.891754 -579 269.820129 -324.06842 -579 268.988373 -320.881012 -633.748779 266.806122 -344.317169 -634.759155 256.891754 -304.719696 -579 268.988373 -320.881012 -633.748779 269.820129 -324.06842 -579 256.891754 -304.719696 -579 253.795547 -302.922852 -632.734436 268.988373 -320.881012 -633.748779 234.06842 -300.179871 -579 253.795547 -302.922852 -632.734436 256.891754 -304.719696 -579 234.06842 -300.179871 -579 236.112732 -299.24469 -631.977173 253.795547 -302.922852 -632.734436 234.06842 -300.179871 -579 221.457794 -305.450226 -631.310791 236.112732 -299.24469 -631.977173 214.719696 -313.108246 -579 221.457794 -305.450226 -631.310791 234.06842 -300.179871 -579 214.719696 -313.108246 -579 212.045135 -317.154968 -630.68573 221.457794 -305.450226 -631.310791 209 -330 -579 212.045135 -317.154968 -630.68573 214.719696 -313.108246 -579 209 -330 -579 209.057297 -328.116089 -630.215576 212.045135 -317.154968 -630.68573 209 -330 -579 210.18663 -338.494873 -630.215576 209.057297 -328.116089 -630.215576 214.719696 -346.891754 -579 210.18663 -338.494873 -630.215576 209 -330 -579 214.719696 -346.891754 -579 218.387573 -351.602173 -630.215576 210.18663 -338.494873 -630.215576 228.13681 -358.640259 -579 218.387573 -351.602173 -630.215576 214.719696 -346.891754 -579 228.13681 -358.640259 -579 231.490997 -359.809326 -630.215576 218.387573 -351.602173 -630.215576 240 -361 -579 231.490997 -359.809326 -630.215576 228.13681 -358.640259 -579 230.503922 -359.509735 -636.532959 231.490997 -359.809326 -630.215576 240 -361 -579 230.503922 -359.509735 -636.532959 219.851532 -353.12204 -630.775513 231.490997 -359.809326 -630.215576 219.808594 -353.522491 -637.037781 219.851532 -353.12204 -630.775513 230.503922 -359.509735 -636.532959 212.275528 -343.869141 -637.543823 219.851532 -353.12204 -630.775513 219.808594 -353.522491 -637.037781 212.275528 -343.869141 -637.543823 209.939667 -331.457825 -631.80072 219.851532 -353.12204 -630.775513 209.87854 -325.98465 -638.305664 209.939667 -331.457825 -631.80072 212.275528 -343.869141 -637.543823 209.87854 -325.98465 -638.305664 214.835205 -312.469299 -632.637634 209.939667 -331.457825 -631.80072 216.877914 -309.351318 -639.062927 214.835205 -312.469299 -632.637634 209.87854 -325.98465 -638.305664 216.877914 -309.351318 -639.062927 224.49939 -303.15213 -633.198608 214.835205 -312.469299 -632.637634 232.605652 -300.523102 -639.821472 224.49939 -303.15213 -633.198608 216.877914 -309.351318 -639.062927 232.605652 -300.523102 -639.821472 234.816193 -299.436493 -633.650879 224.49939 -303.15213 -633.198608 232.605652 -300.523102 -639.821472 250.872452 -301.488739 -634.328979 234.816193 -299.436493 -633.650879 255.862823 -304.077698 -640.835815 250.872452 -301.488739 -634.328979 232.605652 -300.523102 -639.821472 255.862823 -304.077698 -640.835815 266.817902 -315.443054 -635.232483 250.872452 -301.488739 -634.328979 269.613922 -323.173706 -641.845886 266.817902 -315.443054 -635.232483 255.862823 -304.077698 -640.835815 269.613922 -323.173706 -641.845886 270.981415 -331.073608 -635.909973 266.817902 -315.443054 -635.232483 268.903351 -341.207001 -642.607727 270.981415 -331.073608 -635.909973 269.613922 -323.173706 -641.845886 268.903351 -341.207001 -642.607727 265.744141 -346.380707 -636.587402 270.981415 -331.073608 -635.909973 262.303741 -351.53006 -643.114441 265.744141 -346.380707 -636.587402 268.903351 -341.207001 -642.607727 262.303741 -351.53006 -643.114441 254.082718 -357.616608 -637.264648 265.744141 -346.380707 -636.587402 246.248474 -359.739563 -643.870911 254.082718 -357.616608 -637.264648 262.303741 -351.53006 -643.114441 246.248474 -359.739563 -643.870911 238.118942 -360.453491 -637.94342 254.082718 -357.616608 -637.264648 228.236328 -358.681244 -644.63092 238.118942 -360.453491 -637.94342 246.248474 -359.739563 -643.870911 228.236328 -358.681244 -644.63092 218.699615 -351.845886 -638.849121 238.118942 -360.453491 -637.94342 218.04863 -351.889191 -645.139221 218.699615 -351.845886 -638.849121 228.236328 -358.681244 -644.63092 210.14267 -335.672241 -645.896057 218.699615 -351.845886 -638.849121 218.04863 -351.889191 -645.139221 210.14267 -335.672241 -645.896057 209.603897 -332.649353 -639.755188 218.699615 -351.845886 -638.849121 211.550903 -317.685394 -646.655212 209.603897 -332.649353 -639.755188 210.14267 -335.672241 -645.896057 211.550903 -317.685394 -646.655212 215.241074 -312.168915 -640.660522 209.603897 -332.649353 -639.755188 218.543152 -307.625854 -647.163635 215.241074 -312.168915 -640.660522 211.550903 -317.685394 -646.655212 218.543152 -307.625854 -647.163635 227.547699 -301.610901 -641.339111 215.241074 -312.168915 -640.660522 228.880844 -301.062744 -647.6698 227.547699 -301.610901 -641.339111 218.543152 -307.625854 -647.163635 238.208389 -299.051819 -641.791443 227.547699 -301.610901 -641.339111 228.880844 -301.062744 -647.6698 213.178726 -314.455872 -647.6698 223.108246 -304.719696 -652.5 219.882523 -306.414276 -647.6698 213.178726 -314.455872 -647.6698 210.179871 -324.06842 -652.5 223.108246 -304.719696 -652.5 209.534088 -324.270386 -647.6698 210.179871 -324.06842 -652.5 213.178726 -314.455872 -647.6698 209.364288 -334.738464 -647.6698 210.179871 -324.06842 -652.5 209.534088 -324.270386 -647.6698 209.364288 -334.738464 -647.6698 214.719696 -346.891754 -652.5 210.179871 -324.06842 -652.5 216.406113 -349.346161 -646.990479 214.719696 -346.891754 -652.5 209.364288 -334.738464 -647.6698 216.406113 -349.346161 -646.990479 228.13681 -358.640259 -652.5 214.719696 -346.891754 -652.5 234.728699 -360.055267 -646.086182 228.13681 -358.640259 -652.5 216.406113 -349.346161 -646.990479 234.728699 -360.055267 -646.086182 245.93158 -359.820099 -652.5 228.13681 -358.640259 -652.5 250.868973 -359.032135 -645.409485 245.93158 -359.820099 -652.5 234.728699 -360.055267 -646.086182 260.272644 -353.452484 -644.958252 245.93158 -359.820099 -652.5 250.868973 -359.032135 -645.409485 260.272644 -353.452484 -644.958252 265.280304 -346.891754 -652.5 245.93158 -359.820099 -652.5 268.906372 -339.773254 -644.281006 265.280304 -346.891754 -652.5 260.272644 -353.452484 -644.958252 223.108246 -304.719696 -652.5 228.880844 -301.062744 -647.6698 219.882523 -306.414276 -647.6698 223.108246 -304.719696 -652.5 238.208389 -299.051819 -641.791443 228.880844 -301.062744 -647.6698 240 -299 -652.5 238.208389 -299.051819 -641.791443 223.108246 -304.719696 -652.5 240 -299 -652.5 253.966431 -302.87265 -642.470215 238.208389 -299.051819 -641.791443 256.891754 -304.719696 -652.5 253.966431 -302.87265 -642.470215 240 -299 -652.5 256.891754 -304.719696 -652.5 268.285431 -318.559204 -643.375854 253.966431 -302.87265 -642.470215 269.820129 -324.06842 -652.5 268.285431 -318.559204 -643.375854 256.891754 -304.719696 -652.5 269.820129 -324.06842 -652.5 268.906372 -339.773254 -644.281006 268.285431 -318.559204 -643.375854 265.280304 -346.891754 -652.5 268.906372 -339.773254 -644.281006 269.820129 -324.06842 -652.5 </float_array>
          <technique_common>
            <accessor count="735" offset="0" source="#_160i160i160_3-positions-array" stride="3">
              <param name="X" type="float" />
              <param name="Y" type="float" />
              <param name="Z" type="float" />
            </accessor>
          </technique_common>
        </source>
        <vertices id="_160i160i160_3-vertices">
          <input semantic="POSITION" source="#_160i160i160_3-positions" />
        </vertices>
        <polylist count="245" material="defaultMaterial">
          <input offset="0" semantic="VERTEX" source="#_160i160i160_3-vertices" />
          <vcount>3 3 3 3 3 3 3 3 3 3 3 3 3 3 3 3 3 3 3 3 3 3 3 3 3 3 3 3 3 3 3 3 3 3 3 3 3 3 3 3 3 3 3 3 3 3 3 3 3 3 3 3 3 3 3 3 3 3 3 3 3 3 3 3 3 3 3 3 3 3 3 3 3 3 3 3 3 3 3 3 3 3 3 3 3 3 3 3 3 3 3 3 3 3 3 3 3 3 3 3 3 3 3 3 3 3 3 3 3 3 3 3 3 3 3 3 3 3 3 3 3 3 3 3 3 3 3 3 3 3 3 3 3 3 3 3 3 3 3 3 3 3 3 3 3 3 3 3 3 3 3 3 3 3 3 3 3 3 3 3 3 3 3 3 3 3 3 3 3 3 3 3 3 3 3 3 3 3 3 3 3 3 3 3 3 3 3 3 3 3 3 3 3 3 3 3 3 3 3 3 3 3 3 3 3 3 3 3 3 3 3 3 3 3 3 3 3 3 3 3 3 3 3 3 3 3 3 3 3 3 3 3 3 3 3 3 3 3 3 3 3 3 3 3 3 </vcount>
          <p>0 1 2 3 4 5 6 7 8 9 10 11 12 13 14 15 16 17 18 19 20 21 22 23 24 25 26 27 28 29 30 31 32 33 34 35 36 37 38 39 40 41 42 43 44 45 46 47 48 49 50 51 52 53 54 55 56 57 58 59 60 61 62 63 64 65 66 67 68 69 70 71 72 73 74 75 76 77 78 79 80 81 82 83 84 85 86 87 88 89 90 91 92 93 94 95 96 97 98 99 100 101 102 103 104 105 106 107 108 109 110 111 112 113 114 115 116 117 118 119 120 121 122 123 124 125 126 127 128 129 130 131 132 133 134 135 136 137 138 139 140 141 142 143 144 145 146 147 148 149 150 151 152 153 154 155 156 157 158 159 160 161 162 163 164 165 166 167 168 169 170 171 172 173 174 175 176 177 178 179 180 181 182 183 184 185 186 187 188 189 190 191 192 193 194 195 196 197 198 199 200 201 202 203 204 205 206 207 208 209 210 211 212 213 214 215 216 217 218 219 220 221 222 223 224 225 226 227 228 229 230 231 232 233 234 235 236 237 238 239 240 241 242 243 244 245 246 247 248 249 250 251 252 253 254 255 256 257 258 259 260 261 262 263 264 265 266 267 268 269 270 271 272 273 274 275 276 277 278 279 280 281 282 283 284 285 286 287 288 289 290 291 292 293 294 295 296 297 298 299 300 301 302 303 304 305 306 307 308 309 310 311 312 313 314 315 316 317 318 319 320 321 322 323 324 325 326 327 328 329 330 331 332 333 334 335 336 337 338 339 340 341 342 343 344 345 346 347 348 349 350 351 352 353 354 355 356 357 358 359 360 361 362 363 364 365 366 367 368 369 370 371 372 373 374 375 376 377 378 379 380 381 382 383 384 385 386 387 388 389 390 391 392 393 394 395 396 397 398 399 400 401 402 403 404 405 406 407 408 409 410 411 412 413 414 415 416 417 418 419 420 421 422 423 424 425 426 427 428 429 430 431 432 433 434 435 436 437 438 439 440 441 442 443 444 445 446 447 448 449 450 451 452 453 454 455 456 457 458 459 460 461 462 463 464 465 466 467 468 469 470 471 472 473 474 475 476 477 478 479 480 481 482 483 484 485 486 487 488 489 490 491 492 493 494 495 496 497 498 499 500 501 502 503 504 505 506 507 508 509 510 511 512 513 514 515 516 517 518 519 520 521 522 523 524 525 526 527 528 529 530 531 532 533 534 535 536 537 538 539 540 541 542 543 544 545 546 547 548 549 550 551 552 553 554 555 556 557 558 559 560 561 562 563 564 565 566 567 568 569 570 571 572 573 574 575 576 577 578 579 580 581 582 583 584 585 586 587 588 589 590 591 592 593 594 595 596 597 598 599 600 601 602 603 604 605 606 607 608 609 610 611 612 613 614 615 616 617 618 619 620 621 622 623 624 625 626 627 628 629 630 631 632 633 634 635 636 637 638 639 640 641 642 643 644 645 646 647 648 649 650 651 652 653 654 655 656 657 658 659 660 661 662 663 664 665 666 667 668 669 670 671 672 673 674 675 676 677 678 679 680 681 682 683 684 685 686 687 688 689 690 691 692 693 694 695 696 697 698 699 700 701 702 703 704 705 706 707 708 709 710 711 712 713 714 715 716 717 718 719 720 721 722 723 724 725 726 727 728 729 730 731 732 733 734 </p>
        </polylist>
      </mesh>
    </geometry>
    <geometry id="_25i25i25_4" name="25,25,25" >
      <mesh>
        <source id="_25i25i25_4-positions" name="_25i25i25_4-positions">
          <float_array id="_25i25i25_4-positions-array" count="495"> -298.825684 -18.0756226 -308.089264 -259.535248 -53.1400795 -123 -264.385315 17.3287296 -123 -285.816559 -89.0640488 -308.089294 -259.535248 -53.1400795 -123 -298.825684 -18.0756226 -308.089264 -285.816559 -89.0640488 -308.089294 -236.04512 -120.270996 -123 -259.535248 -53.1400795 -123 -256.196838 -154.876389 -308.089294 -236.04512 -120.270996 -123 -285.816559 -89.0640488 -308.089294 -256.196838 -154.876389 -308.089294 -195.542221 -178.733475 -123 -236.04512 -120.270996 -123 -211.687881 -211.687881 -308.089294 -195.542221 -178.733475 -123 -256.196838 -154.876389 -308.089294 -211.687881 -211.687881 -308.089294 -140.945755 -224.313843 -123 -195.542221 -178.733475 -123 -154.876389 -256.196838 -308.089294 -140.945755 -224.313843 -123 -211.687881 -211.687881 -308.089294 -154.876389 -256.196838 -308.089294 -76.190712 -253.72699 -123 -140.945755 -224.313843 -123 -89.0640488 -285.816559 -308.089294 -76.190712 -253.72699 -123 -154.876389 -256.196838 -308.089294 -18.0756226 -298.825684 -308.089264 -76.190712 -253.72699 -123 -89.0640488 -285.816559 -308.089294 -18.0756226 -298.825684 -308.089264 -5.94428396 -264.852936 -123 -76.190712 -253.72699 -123 55.3908005 -294.168518 -308.089142 -5.94428396 -264.852936 -123 -18.0756226 -298.825684 -308.089264 55.3908005 -294.168518 -308.089142 64.7305756 -256.889801 -123 -5.94428396 -264.852936 -123 125.940025 -271.537903 -308.089142 64.7305756 -256.889801 -123 55.3908005 -294.168518 -308.089142 125.940025 -271.537903 -308.089142 130.740005 -230.411514 -123 64.7305756 -256.889801 -123 188.75824 -232.264557 -308.089142 130.740005 -230.411514 -123 125.940025 -271.537903 -308.089142 188.75824 -232.264557 -308.089142 187.326462 -187.326462 -123 130.740005 -230.411514 -123 239.990814 -178.762634 -308.089142 187.326462 -187.326462 -123 188.75824 -232.264557 -308.089142 239.990814 -178.762634 -308.089142 230.411514 -130.740005 -123 187.326462 -187.326462 -123 269.408783 -131.501541 -308.089142 230.411514 -130.740005 -123 239.990814 -178.762634 -308.089142 269.408783 -131.501541 -308.089142 256.889801 -64.7305756 -123 230.411514 -130.740005 -123 283.583527 -97.1386642 -308.089142 256.889801 -64.7305756 -123 269.408783 -131.501541 -308.089142 293.392395 -61.2886696 -308.089142 256.889801 -64.7305756 -123 283.583527 -97.1386642 -308.089142 293.392395 -61.2886696 -308.089142 265.253723 -11.9125595 -123 256.889801 -64.7305756 -123 300.123169 -12.2521 -310.0625 265.253723 -11.9125595 -123 293.392395 -61.2886696 -308.089142 295.236328 49.163475 -308.089142 265.253723 -11.9125595 -123 300.123169 -12.2521 -310.0625 295.236328 49.163475 -308.089142 261.658051 41.4425659 -123 265.253723 -11.9125595 -123 274.14035 120.182709 -308.089142 261.658051 41.4425659 -123 295.236328 49.163475 -308.089142 274.14035 120.182709 -308.089142 241.203384 109.559776 -123 261.658051 41.4425659 -123 236.23381 183.842468 -308.089142 241.203384 109.559776 -123 274.14035 120.182709 -308.089142 236.23381 183.842468 -308.089142 203.364166 169.780533 -123 241.203384 109.559776 -123 183.842468 236.23381 -308.089142 203.364166 169.780533 -123 236.23381 183.842468 -308.089142 183.842468 236.23381 -308.089142 150.86763 217.764496 -123 203.364166 169.780533 -123 120.182709 274.14035 -308.089142 150.86763 217.764496 -123 183.842468 236.23381 -308.089142 120.182709 274.14035 -308.089142 87.497406 250.053207 -123 150.86763 217.764496 -123 49.1634712 295.236328 -308.089142 87.497406 250.053207 -123 120.182709 274.14035 -308.089142 49.1634712 295.236328 -308.089142 17.8208809 264.31958 -123 87.497406 250.053207 -123 -264.385315 17.3287296 -123 -294.168518 55.3907967 -308.089142 -298.825684 -18.0756226 -308.089264 -250.891571 85.166214 -123 -294.168518 55.3907967 -308.089142 -264.385315 17.3287296 -123 -250.891571 85.166214 -123 -276.929016 116.306747 -310.0625 -294.168518 55.3907967 -308.089142 -250.891571 85.166214 -123 -254.289948 158.387207 -308.089142 -276.929016 116.306747 -310.0625 -220.300034 147.199768 -123 -254.289948 158.387207 -308.089142 -250.891571 85.166214 -123 -220.300034 147.199768 -123 -232.767761 188.668671 -308.089142 -254.289948 158.387207 -308.089142 -220.300034 147.199768 -123 -207.65744 216.055573 -308.089142 -232.767761 188.668671 -308.089142 -174.695358 199.201889 -123 -207.65744 216.055573 -308.089142 -220.300034 147.199768 -123 -174.695358 199.201889 -123 -179.344894 240.125015 -308.089142 -207.65744 216.055573 -308.089142 -174.695358 199.201889 -123 -148.26561 260.50531 -308.089142 -179.344894 240.125015 -308.089142 -117.185532 237.628738 -123 -148.26561 260.50531 -308.089142 -174.695358 199.201889 -123 -117.185532 237.628738 -123 -114.897842 276.88147 -308.089142 -148.26561 260.50531 -308.089142 -117.185532 237.628738 -123 -79.7552872 289.000366 -308.089142 -114.897842 276.88147 -308.089142 -51.689682 259.861603 -123 -79.7552872 289.000366 -308.089142 -117.185532 237.628738 -123 -51.689682 259.861603 -123 -24.8543644 298.229553 -308.089142 -79.7552872 289.000366 -308.089142 17.8208809 264.31958 -123 -24.8543644 298.229553 -308.089142 -51.689682 259.861603 -123 17.8208809 264.31958 -123 49.1634712 295.236328 -308.089142 -24.8543644 298.229553 -308.089142 </float_array>
          <technique_common>
            <accessor count="165" offset="0" source="#_25i25i25_4-positions-array" stride="3">
              <param name="X" type="float" />
              <param name="Y" type="float" />
              <param name="Z" type="float" />
            </accessor>
          </technique_common>
        </source>
        <vertices id="_25i25i25_4-vertices">
          <input semantic="POSITION" source="#_25i25i25_4-positions" />
        </vertices>
        <polylist count="55" material="defaultMaterial">
          <input offset="0" semantic="VERTEX" source="#_25i25i25_4-vertices" />
          <vcount>3 3 3 3 3 3 3 3 3 3 3 3 3 3 3 3 3 3 3 3 3 3 3 3 3 3 3 3 3 3 3 3 3 3 3 3 3 3 3 3 3 3 3 3 3 3 3 3 3 3 3 3 3 3 3 </vcount>
          <p>0 1 2 3 4 5 6 7 8 9 10 11 12 13 14 15 16 17 18 19 20 21 22 23 24 25 26 27 28 29 30 31 32 33 34 35 36 37 38 39 40 41 42 43 44 45 46 47 48 49 50 51 52 53 54 55 56 57 58 59 60 61 62 63 64 65 66 67 68 69 70 71 72 73 74 75 76 77 78 79 80 81 82 83 84 85 86 87 88 89 90 91 92 93 94 95 96 97 98 99 100 101 102 103 104 105 106 107 108 109 110 111 112 113 114 115 116 117 118 119 120 121 122 123 124 125 126 127 128 129 130 131 132 133 134 135 136 137 138 139 140 141 142 143 144 145 146 147 148 149 150 151 152 153 154 155 156 157 158 159 160 161 162 163 164 </p>
        </polylist>
      </mesh>
    </geometry>
    <geometry id="_160i160i160_4" name="160,160,160" >
      <mesh>
        <source id="_160i160i160_4-positions" name="_160i160i160_4-positions">
          <float_array id="_160i160i160_4-positions-array" count="4248"> -335.183777 30.563509 -633.650879 -340.174713 28.2431755 -633.713318 -345.50061 26.8478489 -633.198608 -319.127533 28.5112591 -634.328979 -340.174713 28.2431755 -633.713318 -335.183777 30.563509 -633.650879 -319.127533 28.5112591 -634.328979 -319.289703 28.0443249 -634.618286 -340.174713 28.2431755 -633.713318 -303.182098 14.5569754 -635.232483 -319.289703 28.0443249 -634.618286 -319.127533 28.5112591 -634.328979 -303.182098 14.5569754 -635.232483 -303.592102 14.2802601 -635.523132 -319.289703 28.0443249 -634.618286 -299.018585 -1.07360005 -635.909973 -303.592102 14.2802601 -635.523132 -303.182098 14.5569754 -635.232483 -299.018585 -1.07360005 -635.909973 -299.520111 -1.10729003 -636.200684 -303.592102 14.2802601 -635.523132 -304.255859 -16.3806839 -636.587402 -299.520111 -1.10729003 -636.200684 -299.018585 -1.07360005 -635.909973 -304.255859 -16.3806839 -636.587402 -304.70813 -16.1726646 -636.878723 -299.520111 -1.10729003 -636.200684 -315.917267 -27.6166115 -637.264648 -304.70813 -16.1726646 -636.878723 -304.255859 -16.3806839 -636.587402 -315.917267 -27.6166115 -637.264648 -316.202728 -27.2008305 -637.556519 -304.70813 -16.1726646 -636.878723 -331.881073 -30.4534702 -637.94342 -316.202728 -27.2008305 -637.556519 -315.917267 -27.6166115 -637.264648 -331.881073 -30.4534702 -637.94342 -331.895996 -29.9616184 -638.234253 -316.202728 -27.2008305 -637.556519 -351.300354 -21.8458805 -638.849121 -331.895996 -29.9616184 -638.234253 -331.881073 -30.4534702 -637.94342 -351.300354 -21.8458805 -638.849121 -350.954102 -21.4995995 -639.137573 -331.895996 -29.9616184 -638.234253 -351.300354 -21.8458805 -638.849121 -359.902893 -2.66907001 -640.041138 -350.954102 -21.4995995 -639.137573 -360.396118 -2.64934993 -639.755188 -359.902893 -2.66907001 -640.041138 -351.300354 -21.8458805 -638.849121 -360.396118 -2.64934993 -639.755188 -354.420013 17.45961 -640.944824 -359.902893 -2.66907001 -640.041138 -354.758911 17.8310757 -640.660522 -354.420013 17.45961 -640.944824 -360.396118 -2.64934993 -639.755188 -354.758911 17.8310757 -640.660522 -337.107697 29.1657352 -641.849548 -354.420013 17.45961 -640.944824 -342.452301 28.3890896 -641.339111 -337.107697 29.1657352 -641.849548 -354.758911 17.8310757 -640.660522 -331.791626 30.9481812 -641.791443 -337.107697 29.1657352 -641.849548 -342.452301 28.3890896 -641.339111 -331.791626 30.9481812 -641.791443 -316.34964 26.7362041 -642.754639 -337.107697 29.1657352 -641.849548 -316.033569 27.1273479 -642.470215 -316.34964 26.7362041 -642.754639 -331.791626 30.9481812 -641.791443 -316.033569 27.1273479 -642.470215 -302.207336 11.3455839 -643.660522 -316.34964 26.7362041 -642.754639 -301.714569 11.4408054 -643.375854 -302.207336 11.3455839 -643.660522 -316.033569 27.1273479 -642.470215 -301.714569 11.4408054 -643.375854 -301.538422 -9.54442024 -644.566528 -302.207336 11.3455839 -643.660522 -301.093628 -9.77325535 -644.281006 -301.538422 -9.54442024 -644.566528 -301.714569 11.4408054 -643.375854 -301.093628 -9.77325535 -644.281006 -314.664795 -25.8068981 -645.471802 -301.538422 -9.54442024 -644.566528 -309.727356 -23.4524899 -644.958252 -314.664795 -25.8068981 -645.471802 -301.093628 -9.77325535 -644.281006 -319.131042 -29.0321484 -645.409485 -314.664795 -25.8068981 -645.471802 -309.727356 -23.4524899 -644.958252 -335.271301 -30.0552807 -646.086182 -314.664795 -25.8068981 -645.471802 -319.131042 -29.0321484 -645.409485 -335.271301 -30.0552807 -646.086182 -335.223236 -29.561451 -646.376465 -314.664795 -25.8068981 -645.471802 -353.593903 -19.3461399 -646.990479 -335.223236 -29.561451 -646.376465 -335.271301 -30.0552807 -646.086182 -353.593903 -19.3461399 -646.990479 -353.230377 -19.0169315 -647.280579 -335.223236 -29.561451 -646.376465 -360.635712 -4.73845005 -647.6698 -353.230377 -19.0169315 -647.280579 -353.593903 -19.3461399 -646.990479 -360.635712 -4.73845005 -647.6698 -360.49762 0.381650001 -648.169861 -353.230377 -19.0169315 -647.280579 -360.543152 1.10423005 -624.16156 -360.484741 0.964460015 -624.1922 -357.666473 -11.9958935 -623.621155 -360.543152 1.10423005 -624.16156 -355.388855 16.0247612 -624.869141 -360.484741 0.964460015 -624.1922 -355.361725 16.2618542 -624.814392 -355.388855 16.0247612 -624.869141 -360.543152 1.10423005 -624.16156 -355.361725 16.2618542 -624.814392 -343.988647 27.1029091 -625.543091 -355.388855 16.0247612 -624.869141 -343.818024 27.3663597 -625.463989 -343.988647 27.1029091 -625.543091 -355.361725 16.2618542 -624.814392 -343.818024 27.3663597 -625.463989 -328.357025 29.9783306 -626.22229 -343.988647 27.1029091 -625.543091 -328.0448 30.1597786 -626.117004 -328.357025 29.9783306 -626.22229 -343.818024 27.3663597 -625.463989 -328.0448 30.1597786 -626.117004 -309.248474 21.6972904 -627.123535 -328.357025 29.9783306 -626.22229 -308.844818 21.6727715 -626.982239 -309.248474 21.6972904 -627.123535 -328.0448 30.1597786 -626.117004 -308.844818 21.6727715 -626.982239 -300.125214 2.97942495 -628.024231 -309.248474 21.6972904 -627.123535 -300.277557 8.12656021 -627.629639 -300.125214 2.97942495 -628.024231 -308.844818 21.6727715 -626.982239 -299.270874 -2.66631007 -628.062134 -300.125214 2.97942495 -628.024231 -300.277557 8.12656021 -627.629639 -299.270874 -2.66631007 -628.062134 -305.37207 -17.1720848 -628.926758 -300.125214 2.97942495 -628.024231 -302.058258 -13.1370287 -628.496094 -305.37207 -17.1720848 -628.926758 -299.270874 -2.66631007 -628.062134 -308.296143 -22.0038109 -628.922974 -305.37207 -17.1720848 -628.926758 -302.058258 -13.1370287 -628.496094 -308.296143 -22.0038109 -628.922974 -322.466797 -29.0625992 -629.829529 -305.37207 -17.1720848 -628.926758 -322.458801 -29.5269241 -629.572144 -322.466797 -29.0625992 -629.829529 -308.296143 -22.0038109 -628.922974 -322.458801 -29.5269241 -629.572144 -338.360596 -29.3317394 -630.503906 -322.466797 -29.0625992 -629.829529 -338.508972 -29.8093395 -630.215576 -338.360596 -29.3317394 -630.503906 -322.458801 -29.5269241 -629.572144 -350.148468 -23.1220284 -630.775513 -338.360596 -29.3317394 -630.503906 -338.508972 -29.8093395 -630.215576 -349.816162 -22.7554512 -631.063904 -338.360596 -29.3317394 -630.503906 -350.148468 -23.1220284 -630.775513 -349.816162 -22.7554512 -631.063904 -350.148468 -23.1220284 -630.775513 -360.060364 -1.45783997 -631.80072 -360.060364 -1.45783997 -631.80072 -359.57489 -1.44173002 -632.089111 -349.816162 -22.7554512 -631.063904 -354.761658 17.2437649 -632.926208 -360.060364 -1.45783997 -631.80072 -355.164795 17.5306892 -632.637634 -359.57489 -1.44173002 -632.089111 -360.060364 -1.45783997 -631.80072 -354.761658 17.2437649 -632.926208 -355.164795 17.5306892 -632.637634 -340.174713 28.2431755 -633.713318 -354.761658 17.2437649 -632.926208 -345.50061 26.8478489 -633.198608 -340.174713 28.2431755 -633.713318 -355.164795 17.5306892 -632.637634 -343.034821 27.5743198 -623.287415 -343.818024 27.3663597 -625.463989 -355.361725 16.2618542 -624.814392 -343.034821 27.5743198 -623.287415 -328.0448 30.1597786 -626.117004 -343.818024 27.3663597 -625.463989 -323.633392 29.8281097 -624.115295 -328.0448 30.1597786 -626.117004 -343.034821 27.5743198 -623.287415 -310.628113 23.0327759 -624.73822 -328.0448 30.1597786 -626.117004 -323.633392 29.8281097 -624.115295 -310.628113 23.0327759 -624.73822 -308.844818 21.6727715 -626.982239 -328.0448 30.1597786 -626.117004 -300.626801 6.55693007 -625.568542 -308.844818 21.6727715 -626.982239 -310.628113 23.0327759 -624.73822 -300.626801 6.55693007 -625.568542 -300.277557 8.12656021 -627.629639 -308.844818 21.6727715 -626.982239 -300.626801 6.55693007 -625.568542 -299.270874 -2.66631007 -628.062134 -300.277557 8.12656021 -627.629639 -302.671234 -12.6058512 -626.398926 -299.270874 -2.66631007 -628.062134 -300.626801 6.55693007 -625.568542 -302.671234 -12.6058512 -626.398926 -302.058258 -13.1370287 -628.496094 -299.270874 -2.66631007 -628.062134 -302.671234 -12.6058512 -626.398926 -308.296143 -22.0038109 -628.922974 -302.058258 -13.1370287 -628.496094 -315.922974 -26.6005478 -627.229126 -308.296143 -22.0038109 -628.922974 -302.671234 -12.6058512 -626.398926 -315.922974 -26.6005478 -627.229126 -322.458801 -29.5269241 -629.572144 -308.296143 -22.0038109 -628.922974 -330.32428 -30.8426189 -628.058411 -322.458801 -29.5269241 -629.572144 -315.922974 -26.6005478 -627.229126 -359.813385 -8.49487019 -630.215576 -359.905731 -8.04426003 -629.78241 -360.942688 1.88392997 -630.215576 -359.813385 -8.49487019 -630.215576 -355.762817 -17.1300392 -629.356567 -359.905731 -8.04426003 -629.78241 -351.612396 -21.6021805 -630.215576 -355.762817 -17.1300392 -629.356567 -359.813385 -8.49487019 -630.215576 -351.612396 -21.6021805 -630.215576 -348.943604 -24.42033 -628.920105 -355.762817 -17.1300392 -629.356567 -351.612396 -21.6021805 -630.215576 -340.160309 -29.1562004 -628.49469 -348.943604 -24.42033 -628.920105 -338.508972 -29.8093395 -630.215576 -340.160309 -29.1562004 -628.49469 -351.612396 -21.6021805 -630.215576 -338.508972 -29.8093395 -630.215576 -330.32428 -30.8426189 -628.058411 -340.160309 -29.1562004 -628.49469 -322.458801 -29.5269241 -629.572144 -330.32428 -30.8426189 -628.058411 -338.508972 -29.8093395 -630.215576 -352.088867 20.1025219 -630.789429 -348.542267 24.5498085 -631.310791 -357.954865 12.8450546 -630.68573 -357.954865 12.8450546 -630.68573 -359.755005 5.55198002 -630.082642 -352.088867 20.1025219 -630.789429 -360.942688 1.88392997 -630.215576 -359.755005 5.55198002 -630.082642 -357.954865 12.8450546 -630.68573 -359.905731 -8.04426003 -629.78241 -359.755005 5.55198002 -630.082642 -360.942688 1.88392997 -630.215576 -359.905731 -8.04426003 -629.78241 -357.384247 -12.4838696 -629.303894 -359.755005 5.55198002 -630.082642 -355.762817 -17.1300392 -629.356567 -357.384247 -12.4838696 -629.303894 -359.905731 -8.04426003 -629.78241 -348.943604 -24.42033 -628.920105 -357.384247 -12.4838696 -629.303894 -355.762817 -17.1300392 -629.356567 -348.943604 -24.42033 -628.920105 -348.562805 -24.2006702 -628.678406 -357.384247 -12.4838696 -629.303894 -340.160309 -29.1562004 -628.49469 -348.562805 -24.2006702 -628.678406 -348.943604 -24.42033 -628.920105 -340.160309 -29.1562004 -628.49469 -334.949951 -29.6857166 -628.058899 -348.562805 -24.2006702 -628.678406 -330.32428 -30.8426189 -628.058411 -334.949951 -29.6857166 -628.058899 -340.160309 -29.1562004 -628.49469 -315.922974 -26.6005478 -627.229126 -334.949951 -29.6857166 -628.058899 -330.32428 -30.8426189 -628.058411 -341.119171 28.9372482 -647.6698 -346.020569 25.2431755 -647.128235 -331.792419 30.700489 -647.917114 -351.460266 22.3708801 -647.163574 -346.020569 25.2431755 -647.128235 -341.119171 28.9372482 -647.6698 -358.450104 12.3122387 -646.654663 -346.020569 25.2431755 -647.128235 -351.460266 22.3708801 -647.163574 -358.450104 12.3122387 -646.654663 -357.986328 12.1249599 -646.366455 -346.020569 25.2431755 -647.128235 -359.855072 -5.67047977 -645.896179 -357.986328 12.1249599 -646.366455 -358.450104 12.3122387 -646.654663 -359.855072 -5.67047977 -645.896179 -359.376221 -5.56826496 -645.60791 -357.986328 12.1249599 -646.366455 -359.855072 -5.67047977 -645.896179 -346.595612 -24.8697891 -644.59668 -359.376221 -5.56826496 -645.60791 -351.956329 -21.8842297 -645.138916 -346.595612 -24.8697891 -644.59668 -359.855072 -5.67047977 -645.896179 -341.763763 -28.6812496 -644.63147 -346.595612 -24.8697891 -644.59668 -351.956329 -21.8842297 -645.138916 -323.748474 -29.7410297 -643.870789 -346.595612 -24.8697891 -644.59668 -341.763763 -28.6812496 -644.63147 -323.748474 -29.7410297 -643.870789 -323.846771 -29.2590275 -643.581909 -346.595612 -24.8697891 -644.59668 -323.748474 -29.7410297 -643.870789 -304.805603 -16.0980568 -642.572021 -323.846771 -29.2590275 -643.581909 -307.684967 -21.5183506 -643.114014 -304.805603 -16.0980568 -642.572021 -323.748474 -29.7410297 -643.870789 -301.095306 -11.2034502 -642.606873 -304.805603 -16.0980568 -642.572021 -307.684967 -21.5183506 -643.114014 -300.38913 6.83312988 -641.845886 -304.805603 -16.0980568 -642.572021 -301.095306 -11.2034502 -642.606873 -300.38913 6.83312988 -641.845886 -300.869781 6.73730516 -641.556458 -304.805603 -16.0980568 -642.572021 -300.38913 6.83312988 -641.845886 -309.264191 22.3668499 -640.799622 -300.869781 6.73730516 -641.556458 -308.934601 22.7431107 -641.087646 -309.264191 22.3668499 -640.799622 -300.38913 6.83312988 -641.845886 -325.428589 30.0432434 -640.328125 -309.264191 22.3668499 -640.799622 -308.934601 22.7431107 -641.087646 -325.428589 30.0432434 -640.328125 -325.512909 29.5595055 -640.039673 -309.264191 22.3668499 -640.799622 -348.246185 24.3027496 -639.314453 -325.512909 29.5595055 -640.039673 -325.428589 30.0432434 -640.328125 -348.246185 24.3027496 -639.314453 -347.97229 23.8956451 -639.024658 -325.512909 29.5595055 -640.039673 -360.127014 3.97806501 -638.304077 -347.97229 23.8956451 -639.024658 -348.246185 24.3027496 -639.314453 -360.127014 3.97806501 -638.304077 -359.644226 3.89076495 -638.014282 -347.97229 23.8956451 -639.024658 -357.711548 -13.8949394 -637.542664 -359.644226 3.89076495 -638.014282 -360.127014 3.97806501 -638.304077 -357.711548 -13.8949394 -637.542664 -357.254456 -13.6910696 -637.253052 -359.644226 3.89076495 -638.014282 -350.164978 -23.5451393 -637.036255 -357.254456 -13.6910696 -637.253052 -357.711548 -13.8949394 -637.542664 -350.164978 -23.5451393 -637.036255 -344.562714 -26.1130943 -636.494141 -357.254456 -13.6910696 -637.253052 -339.474121 -29.5167809 -636.53125 -344.562714 -26.1130943 -636.494141 -350.164978 -23.5451393 -637.036255 -327.307465 -30.8828506 -636.02655 -344.562714 -26.1130943 -636.494141 -339.474121 -29.5167809 -636.53125 -327.307465 -30.8828506 -636.02655 -327.331055 -30.3829994 -635.736938 -344.562714 -26.1130943 -636.494141 -310.813171 -23.5686588 -635.264648 -327.331055 -30.3829994 -635.736938 -327.307465 -30.8828506 -636.02655 -310.813171 -23.5686588 -635.264648 -311.109619 -23.1780453 -634.975281 -327.331055 -30.3829994 -635.736938 -299.740356 -2.80025005 -634.253723 -311.109619 -23.1780453 -634.975281 -310.813171 -23.5686588 -635.264648 -299.740356 -2.80025005 -634.253723 -300.227081 -2.74339485 -633.964355 -311.109619 -23.1780453 -634.975281 -302.849762 14.9621201 -633.494568 -300.227081 -2.74339485 -633.964355 -299.740356 -2.80025005 -634.253723 -302.849762 14.9621201 -633.494568 -303.294708 14.7335196 -633.205688 -300.227081 -2.74339485 -633.964355 -316.217682 27.0850945 -632.733704 -303.294708 14.7335196 -633.205688 -302.849762 14.9621201 -633.494568 -316.217682 27.0850945 -632.733704 -316.44043 26.6466904 -632.445312 -303.294708 14.7335196 -633.205688 -316.217682 27.0850945 -632.733704 -333.828369 30.2587795 -631.688171 -316.44043 26.6466904 -632.445312 -333.890045 30.7549591 -631.976929 -333.828369 30.2587795 -631.688171 -316.217682 27.0850945 -632.733704 -348.542267 24.5498085 -631.310791 -333.828369 30.2587795 -631.688171 -333.890045 30.7549591 -631.976929 -352.088867 20.1025219 -630.789429 -333.828369 30.2587795 -631.688171 -348.542267 24.5498085 -631.310791 -360.465912 5.72958994 -647.6698 -360.49762 0.381650001 -648.169861 -360.635712 -4.73845005 -647.6698 -360.465912 5.72958994 -647.6698 -358.384613 11.1607904 -648.169861 -360.49762 0.381650001 -648.169861 -356.821289 15.5441198 -647.6698 -358.384613 11.1607904 -648.169861 -360.465912 5.72958994 -647.6698 -356.821289 15.5441198 -647.6698 -352.590088 20.4923611 -648.169861 -358.384613 11.1607904 -648.169861 -350.117462 23.5857391 -647.6698 -352.590088 20.4923611 -648.169861 -356.821289 15.5441198 -647.6698 -350.117462 23.5857391 -647.6698 -343.865631 27.16605 -648.169861 -352.590088 20.4923611 -648.169861 -341.119171 28.9372482 -647.6698 -343.865631 27.16605 -648.169861 -350.117462 23.5857391 -647.6698 -331.792419 30.700489 -647.917114 -343.865631 27.16605 -648.169861 -341.119171 28.9372482 -647.6698 -355.280304 16.8917484 -579 -330 0 -560.373291 -361 0 -579 -300.179871 5.93159485 -579 -330 0 -560.373291 -313.108246 25.2802906 -579 -313.108246 25.2802906 -579 -330 0 -560.373291 -335.93158 29.8201351 -579 -335.93158 29.8201351 -579 -330 0 -560.373291 -355.280304 16.8917484 -579 -361 0 -579 -330 0 -560.373291 -355.280304 -16.8917484 -579 -355.280304 -16.8917484 -579 -330 0 -560.373291 -341.863159 -28.6402702 -579 -341.863159 -28.6402702 -579 -330 0 -560.373291 -330 -30.9999981 -579 -330 -30.9999981 -579 -330 0 -560.373291 -304.719696 -16.8917484 -579 -304.719696 -16.8917484 -579 -330 0 -560.373291 -300.179871 5.93159485 -579 216.769638 310.983093 -647.280579 209.364288 325.261536 -647.6698 209.502396 330.381653 -648.169861 216.769638 310.983093 -647.280579 216.406113 310.65387 -646.990479 209.364288 325.261536 -647.6698 234.776764 300.438538 -646.376465 216.406113 310.65387 -646.990479 216.769638 310.983093 -647.280579 234.776764 300.438538 -646.376465 234.728699 299.944733 -646.086182 216.406113 310.65387 -646.990479 255.33519 304.193115 -645.471802 234.728699 299.944733 -646.086182 234.776764 300.438538 -646.376465 255.33519 304.193115 -645.471802 250.868973 300.967834 -645.409485 234.728699 299.944733 -646.086182 255.33519 304.193115 -645.471802 260.272644 306.547516 -644.958252 250.868973 300.967834 -645.409485 255.33519 304.193115 -645.471802 268.906372 320.226746 -644.281006 260.272644 306.547516 -644.958252 268.461578 320.455536 -644.566528 268.906372 320.226746 -644.281006 255.33519 304.193115 -645.471802 268.461578 320.455536 -644.566528 268.285431 341.440796 -643.375854 268.906372 320.226746 -644.281006 267.792664 341.345581 -643.660522 268.285431 341.440796 -643.375854 268.461578 320.455536 -644.566528 267.792664 341.345581 -643.660522 253.966431 357.12735 -642.470215 268.285431 341.440796 -643.375854 253.65036 356.736206 -642.754639 253.966431 357.12735 -642.470215 267.792664 341.345581 -643.660522 253.65036 356.736206 -642.754639 238.208389 360.948181 -641.791443 253.966431 357.12735 -642.470215 232.892303 359.165741 -641.849548 238.208389 360.948181 -641.791443 253.65036 356.736206 -642.754639 232.892303 359.165741 -641.849548 227.547699 358.389099 -641.339111 238.208389 360.948181 -641.791443 232.892303 359.165741 -641.849548 215.241074 347.831085 -640.660522 227.547699 358.389099 -641.339111 215.579987 347.459595 -640.944824 215.241074 347.831085 -640.660522 232.892303 359.165741 -641.849548 215.579987 347.459595 -640.944824 209.603897 327.350647 -639.755188 215.241074 347.831085 -640.660522 210.097122 327.330933 -640.041138 209.603897 327.350647 -639.755188 215.579987 347.459595 -640.944824 210.097122 327.330933 -640.041138 218.699615 308.154114 -638.849121 209.603897 327.350647 -639.755188 219.045898 308.500397 -639.137573 218.699615 308.154114 -638.849121 210.097122 327.330933 -640.041138 238.10405 300.038391 -638.234253 218.699615 308.154114 -638.849121 219.045898 308.500397 -639.137573 238.10405 300.038391 -638.234253 238.118942 299.546539 -637.94342 218.699615 308.154114 -638.849121 253.797256 302.799164 -637.556519 238.118942 299.546539 -637.94342 238.10405 300.038391 -638.234253 253.797256 302.799164 -637.556519 254.082718 302.383392 -637.264648 238.118942 299.546539 -637.94342 265.29187 313.827332 -636.878723 254.082718 302.383392 -637.264648 253.797256 302.799164 -637.556519 265.29187 313.827332 -636.878723 265.744141 313.619293 -636.587402 254.082718 302.383392 -637.264648 270.479889 328.8927 -636.200684 265.744141 313.619293 -636.587402 265.29187 313.827332 -636.878723 270.479889 328.8927 -636.200684 270.981415 328.926392 -635.909973 265.744141 313.619293 -636.587402 266.407898 344.280243 -635.523132 270.981415 328.926392 -635.909973 270.479889 328.8927 -636.200684 266.407898 344.280243 -635.523132 266.817902 344.556946 -635.232483 270.981415 328.926392 -635.909973 250.710297 358.044312 -634.618286 266.817902 344.556946 -635.232483 266.407898 344.280243 -635.523132 250.710297 358.044312 -634.618286 250.872452 358.511261 -634.328979 266.817902 344.556946 -635.232483 229.825287 358.243164 -633.713318 250.872452 358.511261 -634.328979 250.710297 358.044312 -634.618286 229.825287 358.243164 -633.713318 234.816193 360.563507 -633.650879 250.872452 358.511261 -634.328979 224.49939 356.847839 -633.198608 234.816193 360.563507 -633.650879 229.825287 358.243164 -633.713318 209.457016 331.108734 -624.161743 209.515244 330.964478 -624.1922 212.333466 318.004364 -623.621155 209.457016 331.108734 -624.161743 214.611099 346.02478 -624.869141 209.515244 330.964478 -624.1922 214.64183 346.26709 -624.814636 214.611099 346.02478 -624.869141 209.457016 331.108734 -624.161743 214.64183 346.26709 -624.814636 226.011353 357.102936 -625.543091 214.611099 346.02478 -624.869141 226.190765 357.370819 -625.464355 226.011353 357.102936 -625.543091 214.64183 346.26709 -624.814636 226.190765 357.370819 -625.464355 241.642975 359.978333 -626.22229 226.011353 357.102936 -625.543091 241.968185 360.158783 -626.117493 241.642975 359.978333 -626.22229 226.190765 357.370819 -625.464355 241.968185 360.158783 -626.117493 260.751526 351.697296 -627.123535 241.642975 359.978333 -626.22229 261.167633 351.66037 -626.982971 260.751526 351.697296 -627.123535 241.968185 360.158783 -626.117493 261.167633 351.66037 -626.982971 269.874786 332.979431 -628.024231 260.751526 351.697296 -627.123535 269.728058 338.10614 -627.630554 269.874786 332.979431 -628.024231 261.167633 351.66037 -626.982971 270.727875 327.318573 -628.062744 269.874786 332.979431 -628.024231 269.728058 338.10614 -627.630554 270.727875 327.318573 -628.062744 264.62793 312.827911 -628.926758 269.874786 332.979431 -628.024231 267.931335 316.840637 -628.497559 264.62793 312.827911 -628.926758 270.727875 327.318573 -628.062744 261.68689 307.97937 -628.924011 264.62793 312.827911 -628.926758 267.931335 316.840637 -628.497559 261.68689 307.97937 -628.924011 247.533203 300.937378 -629.829529 264.62793 312.827911 -628.926758 247.521667 300.466919 -629.572876 247.533203 300.937378 -629.829529 261.68689 307.97937 -628.924011 231.63942 300.668274 -630.503906 247.533203 300.937378 -629.829529 247.521667 300.466919 -629.572876 214.835205 347.53067 -632.637634 229.825287 358.243164 -633.713318 215.238342 347.243774 -632.926208 224.49939 356.847839 -633.198608 229.825287 358.243164 -633.713318 214.835205 347.53067 -632.637634 215.238342 347.243774 -632.926208 209.939667 328.542175 -631.80072 214.835205 347.53067 -632.637634 210.425125 328.558258 -632.089111 209.939667 328.542175 -631.80072 215.238342 347.243774 -632.926208 209.939667 328.542175 -631.80072 210.425125 328.558258 -632.089111 220.183823 307.244537 -631.063904 220.183823 307.244537 -631.063904 219.851532 306.87796 -630.775513 209.939667 328.542175 -631.80072 231.63942 300.668274 -630.503906 219.851532 306.87796 -630.775513 220.183823 307.244537 -631.063904 231.63942 300.668274 -630.503906 231.490997 300.190674 -630.215576 219.851532 306.87796 -630.775513 247.521667 300.466919 -629.572876 231.490997 300.190674 -630.215576 231.63942 300.668274 -630.503906 226.965179 357.57431 -623.287415 226.190765 357.370819 -625.464355 214.64183 346.26709 -624.814636 226.965179 357.57431 -623.287415 241.968185 360.158783 -626.117493 226.190765 357.370819 -625.464355 246.366638 359.828125 -624.115295 241.968185 360.158783 -626.117493 226.965179 357.57431 -623.287415 259.371887 353.032776 -624.73822 241.968185 360.158783 -626.117493 246.366638 359.828125 -624.115295 259.371887 353.032776 -624.73822 261.167633 351.66037 -626.982971 241.968185 360.158783 -626.117493 269.373199 336.556946 -625.568542 261.167633 351.66037 -626.982971 259.371887 353.032776 -624.73822 269.373199 336.556946 -625.568542 269.728058 338.10614 -627.630554 261.167633 351.66037 -626.982971 269.373199 336.556946 -625.568542 270.727875 327.318573 -628.062744 269.728058 338.10614 -627.630554 267.328766 317.394135 -626.398926 270.727875 327.318573 -628.062744 269.373199 336.556946 -625.568542 267.328766 317.394135 -626.398926 267.931335 316.840637 -628.497559 270.727875 327.318573 -628.062744 267.328766 317.394135 -626.398926 261.68689 307.97937 -628.924011 267.931335 316.840637 -628.497559 254.077026 303.399475 -627.229126 261.68689 307.97937 -628.924011 267.328766 317.394135 -626.398926 254.077026 303.399475 -627.229126 247.521667 300.466919 -629.572876 261.68689 307.97937 -628.924011 239.666367 299.15744 -628.058838 247.521667 300.466919 -629.572876 254.077026 303.399475 -627.229126 210.18663 321.505127 -630.215576 210.094009 321.956665 -629.782471 209.057297 331.883911 -630.215576 210.18663 321.505127 -630.215576 214.234695 312.873688 -629.35675 210.094009 321.956665 -629.782471 218.387573 308.397827 -630.215576 214.234695 312.873688 -629.35675 210.18663 321.505127 -630.215576 218.387573 308.397827 -630.215576 221.047882 305.586243 -628.920593 214.234695 312.873688 -629.35675 218.387573 308.397827 -630.215576 229.830048 300.847137 -628.495117 221.047882 305.586243 -628.920593 231.490997 300.190674 -630.215576 229.830048 300.847137 -628.495117 218.387573 308.397827 -630.215576 231.490997 300.190674 -630.215576 239.666367 299.15744 -628.058838 229.830048 300.847137 -628.495117 247.521667 300.466919 -629.572876 239.666367 299.15744 -628.058838 231.490997 300.190674 -630.215576 235.050034 300.314301 -628.058899 239.666367 299.15744 -628.058838 254.077026 303.399475 -627.229126 235.050034 300.314301 -628.058899 229.830048 300.847137 -628.495117 239.666367 299.15744 -628.058838 221.43721 305.799347 -628.678406 229.830048 300.847137 -628.495117 235.050034 300.314301 -628.058899 221.43721 305.799347 -628.678406 221.047882 305.586243 -628.920593 229.830048 300.847137 -628.495117 212.615768 317.516144 -629.303894 221.047882 305.586243 -628.920593 221.43721 305.799347 -628.678406 212.615768 317.516144 -629.303894 214.234695 312.873688 -629.35675 221.047882 305.586243 -628.920593 212.615768 317.516144 -629.303894 210.094009 321.956665 -629.782471 214.234695 312.873688 -629.35675 210.245026 335.552002 -630.082642 210.094009 321.956665 -629.782471 212.615768 317.516144 -629.303894 209.057297 331.883911 -630.215576 210.094009 321.956665 -629.782471 210.245026 335.552002 -630.082642 212.045135 342.845093 -630.68573 210.245026 335.552002 -630.082642 217.911148 350.102509 -630.789429 209.057297 331.883911 -630.215576 210.245026 335.552002 -630.082642 212.045135 342.845093 -630.68573 217.911148 350.102509 -630.789429 221.457794 354.549774 -631.310791 212.045135 342.845093 -630.68573 221.457794 354.549774 -631.310791 217.911148 350.102509 -630.789429 236.171661 360.258789 -631.688171 236.171661 360.258789 -631.688171 236.113373 360.755371 -631.977173 221.457794 354.549774 -631.310791 236.171661 360.258789 -631.688171 253.797073 357.076172 -632.734558 236.113373 360.755371 -631.977173 253.55957 356.646698 -632.445312 253.797073 357.076172 -632.734558 236.171661 360.258789 -631.688171 268.515503 338.99469 -633.458679 253.797073 357.076172 -632.734558 253.55957 356.646698 -632.445312 268.515503 338.99469 -633.458679 268.989441 339.114716 -633.749023 253.797073 357.076172 -632.734558 266.386597 315.939728 -634.469482 268.989441 339.114716 -633.749023 268.515503 338.99469 -633.458679 266.386597 315.939728 -634.469482 266.797028 315.66925 -634.760254 268.989441 339.114716 -633.749023 248.448334 301.319397 -635.482849 266.797028 315.66925 -634.760254 266.386597 315.939728 -634.469482 248.448334 301.319397 -635.482849 254.413116 302.554382 -635.519592 266.797028 315.66925 -634.760254 248.448334 301.319397 -635.482849 242.674026 299.11554 -636.026794 254.413116 302.554382 -635.519592 225.437286 303.886902 -636.494141 242.674026 299.11554 -636.026794 248.448334 301.319397 -635.482849 225.437286 303.886902 -636.494141 230.500916 300.491241 -636.532898 242.674026 299.11554 -636.026794 225.437286 303.886902 -636.494141 219.807404 306.478546 -637.037842 230.500916 300.491241 -636.532898 212.745544 316.308929 -637.253052 219.807404 306.478546 -637.037842 225.437286 303.886902 -636.494141 212.745544 316.308929 -637.253052 212.274628 316.132629 -637.543884 219.807404 306.478546 -637.037842 210.355743 333.890747 -638.014282 212.274628 316.132629 -637.543884 212.745544 316.308929 -637.253052 210.355743 333.890747 -638.014282 209.878769 334.017334 -638.305725 212.274628 316.132629 -637.543884 217.216354 350.276947 -638.772034 209.878769 334.017334 -638.305725 210.355743 333.890747 -638.014282 217.216354 350.276947 -638.772034 216.879135 350.650055 -639.062988 209.878769 334.017334 -638.305725 232.682571 358.989319 -639.531433 216.879135 350.650055 -639.062988 217.216354 350.276947 -638.772034 232.682571 358.989319 -639.531433 232.607224 359.477295 -639.821533 216.879135 350.650055 -639.062988 255.591934 355.510742 -640.546692 232.607224 359.477295 -639.821533 232.682571 358.989319 -639.531433 255.591934 355.510742 -640.546692 255.864029 355.92157 -640.835876 232.607224 359.477295 -639.821533 269.130219 336.737274 -641.556458 255.864029 355.92157 -640.835876 255.591934 355.510742 -640.546692 269.130219 336.737274 -641.556458 269.614227 336.825134 -641.845947 255.864029 355.92157 -640.835876 265.194397 313.901947 -642.572021 269.614227 336.825134 -641.845947 269.130219 336.737274 -641.556458 265.194397 313.901947 -642.572021 268.902954 318.792023 -642.607727 269.614227 336.825134 -641.845947 265.194397 313.901947 -642.572021 262.30304 308.469238 -643.114563 268.902954 318.792023 -642.607727 265.194397 313.901947 -642.572021 246.247711 300.260284 -643.870972 262.30304 308.469238 -643.114563 246.153214 300.740967 -643.581909 246.247711 300.260284 -643.870972 265.194397 313.901947 -642.572021 223.404373 305.130219 -644.59668 246.247711 300.260284 -643.870972 246.153214 300.740967 -643.581909 223.404373 305.130219 -644.59668 228.235748 301.31897 -644.63092 246.247711 300.260284 -643.870972 223.404373 305.130219 -644.59668 218.048248 308.111176 -645.139221 228.235748 301.31897 -644.63092 223.404373 305.130219 -644.59668 210.142593 324.328156 -645.896057 218.048248 308.111176 -645.139221 210.623779 324.431732 -645.60791 210.142593 324.328156 -645.896057 223.404373 305.130219 -644.59668 212.013657 342.124969 -646.366455 210.142593 324.328156 -645.896057 210.623779 324.431732 -645.60791 212.013657 342.124969 -646.366455 211.550995 342.314789 -646.655212 210.142593 324.328156 -645.896057 223.979385 355.243164 -647.128235 211.550995 342.314789 -646.655212 212.013657 342.124969 -646.366455 223.979385 355.243164 -647.128235 218.543228 352.374237 -647.163635 211.550995 342.314789 -646.655212 223.979385 355.243164 -647.128235 228.880844 358.937256 -647.6698 218.543228 352.374237 -647.163635 238.207565 360.7005 -647.917114 228.880844 358.937256 -647.6698 223.979385 355.243164 -647.128235 226.134354 357.166046 -648.169861 228.880844 358.937256 -647.6698 238.207565 360.7005 -647.917114 226.134354 357.166046 -648.169861 219.882523 353.585724 -647.6698 228.880844 358.937256 -647.6698 217.409897 350.492371 -648.169861 219.882523 353.585724 -647.6698 226.134354 357.166046 -648.169861 217.409897 350.492371 -648.169861 213.178726 345.544128 -647.6698 219.882523 353.585724 -647.6698 211.615372 341.160767 -648.169861 213.178726 345.544128 -647.6698 217.409897 350.492371 -648.169861 211.615372 341.160767 -648.169861 209.534088 335.729614 -647.6698 213.178726 345.544128 -647.6698 209.502396 330.381653 -648.169861 209.534088 335.729614 -647.6698 211.615372 341.160767 -648.169861 209.364288 325.261536 -647.6698 209.534088 335.729614 -647.6698 209.502396 330.381653 -648.169861 214.719696 346.891754 -579 240 330 -560.373291 209 330 -579 269.820129 335.93158 -579 240 330 -560.373291 256.891754 355.280304 -579 256.891754 355.280304 -579 240 330 -560.373291 234.06842 359.820099 -579 234.06842 359.820099 -579 240 330 -560.373291 214.719696 346.891754 -579 209 330 -579 240 330 -560.373291 214.719696 313.108246 -579 214.719696 313.108246 -579 240 330 -560.373291 228.13681 301.359741 -579 228.13681 301.359741 -579 240 330 -560.373291 240 299 -579 240 299 -579 240 330 -560.373291 265.280304 313.108246 -579 265.280304 313.108246 -579 240 330 -560.373291 269.820129 335.93158 -579 216.769638 -349.016968 -647.280579 209.364288 -334.738464 -647.6698 209.502396 -329.618347 -648.169861 216.769638 -349.016968 -647.280579 216.406113 -349.346161 -646.990479 209.364288 -334.738464 -647.6698 234.776764 -359.561462 -646.376465 216.406113 -349.346161 -646.990479 216.769638 -349.016968 -647.280579 234.776764 -359.561462 -646.376465 234.728699 -360.055267 -646.086182 216.406113 -349.346161 -646.990479 255.33519 -355.806885 -645.471802 234.728699 -360.055267 -646.086182 234.776764 -359.561462 -646.376465 255.33519 -355.806885 -645.471802 250.868973 -359.032135 -645.409485 234.728699 -360.055267 -646.086182 255.33519 -355.806885 -645.471802 260.272644 -353.452484 -644.958252 250.868973 -359.032135 -645.409485 255.33519 -355.806885 -645.471802 268.906372 -339.773254 -644.281006 260.272644 -353.452484 -644.958252 268.461578 -339.544464 -644.566528 268.906372 -339.773254 -644.281006 255.33519 -355.806885 -645.471802 268.461578 -339.544464 -644.566528 268.285431 -318.559204 -643.375854 268.906372 -339.773254 -644.281006 267.792664 -318.654419 -643.660522 268.285431 -318.559204 -643.375854 268.461578 -339.544464 -644.566528 267.792664 -318.654419 -643.660522 253.966431 -302.87265 -642.470215 268.285431 -318.559204 -643.375854 253.65036 -303.263794 -642.754639 253.966431 -302.87265 -642.470215 267.792664 -318.654419 -643.660522 253.65036 -303.263794 -642.754639 238.208389 -299.051819 -641.791443 253.966431 -302.87265 -642.470215 232.892303 -300.834259 -641.849548 238.208389 -299.051819 -641.791443 253.65036 -303.263794 -642.754639 232.892303 -300.834259 -641.849548 227.547699 -301.610901 -641.339111 238.208389 -299.051819 -641.791443 232.892303 -300.834259 -641.849548 215.241074 -312.168915 -640.660522 227.547699 -301.610901 -641.339111 215.579987 -312.540405 -640.944824 215.241074 -312.168915 -640.660522 232.892303 -300.834259 -641.849548 215.579987 -312.540405 -640.944824 209.603897 -332.649353 -639.755188 215.241074 -312.168915 -640.660522 210.097122 -332.669067 -640.041138 209.603897 -332.649353 -639.755188 215.579987 -312.540405 -640.944824 210.097122 -332.669067 -640.041138 218.699615 -351.845886 -638.849121 209.603897 -332.649353 -639.755188 219.045898 -351.499603 -639.137573 218.699615 -351.845886 -638.849121 210.097122 -332.669067 -640.041138 238.10405 -359.961609 -638.234253 218.699615 -351.845886 -638.849121 219.045898 -351.499603 -639.137573 238.10405 -359.961609 -638.234253 238.118942 -360.453491 -637.94342 218.699615 -351.845886 -638.849121 253.797256 -357.200806 -637.556519 238.118942 -360.453491 -637.94342 238.10405 -359.961609 -638.234253 253.797256 -357.200806 -637.556519 254.082718 -357.616608 -637.264648 238.118942 -360.453491 -637.94342 265.29187 -346.172638 -636.878723 254.082718 -357.616608 -637.264648 253.797256 -357.200806 -637.556519 265.29187 -346.172638 -636.878723 265.744141 -346.380707 -636.587402 254.082718 -357.616608 -637.264648 270.479889 -331.1073 -636.200684 265.744141 -346.380707 -636.587402 265.29187 -346.172638 -636.878723 270.479889 -331.1073 -636.200684 270.981415 -331.073608 -635.909973 265.744141 -346.380707 -636.587402 266.407898 -315.719727 -635.523132 270.981415 -331.073608 -635.909973 270.479889 -331.1073 -636.200684 266.407898 -315.719727 -635.523132 266.817902 -315.443054 -635.232483 270.981415 -331.073608 -635.909973 250.710297 -301.955688 -634.618286 266.817902 -315.443054 -635.232483 266.407898 -315.719727 -635.523132 250.710297 -301.955688 -634.618286 250.872452 -301.488739 -634.328979 266.817902 -315.443054 -635.232483 229.825287 -301.756836 -633.713318 250.872452 -301.488739 -634.328979 250.710297 -301.955688 -634.618286 229.825287 -301.756836 -633.713318 234.816193 -299.436493 -633.650879 250.872452 -301.488739 -634.328979 224.49939 -303.15213 -633.198608 234.816193 -299.436493 -633.650879 229.825287 -301.756836 -633.713318 209.456879 -328.895233 -624.16156 209.515244 -329.035522 -624.1922 212.33371 -341.996399 -623.621155 209.456879 -328.895233 -624.16156 214.611099 -313.97525 -624.869141 209.515244 -329.035522 -624.1922 214.636826 -313.740906 -624.814209 214.611099 -313.97525 -624.869141 209.456879 -328.895233 -624.16156 214.636826 -313.740906 -624.814209 226.011353 -302.897095 -625.543091 214.611099 -313.97525 -624.869141 226.185837 -302.631683 -625.463928 226.011353 -302.897095 -625.543091 214.636826 -313.740906 -624.814209 226.185837 -302.631683 -625.463928 241.642975 -300.021667 -626.22229 226.011353 -302.897095 -625.543091 241.968796 -299.841278 -626.117554 241.642975 -300.021667 -626.22229 226.185837 -302.631683 -625.463928 241.968796 -299.841278 -626.117554 260.751526 -308.302734 -627.123535 241.642975 -300.021667 -626.22229 261.16803 -308.339996 -626.983032 260.751526 -308.302734 -627.123535 241.968796 -299.841278 -626.117554 261.16803 -308.339996 -626.983032 269.874786 -327.020569 -628.024231 260.751526 -308.302734 -627.123535 269.72821 -321.894409 -627.630554 269.874786 -327.020569 -628.024231 261.16803 -308.339996 -626.983032 270.727112 -332.690216 -628.06311 269.874786 -327.020569 -628.024231 269.72821 -321.894409 -627.630554 270.727112 -332.690216 -628.06311 264.62793 -347.172089 -628.926758 269.874786 -327.020569 -628.024231 267.929199 -343.163879 -628.497742 264.62793 -347.172089 -628.926758 270.727112 -332.690216 -628.06311 261.682556 -352.024933 -628.924377 264.62793 -347.172089 -628.926758 267.929199 -343.163879 -628.497742 261.682556 -352.024933 -628.924377 247.533203 -359.062561 -629.829529 264.62793 -347.172089 -628.926758 247.523987 -359.532532 -629.572876 247.533203 -359.062561 -629.829529 261.682556 -352.024933 -628.924377 231.63942 -359.331726 -630.503906 247.533203 -359.062561 -629.829529 247.523987 -359.532532 -629.572876 214.835205 -312.469299 -632.637634 229.825287 -301.756836 -633.713318 215.238342 -312.756226 -632.926208 224.49939 -303.15213 -633.198608 229.825287 -301.756836 -633.713318 214.835205 -312.469299 -632.637634 215.238342 -312.756226 -632.926208 209.939667 -331.457825 -631.80072 214.835205 -312.469299 -632.637634 210.425125 -331.441742 -632.089111 209.939667 -331.457825 -631.80072 215.238342 -312.756226 -632.926208 209.939667 -331.457825 -631.80072 210.425125 -331.441742 -632.089111 220.183823 -352.755432 -631.063904 220.183823 -352.755432 -631.063904 219.851532 -353.12204 -630.775513 209.939667 -331.457825 -631.80072 231.63942 -359.331726 -630.503906 219.851532 -353.12204 -630.775513 220.183823 -352.755432 -631.063904 231.63942 -359.331726 -630.503906 231.490997 -359.809326 -630.215576 219.851532 -353.12204 -630.775513 247.523987 -359.532532 -629.572876 231.490997 -359.809326 -630.215576 231.63942 -359.331726 -630.503906 226.965179 -302.425659 -623.287415 226.185837 -302.631683 -625.463928 214.636826 -313.740906 -624.814209 226.965179 -302.425659 -623.287415 241.968796 -299.841278 -626.117554 226.185837 -302.631683 -625.463928 246.366638 -300.171875 -624.115295 241.968796 -299.841278 -626.117554 226.965179 -302.425659 -623.287415 259.371887 -306.967224 -624.73822 241.968796 -299.841278 -626.117554 246.366638 -300.171875 -624.115295 259.371887 -306.967224 -624.73822 261.16803 -308.339996 -626.983032 241.968796 -299.841278 -626.117554 269.373199 -323.443054 -625.568542 261.16803 -308.339996 -626.983032 259.371887 -306.967224 -624.73822 269.373199 -323.443054 -625.568542 269.72821 -321.894409 -627.630554 261.16803 -308.339996 -626.983032 269.373199 -323.443054 -625.568542 270.727112 -332.690216 -628.06311 269.72821 -321.894409 -627.630554 267.328766 -342.605865 -626.398926 270.727112 -332.690216 -628.06311 269.373199 -323.443054 -625.568542 267.328766 -342.605865 -626.398926 267.929199 -343.163879 -628.497742 270.727112 -332.690216 -628.06311 267.328766 -342.605865 -626.398926 261.682556 -352.024933 -628.924377 267.929199 -343.163879 -628.497742 254.077026 -356.600586 -627.229126 261.682556 -352.024933 -628.924377 267.328766 -342.605865 -626.398926 254.077026 -356.600586 -627.229126 247.523987 -359.532532 -629.572876 261.682556 -352.024933 -628.924377 239.67572 -360.842621 -628.058411 247.523987 -359.532532 -629.572876 254.077026 -356.600586 -627.229126 210.18663 -338.494873 -630.215576 210.094254 -338.04425 -629.78241 209.057297 -328.116089 -630.215576 210.18663 -338.494873 -630.215576 214.237198 -347.130005 -629.356567 210.094254 -338.04425 -629.78241 218.387573 -351.602173 -630.215576 214.237198 -347.130005 -629.356567 210.18663 -338.494873 -630.215576 218.387573 -351.602173 -630.215576 221.056396 -354.420319 -628.920105 214.237198 -347.130005 -629.356567 218.387573 -351.602173 -630.215576 229.839706 -359.156189 -628.49469 221.056396 -354.420319 -628.920105 231.490997 -359.809326 -630.215576 229.839706 -359.156189 -628.49469 218.387573 -351.602173 -630.215576 231.490997 -359.809326 -630.215576 239.67572 -360.842621 -628.058411 229.839706 -359.156189 -628.49469 247.523987 -359.532532 -629.572876 239.67572 -360.842621 -628.058411 231.490997 -359.809326 -630.215576 235.050034 -359.685699 -628.058899 239.67572 -360.842621 -628.058411 254.077026 -356.600586 -627.229126 235.050034 -359.685699 -628.058899 229.839706 -359.156189 -628.49469 239.67572 -360.842621 -628.058411 221.43721 -354.200653 -628.678406 229.839706 -359.156189 -628.49469 235.050034 -359.685699 -628.058899 221.43721 -354.200653 -628.678406 221.056396 -354.420319 -628.920105 229.839706 -359.156189 -628.49469 212.615768 -342.483856 -629.303894 221.056396 -354.420319 -628.920105 221.43721 -354.200653 -628.678406 212.615768 -342.483856 -629.303894 214.237198 -347.130005 -629.356567 221.056396 -354.420319 -628.920105 212.615768 -342.483856 -629.303894 210.094254 -338.04425 -629.78241 214.237198 -347.130005 -629.356567 210.245026 -324.447998 -630.082642 210.094254 -338.04425 -629.78241 212.615768 -342.483856 -629.303894 209.057297 -328.116089 -630.215576 210.094254 -338.04425 -629.78241 210.245026 -324.447998 -630.082642 212.045135 -317.154968 -630.68573 210.245026 -324.447998 -630.082642 217.911148 -309.897461 -630.789429 209.057297 -328.116089 -630.215576 210.245026 -324.447998 -630.082642 212.045135 -317.154968 -630.68573 217.911148 -309.897461 -630.789429 221.457794 -305.450226 -631.310791 212.045135 -317.154968 -630.68573 221.457794 -305.450226 -631.310791 217.911148 -309.897461 -630.789429 236.171661 -299.741211 -631.688171 236.171661 -299.741211 -631.688171 236.112732 -299.24469 -631.977173 221.457794 -305.450226 -631.310791 236.171661 -299.741211 -631.688171 253.795547 -302.922852 -632.734436 236.112732 -299.24469 -631.977173 253.55957 -303.353302 -632.445312 253.795547 -302.922852 -632.734436 236.171661 -299.741211 -631.688171 268.515503 -321.00531 -633.458679 253.795547 -302.922852 -632.734436 253.55957 -303.353302 -632.445312 268.515503 -321.00531 -633.458679 268.988373 -320.881012 -633.748779 253.795547 -302.922852 -632.734436 266.386597 -344.060272 -634.469482 268.988373 -320.881012 -633.748779 268.515503 -321.00531 -633.458679 266.386597 -344.060272 -634.469482 266.806122 -344.317169 -634.759155 268.988373 -320.881012 -633.748779 248.448334 -358.680573 -635.482849 266.806122 -344.317169 -634.759155 266.386597 -344.060272 -634.469482 248.448334 -358.680573 -635.482849 254.417633 -357.443237 -635.519348 266.806122 -344.317169 -634.759155 248.448334 -358.680573 -635.482849 242.679977 -360.883942 -636.026672 254.417633 -357.443237 -635.519348 225.437286 -356.113098 -636.494141 242.679977 -360.883942 -636.026672 248.448334 -358.680573 -635.482849 225.437286 -356.113098 -636.494141 230.503922 -359.509735 -636.532959 242.679977 -360.883942 -636.026672 225.437286 -356.113098 -636.494141 219.808594 -353.522491 -637.037781 230.503922 -359.509735 -636.532959 212.745544 -343.691071 -637.253052 219.808594 -353.522491 -637.037781 225.437286 -356.113098 -636.494141 212.745544 -343.691071 -637.253052 212.275528 -343.869141 -637.543823 219.808594 -353.522491 -637.037781 210.355743 -326.109253 -638.014282 212.275528 -343.869141 -637.543823 212.745544 -343.691071 -637.253052 210.355743 -326.109253 -638.014282 209.87854 -325.98465 -638.305664 212.275528 -343.869141 -637.543823 217.216354 -309.723022 -638.772034 209.87854 -325.98465 -638.305664 210.355743 -326.109253 -638.014282 217.216354 -309.723022 -638.772034 216.877914 -309.351318 -639.062927 209.87854 -325.98465 -638.305664 232.682571 -301.010681 -639.531433 216.877914 -309.351318 -639.062927 217.216354 -309.723022 -638.772034 232.682571 -301.010681 -639.531433 232.605652 -300.523102 -639.821472 216.877914 -309.351318 -639.062927 255.591934 -304.489258 -640.546692 232.605652 -300.523102 -639.821472 232.682571 -301.010681 -639.531433 255.591934 -304.489258 -640.546692 255.862823 -304.077698 -640.835815 232.605652 -300.523102 -639.821472 269.130219 -323.262726 -641.556458 255.862823 -304.077698 -640.835815 255.591934 -304.489258 -640.546692 269.130219 -323.262726 -641.556458 269.613922 -323.173706 -641.845886 255.862823 -304.077698 -640.835815 265.194397 -346.098053 -642.572021 269.613922 -323.173706 -641.845886 269.130219 -323.262726 -641.556458 265.194397 -346.098053 -642.572021 268.903351 -341.207001 -642.607727 269.613922 -323.173706 -641.845886 265.194397 -346.098053 -642.572021 262.303741 -351.53006 -643.114441 268.903351 -341.207001 -642.607727 265.194397 -346.098053 -642.572021 246.248474 -359.739563 -643.870911 262.303741 -351.53006 -643.114441 246.153214 -359.259033 -643.581909 246.248474 -359.739563 -643.870911 265.194397 -346.098053 -642.572021 223.404373 -354.869751 -644.59668 246.248474 -359.739563 -643.870911 246.153214 -359.259033 -643.581909 223.404373 -354.869751 -644.59668 228.236328 -358.681244 -644.63092 246.248474 -359.739563 -643.870911 223.404373 -354.869751 -644.59668 218.04863 -351.889191 -645.139221 228.236328 -358.681244 -644.63092 223.404373 -354.869751 -644.59668 210.14267 -335.672241 -645.896057 218.04863 -351.889191 -645.139221 210.623779 -335.568237 -645.60791 210.14267 -335.672241 -645.896057 223.404373 -354.869751 -644.59668 212.013657 -317.875031 -646.366455 210.14267 -335.672241 -645.896057 210.623779 -335.568237 -645.60791 212.013657 -317.875031 -646.366455 211.550903 -317.685394 -646.655212 210.14267 -335.672241 -645.896057 223.979385 -304.756805 -647.128235 211.550903 -317.685394 -646.655212 212.013657 -317.875031 -646.366455 223.979385 -304.756805 -647.128235 218.543152 -307.625854 -647.163635 211.550903 -317.685394 -646.655212 223.979385 -304.756805 -647.128235 228.880844 -301.062744 -647.6698 218.543152 -307.625854 -647.163635 238.207565 -299.2995 -647.917114 228.880844 -301.062744 -647.6698 223.979385 -304.756805 -647.128235 226.134354 -302.833954 -648.169861 228.880844 -301.062744 -647.6698 238.207565 -299.2995 -647.917114 226.134354 -302.833954 -648.169861 219.882523 -306.414276 -647.6698 228.880844 -301.062744 -647.6698 217.409897 -309.507629 -648.169861 219.882523 -306.414276 -647.6698 226.134354 -302.833954 -648.169861 217.409897 -309.507629 -648.169861 213.178726 -314.455872 -647.6698 219.882523 -306.414276 -647.6698 211.615372 -318.839203 -648.169861 213.178726 -314.455872 -647.6698 217.409897 -309.507629 -648.169861 211.615372 -318.839203 -648.169861 209.534088 -324.270386 -647.6698 213.178726 -314.455872 -647.6698 209.502396 -329.618347 -648.169861 209.534088 -324.270386 -647.6698 211.615372 -318.839203 -648.169861 209.364288 -334.738464 -647.6698 209.534088 -324.270386 -647.6698 209.502396 -329.618347 -648.169861 214.719696 -313.108246 -579 240 -330 -560.373291 209 -330 -579 269.820129 -324.06842 -579 240 -330 -560.373291 256.891754 -304.719696 -579 256.891754 -304.719696 -579 240 -330 -560.373291 234.06842 -300.179871 -579 234.06842 -300.179871 -579 240 -330 -560.373291 214.719696 -313.108246 -579 209 -330 -579 240 -330 -560.373291 214.719696 -346.891754 -579 214.719696 -346.891754 -579 240 -330 -560.373291 228.13681 -358.640259 -579 228.13681 -358.640259 -579 240 -330 -560.373291 240 -361 -579 240 -361 -579 240 -330 -560.373291 265.280304 -346.891754 -579 265.280304 -346.891754 -579 240 -330 -560.373291 269.820129 -324.06842 -579 </float_array>
          <technique_common>
            <accessor count="1416" offset="0" source="#_160i160i160_4-positions-array" stride="3">
              <param name="X" type="float" />
              <param name="Y" type="float" />
              <param name="Z" type="float" />
            </accessor>
          </technique_common>
        </source>
        <vertices id="_160i160i160_4-vertices">
          <input semantic="POSITION" source="#_160i160i160_4-positions" />
        </vertices>
        <polylist count="472" material="defaultMaterial">
          <input offset="0" semantic="VERTEX" source="#_160i160i160_4-vertices" />
          <vcount>3 3 3 3 3 3 3 3 3 3 3 3 3 3 3 3 3 3 3 3 3 3 3 3 3 3 3 3 3 3 3 3 3 3 3 3 3 3 3 3 3 3 3 3 3 3 3 3 3 3 3 3 3 3 3 3 3 3 3 3 3 3 3 3 3 3 3 3 3 3 3 3 3 3 3 3 3 3 3 3 3 3 3 3 3 3 3 3 3 3 3 3 3 3 3 3 3 3 3 3 3 3 3 3 3 3 3 3 3 3 3 3 3 3 3 3 3 3 3 3 3 3 3 3 3 3 3 3 3 3 3 3 3 3 3 3 3 3 3 3 3 3 3 3 3 3 3 3 3 3 3 3 3 3 3 3 3 3 3 3 3 3 3 3 3 3 3 3 3 3 3 3 3 3 3 3 3 3 3 3 3 3 3 3 3 3 3 3 3 3 3 3 3 3 3 3 3 3 3 3 3 3 3 3 3 3 3 3 3 3 3 3 3 3 3 3 3 3 3 3 3 3 3 3 3 3 3 3 3 3 3 3 3 3 3 3 3 3 3 3 3 3 3 3 3 3 3 3 3 3 3 3 3 3 3 3 3 3 3 3 3 3 3 3 3 3 3 3 3 3 3 3 3 3 3 3 3 3 3 3 3 3 3 3 3 3 3 3 3 3 3 3 3 3 3 3 3 3 3 3 3 3 3 3 3 3 3 3 3 3 3 3 3 3 3 3 3 3 3 3 3 3 3 3 3 3 3 3 3 3 3 3 3 3 3 3 3 3 3 3 3 3 3 3 3 3 3 3 3 3 3 3 3 3 3 3 3 3 3 3 3 3 3 3 3 3 3 3 3 3 3 3 3 3 3 3 3 3 3 3 3 3 3 3 3 3 3 3 3 3 3 3 3 3 3 3 3 3 3 3 3 3 3 3 3 3 3 3 3 3 3 3 3 3 3 3 3 3 3 3 3 3 3 3 3 3 3 3 3 3 3 3 3 3 3 3 3 3 3 3 3 3 3 3 3 3 3 3 3 3 3 3 3 3 3 3 3 3 3 3 3 3 3 3 3 3 3 3 3 3 3 3 </vcount>
          <p>0 1 2 3 4 5 6 7 8 9 10 11 12 13 14 15 16 17 18 19 20 21 22 23 24 25 26 27 28 29 30 31 32 33 34 35 36 37 38 39 40 41 42 43 44 45 46 47 48 49 50 51 52 53 54 55 56 57 58 59 60 61 62 63 64 65 66 67 68 69 70 71 72 73 74 75 76 77 78 79 80 81 82 83 84 85 86 87 88 89 90 91 92 93 94 95 96 97 98 99 100 101 102 103 104 105 106 107 108 109 110 111 112 113 114 115 116 117 118 119 120 121 122 123 124 125 126 127 128 129 130 131 132 133 134 135 136 137 138 139 140 141 142 143 144 145 146 147 148 149 150 151 152 153 154 155 156 157 158 159 160 161 162 163 164 165 166 167 168 169 170 171 172 173 174 175 176 177 178 179 180 181 182 183 184 185 186 187 188 189 190 191 192 193 194 195 196 197 198 199 200 201 202 203 204 205 206 207 208 209 210 211 212 213 214 215 216 217 218 219 220 221 222 223 224 225 226 227 228 229 230 231 232 233 234 235 236 237 238 239 240 241 242 243 244 245 246 247 248 249 250 251 252 253 254 255 256 257 258 259 260 261 262 263 264 265 266 267 268 269 270 271 272 273 274 275 276 277 278 279 280 281 282 283 284 285 286 287 288 289 290 291 292 293 294 295 296 297 298 299 300 301 302 303 304 305 306 307 308 309 310 311 312 313 314 315 316 317 318 319 320 321 322 323 324 325 326 327 328 329 330 331 332 333 334 335 336 337 338 339 340 341 342 343 344 345 346 347 348 349 350 351 352 353 354 355 356 357 358 359 360 361 362 363 364 365 366 367 368 369 370 371 372 373 374 375 376 377 378 379 380 381 382 383 384 385 386 387 388 389 390 391 392 393 394 395 396 397 398 399 400 401 402 403 404 405 406 407 408 409 410 411 412 413 414 415 416 417 418 419 420 421 422 423 424 425 426 427 428 429 430 431 432 433 434 435 436 437 438 439 440 441 442 443 444 445 446 447 448 449 450 451 452 453 454 455 456 457 458 459 460 461 462 463 464 465 466 467 468 469 470 471 472 473 474 475 476 477 478 479 480 481 482 483 484 485 486 487 488 489 490 491 492 493 494 495 496 497 498 499 500 501 502 503 504 505 506 507 508 509 510 511 512 513 514 515 516 517 518 519 520 521 522 523 524 525 526 527 528 529 530 531 532 533 534 535 536 537 538 539 540 541 542 543 544 545 546 547 548 549 550 551 552 553 554 555 556 557 558 559 560 561 562 563 564 565 566 567 568 569 570 571 572 573 574 575 576 577 578 579 580 581 582 583 584 585 586 587 588 589 590 591 592 593 594 595 596 597 598 599 600 601 602 603 604 605 606 607 608 609 610 611 612 613 614 615 616 617 618 619 620 621 622 623 624 625 626 627 628 629 630 631 632 633 634 635 636 637 638 639 640 641 642 643 644 645 646 647 648 649 650 651 652 653 654 655 656 657 658 659 660 661 662 663 664 665 666 667 668 669 670 671 672 673 674 675 676 677 678 679 680 681 682 683 684 685 686 687 688 689 690 691 692 693 694 695 696 697 698 699 700 701 702 703 704 705 706 707 708 709 710 711 712 713 714 715 716 717 718 719 720 721 722 723 724 725 726 727 728 729 730 731 732 733 734 735 736 737 738 739 740 741 742 743 744 745 746 747 748 749 750 751 752 753 754 755 756 757 758 759 760 761 762 763 764 765 766 767 768 769 770 771 772 773 774 775 776 777 778 779 780 781 782 783 784 785 786 787 788 789 790 791 792 793 794 795 796 797 798 799 800 801 802 803 804 805 806 807 808 809 810 811 812 813 814 815 816 817 818 819 820 821 822 823 824 825 826 827 828 829 830 831 832 833 834 835 836 837 838 839 840 841 842 843 844 845 846 847 848 849 850 851 852 853 854 855 856 857 858 859 860 861 862 863 864 865 866 867 868 869 870 871 872 873 874 875 876 877 878 879 880 881 882 883 884 885 886 887 888 889 890 891 892 893 894 895 896 897 898 899 900 901 902 903 904 905 906 907 908 909 910 911 912 913 914 915 916 917 918 919 920 921 922 923 924 925 926 927 928 929 930 931 932 933 934 935 936 937 938 939 940 941 942 943 944 945 946 947 948 949 950 951 952 953 954 955 956 957 958 959 960 961 962 963 964 965 966 967 968 969 970 971 972 973 974 975 976 977 978 979 980 981 982 983 984 985 986 987 988 989 990 991 992 993 994 995 996 997 998 999 1000 1001 1002 1003 1004 1005 1006 1007 1008 1009 1010 1011 1012 1013 1014 1015 1016 1017 1018 1019 1020 1021 1022 1023 1024 1025 1026 1027 1028 1029 1030 1031 1032 1033 1034 1035 1036 1037 1038 1039 1040 1041 1042 1043 1044 1045 1046 1047 1048 1049 1050 1051 1052 1053 1054 1055 1056 1057 1058 1059 1060 1061 1062 1063 1064 1065 1066 1067 1068 1069 1070 1071 1072 1073 1074 1075 1076 1077 1078 1079 1080 1081 1082 1083 1084 1085 1086 1087 1088 1089 1090 1091 1092 1093 1094 1095 1096 1097 1098 1099 1100 1101 1102 1103 1104 1105 1106 1107 1108 1109 1110 1111 1112 1113 1114 1115 1116 1117 1118 1119 1120 1121 1122 1123 1124 1125 1126 1127 1128 1129 1130 1131 1132 1133 1134 1135 1136 1137 1138 1139 1140 1141 1142 1143 1144 1145 1146 1147 1148 1149 1150 1151 1152 1153 1154 1155 1156 1157 1158 1159 1160 1161 1162 1163 1164 1165 1166 1167 1168 1169 1170 1171 1172 1173 1174 1175 1176 1177 1178 1179 1180 1181 1182 1183 1184 1185 1186 1187 1188 1189 1190 1191 1192 1193 1194 1195 1196 1197 1198 1199 1200 1201 1202 1203 1204 1205 1206 1207 1208 1209 1210 1211 1212 1213 1214 1215 1216 1217 1218 1219 1220 1221 1222 1223 1224 1225 1226 1227 1228 1229 1230 1231 1232 1233 1234 1235 1236 1237 1238 1239 1240 1241 1242 1243 1244 1245 1246 1247 1248 1249 1250 1251 1252 1253 1254 1255 1256 1257 1258 1259 1260 1261 1262 1263 1264 1265 1266 1267 1268 1269 1270 1271 1272 1273 1274 1275 1276 1277 1278 1279 1280 1281 1282 1283 1284 1285 1286 1287 1288 1289 1290 1291 1292 1293 1294 1295 1296 1297 1298 1299 1300 1301 1302 1303 1304 1305 1306 1307 1308 1309 1310 1311 1312 1313 1314 1315 1316 1317 1318 1319 1320 1321 1322 1323 1324 1325 1326 1327 1328 1329 1330 1331 1332 1333 1334 1335 1336 1337 1338 1339 1340 1341 1342 1343 1344 1345 1346 1347 1348 1349 1350 1351 1352 1353 1354 1355 1356 1357 1358 1359 1360 1361 1362 1363 1364 1365 1366 1367 1368 1369 1370 1371 1372 1373 1374 1375 1376 1377 1378 1379 1380 1381 1382 1383 1384 1385 1386 1387 1388 1389 1390 1391 1392 1393 1394 1395 1396 1397 1398 1399 1400 1401 1402 1403 1404 1405 1406 1407 1408 1409 1410 1411 1412 1413 1414 1415 </p>
        </polylist>
      </mesh>
    </geometry>
    <geometry id="_127i217i167_1" name="127,217,167" >
      <mesh>
        <source id="_127i217i167_1-positions" name="_127i217i167_1-positions">
          <float_array id="_127i217i167_1-positions-array" count="441"> -259.535248 -53.1400795 -123 -258.983612 16.9746857 -93 -264.385315 17.3287296 -123 -259.535248 -53.1400795 -123 -257.60199 -35.9339409 -93 -258.983612 16.9746857 -93 -259.535248 -53.1400795 -123 -244.050797 -88.1185074 -93 -257.60199 -35.9339409 -93 -236.04512 -120.270996 -123 -244.050797 -88.1185074 -93 -259.535248 -53.1400795 -123 -236.04512 -120.270996 -123 -210.619537 -151.542297 -93 -244.050797 -88.1185074 -93 -195.542221 -178.733475 -123 -210.619537 -151.542297 -93 -236.04512 -120.270996 -123 -195.542221 -178.733475 -123 -161.107758 -203.396057 -93 -210.619537 -151.542297 -93 -140.945755 -224.313843 -123 -161.107758 -203.396057 -93 -195.542221 -178.733475 -123 -140.945755 -224.313843 -123 -99.2955933 -239.720764 -93 -161.107758 -203.396057 -93 -76.190712 -253.72699 -123 -99.2955933 -239.720764 -93 -140.945755 -224.313843 -123 -76.190712 -253.72699 -123 -29.9023438 -257.743103 -93 -99.2955933 -239.720764 -93 -5.94428396 -264.852936 -123 -29.9023438 -257.743103 -93 -76.190712 -253.72699 -123 -5.94428396 -264.852936 -123 41.7739105 -256.087097 -93 -29.9023438 -257.743103 -93 64.7305756 -256.889801 -123 41.7739105 -256.087097 -93 -5.94428396 -264.852936 -123 64.7305756 -256.889801 -123 110.260773 -234.879166 -93 41.7739105 -256.087097 -93 130.740005 -230.411514 -123 110.260773 -234.879166 -93 64.7305756 -256.889801 -123 130.740005 -230.411514 -123 170.329376 -195.738525 -93 110.260773 -234.879166 -93 187.326462 -187.326462 -123 170.329376 -195.738525 -93 130.740005 -230.411514 -123 187.326462 -187.326462 -123 207.561249 -156.742981 -93 170.329376 -195.738525 -93 230.411514 -130.740005 -123 207.561249 -156.742981 -93 187.326462 -187.326462 -123 230.411514 -130.740005 -123 234.879166 -110.260773 -93 207.561249 -156.742981 -93 256.889801 -64.7305756 -123 234.879166 -110.260773 -93 230.411514 -130.740005 -123 256.889801 -64.7305756 -123 256.087097 -41.7739105 -93 234.879166 -110.260773 -93 265.253723 -11.9125595 -123 256.087097 -41.7739105 -93 256.889801 -64.7305756 -123 265.253723 -11.9125595 -123 257.743103 29.9023438 -93 256.087097 -41.7739105 -93 261.658051 41.4425659 -123 257.743103 29.9023438 -93 265.253723 -11.9125595 -123 261.658051 41.4425659 -123 239.720764 99.2955933 -93 257.743103 29.9023438 -93 241.203384 109.559776 -123 239.720764 99.2955933 -93 261.658051 41.4425659 -123 241.203384 109.559776 -123 203.396057 161.107758 -93 239.720764 99.2955933 -93 203.364166 169.780533 -123 203.396057 161.107758 -93 241.203384 109.559776 -123 203.364166 169.780533 -123 151.542297 210.619537 -93 203.396057 161.107758 -93 150.86763 217.764496 -123 151.542297 210.619537 -93 203.364166 169.780533 -123 150.86763 217.764496 -123 88.1185074 244.050797 -93 151.542297 210.619537 -93 87.497406 250.053207 -123 88.1185074 244.050797 -93 150.86763 217.764496 -123 87.497406 250.053207 -123 35.9339409 257.60199 -93 88.1185074 244.050797 -93 17.8208809 264.31958 -123 35.9339409 257.60199 -93 87.497406 250.053207 -123 17.8208809 264.31958 -123 -16.9746857 258.983612 -93 35.9339409 257.60199 -93 -51.689682 259.861603 -123 -16.9746857 258.983612 -93 17.8208809 264.31958 -123 -51.689682 259.861603 -123 -67.3178482 251.233643 -93 -16.9746857 258.983612 -93 -51.689682 259.861603 -123 -114.791298 232.773727 -93 -67.3178482 251.233643 -93 -117.185532 237.628738 -123 -114.791298 232.773727 -93 -51.689682 259.861603 -123 -117.185532 237.628738 -123 -171.12616 195.131989 -93 -114.791298 232.773727 -93 -174.695358 199.201889 -123 -171.12616 195.131989 -93 -117.185532 237.628738 -123 -174.695358 199.201889 -123 -215.799026 144.192307 -93 -171.12616 195.131989 -93 -220.300034 147.199768 -123 -215.799026 144.192307 -93 -174.695358 199.201889 -123 -220.300034 147.199768 -123 -245.765594 83.4261703 -93 -215.799026 144.192307 -93 -250.891571 85.166214 -123 -245.765594 83.4261703 -93 -220.300034 147.199768 -123 -250.891571 85.166214 -123 -258.983612 16.9746857 -93 -245.765594 83.4261703 -93 -264.385315 17.3287296 -123 -258.983612 16.9746857 -93 -250.891571 85.166214 -123 </float_array>
          <technique_common>
            <accessor count="147" offset="0" source="#_127i217i167_1-positions-array" stride="3">
              <param name="X" type="float" />
              <param name="Y" type="float" />
              <param name="Z" type="float" />
            </accessor>
          </technique_common>
        </source>
        <vertices id="_127i217i167_1-vertices">
          <input semantic="POSITION" source="#_127i217i167_1-positions" />
        </vertices>
        <polylist count="49" material="defaultMaterial">
          <input offset="0" semantic="VERTEX" source="#_127i217i167_1-vertices" />
          <vcount>3 3 3 3 3 3 3 3 3 3 3 3 3 3 3 3 3 3 3 3 3 3 3 3 3 3 3 3 3 3 3 3 3 3 3 3 3 3 3 3 3 3 3 3 3 3 3 3 3 </vcount>
          <p>0 1 2 3 4 5 6 7 8 9 10 11 12 13 14 15 16 17 18 19 20 21 22 23 24 25 26 27 28 29 30 31 32 33 34 35 36 37 38 39 40 41 42 43 44 45 46 47 48 49 50 51 52 53 54 55 56 57 58 59 60 61 62 63 64 65 66 67 68 69 70 71 72 73 74 75 76 77 78 79 80 81 82 83 84 85 86 87 88 89 90 91 92 93 94 95 96 97 98 99 100 101 102 103 104 105 106 107 108 109 110 111 112 113 114 115 116 117 118 119 120 121 122 123 124 125 126 127 128 129 130 131 132 133 134 135 136 137 138 139 140 141 142 143 144 145 146 </p>
        </polylist>
      </mesh>
    </geometry>
    <geometry id="_160i160i160_5" name="160,160,160" >
      <mesh>
        <source id="_160i160i160_5-positions" name="_160i160i160_5-positions">
          <float_array id="_160i160i160_5-positions-array" count="2331"> -357.666473 -11.9958935 -623.621155 -357.384247 -12.4838696 -629.303894 -348.562805 -24.2006702 -628.678406 -360.484741 0.964460015 -624.1922 -357.384247 -12.4838696 -629.303894 -357.666473 -11.9958935 -623.621155 -360.484741 0.964460015 -624.1922 -359.755005 5.55198002 -630.082642 -357.384247 -12.4838696 -629.303894 -355.388855 16.0247612 -624.869141 -359.755005 5.55198002 -630.082642 -360.484741 0.964460015 -624.1922 -355.388855 16.0247612 -624.869141 -352.088867 20.1025219 -630.789429 -359.755005 5.55198002 -630.082642 -343.988647 27.1029091 -625.543091 -352.088867 20.1025219 -630.789429 -355.388855 16.0247612 -624.869141 -335.835907 29.3391666 -651 -331.792419 30.700489 -647.917114 -313.380707 24.8725452 -651 -335.835907 29.3391666 -651 -343.865631 27.16605 -648.169861 -331.792419 30.700489 -647.917114 -354.872559 16.6193008 -651 -343.865631 27.16605 -648.169861 -335.835907 29.3391666 -651 -354.872559 16.6193008 -651 -352.590088 20.4923611 -648.169861 -343.865631 27.16605 -648.169861 -354.872559 16.6193008 -651 -358.384613 11.1607904 -648.169861 -352.590088 20.4923611 -648.169861 -360.5 0 -651 -358.384613 11.1607904 -648.169861 -354.872559 16.6193008 -651 -360.5 0 -651 -360.49762 0.381650001 -648.169861 -358.384613 11.1607904 -648.169861 -354.872559 -16.6193008 -651 -360.49762 0.381650001 -648.169861 -360.5 0 -651 -354.872559 -16.6193008 -651 -353.230377 -19.0169315 -647.280579 -360.49762 0.381650001 -648.169861 -341.671814 -28.1783295 -651 -353.230377 -19.0169315 -647.280579 -354.872559 -16.6193008 -651 -341.671814 -28.1783295 -651 -335.223236 -29.561451 -646.376465 -353.230377 -19.0169315 -647.280579 -324.164093 -29.3391666 -651 -335.223236 -29.561451 -646.376465 -341.671814 -28.1783295 -651 -324.164093 -29.3391666 -651 -314.664795 -25.8068981 -645.471802 -335.223236 -29.561451 -646.376465 -305.127441 -16.6193008 -651 -314.664795 -25.8068981 -645.471802 -324.164093 -29.3391666 -651 -305.127441 -16.6193008 -651 -301.538422 -9.54442024 -644.566528 -314.664795 -25.8068981 -645.471802 -300.660828 5.83591986 -651 -301.538422 -9.54442024 -644.566528 -305.127441 -16.6193008 -651 -300.660828 5.83591986 -651 -302.207336 11.3455839 -643.660522 -301.538422 -9.54442024 -644.566528 -313.380707 24.8725452 -651 -302.207336 11.3455839 -643.660522 -300.660828 5.83591986 -651 -313.380707 24.8725452 -651 -316.34964 26.7362041 -642.754639 -302.207336 11.3455839 -643.660522 -331.792419 30.700489 -647.917114 -316.34964 26.7362041 -642.754639 -313.380707 24.8725452 -651 -331.792419 30.700489 -647.917114 -337.107697 29.1657352 -641.849548 -316.34964 26.7362041 -642.754639 -346.020569 25.2431755 -647.128235 -337.107697 29.1657352 -641.849548 -331.792419 30.700489 -647.917114 -346.020569 25.2431755 -647.128235 -354.420013 17.45961 -640.944824 -337.107697 29.1657352 -641.849548 -357.986328 12.1249599 -646.366455 -354.420013 17.45961 -640.944824 -346.020569 25.2431755 -647.128235 -357.986328 12.1249599 -646.366455 -359.902893 -2.66907001 -640.041138 -354.420013 17.45961 -640.944824 -359.376221 -5.56826496 -645.60791 -359.902893 -2.66907001 -640.041138 -357.986328 12.1249599 -646.366455 -359.376221 -5.56826496 -645.60791 -350.954102 -21.4995995 -639.137573 -359.902893 -2.66907001 -640.041138 -346.595612 -24.8697891 -644.59668 -350.954102 -21.4995995 -639.137573 -359.376221 -5.56826496 -645.60791 -346.595612 -24.8697891 -644.59668 -331.895996 -29.9616184 -638.234253 -350.954102 -21.4995995 -639.137573 -323.846771 -29.2590275 -643.581909 -331.895996 -29.9616184 -638.234253 -346.595612 -24.8697891 -644.59668 -323.846771 -29.2590275 -643.581909 -316.202728 -27.2008305 -637.556519 -331.895996 -29.9616184 -638.234253 -304.805603 -16.0980568 -642.572021 -316.202728 -27.2008305 -637.556519 -323.846771 -29.2590275 -643.581909 -304.805603 -16.0980568 -642.572021 -304.70813 -16.1726646 -636.878723 -316.202728 -27.2008305 -637.556519 -304.805603 -16.0980568 -642.572021 -299.520111 -1.10729003 -636.200684 -304.70813 -16.1726646 -636.878723 -300.869781 6.73730516 -641.556458 -299.520111 -1.10729003 -636.200684 -304.805603 -16.0980568 -642.572021 -300.869781 6.73730516 -641.556458 -303.592102 14.2802601 -635.523132 -299.520111 -1.10729003 -636.200684 -309.264191 22.3668499 -640.799622 -303.592102 14.2802601 -635.523132 -300.869781 6.73730516 -641.556458 -309.264191 22.3668499 -640.799622 -319.289703 28.0443249 -634.618286 -303.592102 14.2802601 -635.523132 -325.512909 29.5595055 -640.039673 -319.289703 28.0443249 -634.618286 -309.264191 22.3668499 -640.799622 -325.512909 29.5595055 -640.039673 -340.174713 28.2431755 -633.713318 -319.289703 28.0443249 -634.618286 -347.97229 23.8956451 -639.024658 -340.174713 28.2431755 -633.713318 -325.512909 29.5595055 -640.039673 -343.988647 27.1029091 -625.543091 -333.828369 30.2587795 -631.688171 -352.088867 20.1025219 -630.789429 -328.357025 29.9783306 -626.22229 -333.828369 30.2587795 -631.688171 -343.988647 27.1029091 -625.543091 -328.357025 29.9783306 -626.22229 -316.44043 26.6466904 -632.445312 -333.828369 30.2587795 -631.688171 -309.248474 21.6972904 -627.123535 -316.44043 26.6466904 -632.445312 -328.357025 29.9783306 -626.22229 -309.248474 21.6972904 -627.123535 -303.294708 14.7335196 -633.205688 -316.44043 26.6466904 -632.445312 -300.125214 2.97942495 -628.024231 -303.294708 14.7335196 -633.205688 -309.248474 21.6972904 -627.123535 -300.125214 2.97942495 -628.024231 -300.227081 -2.74339485 -633.964355 -303.294708 14.7335196 -633.205688 -305.37207 -17.1720848 -628.926758 -300.227081 -2.74339485 -633.964355 -300.125214 2.97942495 -628.024231 -305.37207 -17.1720848 -628.926758 -311.109619 -23.1780453 -634.975281 -300.227081 -2.74339485 -633.964355 -322.466797 -29.0625992 -629.829529 -311.109619 -23.1780453 -634.975281 -305.37207 -17.1720848 -628.926758 -322.466797 -29.0625992 -629.829529 -327.331055 -30.3829994 -635.736938 -311.109619 -23.1780453 -634.975281 -338.360596 -29.3317394 -630.503906 -327.331055 -30.3829994 -635.736938 -322.466797 -29.0625992 -629.829529 -338.360596 -29.3317394 -630.503906 -344.562714 -26.1130943 -636.494141 -327.331055 -30.3829994 -635.736938 -349.816162 -22.7554512 -631.063904 -344.562714 -26.1130943 -636.494141 -338.360596 -29.3317394 -630.503906 -349.816162 -22.7554512 -631.063904 -357.254456 -13.6910696 -637.253052 -344.562714 -26.1130943 -636.494141 -359.57489 -1.44173002 -632.089111 -357.254456 -13.6910696 -637.253052 -349.816162 -22.7554512 -631.063904 -359.57489 -1.44173002 -632.089111 -359.644226 3.89076495 -638.014282 -357.254456 -13.6910696 -637.253052 -354.761658 17.2437649 -632.926208 -359.644226 3.89076495 -638.014282 -359.57489 -1.44173002 -632.089111 -354.761658 17.2437649 -632.926208 -347.97229 23.8956451 -639.024658 -359.644226 3.89076495 -638.014282 -340.174713 28.2431755 -633.713318 -347.97229 23.8956451 -639.024658 -354.761658 17.2437649 -632.926208 -315.922974 -26.6005478 -627.229126 -305.127441 -16.6193008 -591 -324.164093 -29.3391666 -591 -302.671234 -12.6058512 -626.398926 -305.127441 -16.6193008 -591 -315.922974 -26.6005478 -627.229126 -302.671234 -12.6058512 -626.398926 -300.660828 5.83591986 -591 -305.127441 -16.6193008 -591 -300.626801 6.55693007 -625.568542 -300.660828 5.83591986 -591 -302.671234 -12.6058512 -626.398926 -310.628113 23.0327759 -624.73822 -300.660828 5.83591986 -591 -300.626801 6.55693007 -625.568542 -310.628113 23.0327759 -624.73822 -308.433258 21.566761 -591 -300.660828 5.83591986 -591 -310.628113 23.0327759 -624.73822 -324.164093 29.3391666 -591 -308.433258 21.566761 -591 -323.633392 29.8281097 -624.115295 -324.164093 29.3391666 -591 -310.628113 23.0327759 -624.73822 -343.034821 27.5743198 -623.287415 -324.164093 29.3391666 -591 -323.633392 29.8281097 -624.115295 -343.034821 27.5743198 -623.287415 -346.619293 24.8725452 -591 -324.164093 29.3391666 -591 -355.361725 16.2618542 -624.814392 -346.619293 24.8725452 -591 -343.034821 27.5743198 -623.287415 -355.361725 16.2618542 -624.814392 -358.178314 11.6718397 -591 -346.619293 24.8725452 -591 -360.543152 1.10423005 -624.16156 -358.178314 11.6718397 -591 -355.361725 16.2618542 -624.814392 -360.543152 1.10423005 -624.16156 -359.339142 -5.83591986 -591 -358.178314 11.6718397 -591 -357.666473 -11.9958935 -623.621155 -359.339142 -5.83591986 -591 -360.543152 1.10423005 -624.16156 -357.666473 -11.9958935 -623.621155 -346.619293 -24.8725452 -591 -359.339142 -5.83591986 -591 -348.562805 -24.2006702 -628.678406 -346.619293 -24.8725452 -591 -357.666473 -11.9958935 -623.621155 -334.949951 -29.6857166 -628.058899 -346.619293 -24.8725452 -591 -348.562805 -24.2006702 -628.678406 -324.164093 -29.3391666 -591 -334.949951 -29.6857166 -628.058899 -315.922974 -26.6005478 -627.229126 -346.619293 -24.8725452 -591 -334.949951 -29.6857166 -628.058899 -324.164093 -29.3391666 -591 212.333466 318.004364 -623.621155 212.615768 317.516144 -629.303894 221.43721 305.799347 -628.678406 209.515244 330.964478 -624.1922 212.615768 317.516144 -629.303894 212.333466 318.004364 -623.621155 209.515244 330.964478 -624.1922 210.245026 335.552002 -630.082642 212.615768 317.516144 -629.303894 214.611099 346.02478 -624.869141 210.245026 335.552002 -630.082642 209.515244 330.964478 -624.1922 214.611099 346.02478 -624.869141 217.911148 350.102509 -630.789429 210.245026 335.552002 -630.082642 226.011353 357.102936 -625.543091 217.911148 350.102509 -630.789429 214.611099 346.02478 -624.869141 234.164078 359.339142 -651 238.207565 360.7005 -647.917114 256.619293 354.872559 -651 234.164078 359.339142 -651 226.134354 357.166046 -648.169861 238.207565 360.7005 -647.917114 215.127441 346.619293 -651 226.134354 357.166046 -648.169861 234.164078 359.339142 -651 215.127441 346.619293 -651 217.409897 350.492371 -648.169861 226.134354 357.166046 -648.169861 215.127441 346.619293 -651 211.615372 341.160767 -648.169861 217.409897 350.492371 -648.169861 209.500015 330 -651 211.615372 341.160767 -648.169861 215.127441 346.619293 -651 209.500015 330 -651 209.502396 330.381653 -648.169861 211.615372 341.160767 -648.169861 215.127441 313.380707 -651 209.502396 330.381653 -648.169861 209.500015 330 -651 215.127441 313.380707 -651 216.769638 310.983093 -647.280579 209.502396 330.381653 -648.169861 228.328156 301.821686 -651 216.769638 310.983093 -647.280579 215.127441 313.380707 -651 228.328156 301.821686 -651 234.776764 300.438538 -646.376465 216.769638 310.983093 -647.280579 245.835922 300.660828 -651 234.776764 300.438538 -646.376465 228.328156 301.821686 -651 245.835922 300.660828 -651 255.33519 304.193115 -645.471802 234.776764 300.438538 -646.376465 264.872559 313.380707 -651 255.33519 304.193115 -645.471802 245.835922 300.660828 -651 264.872559 313.380707 -651 268.461578 320.455536 -644.566528 255.33519 304.193115 -645.471802 269.339172 335.835907 -651 268.461578 320.455536 -644.566528 264.872559 313.380707 -651 269.339172 335.835907 -651 267.792664 341.345581 -643.660522 268.461578 320.455536 -644.566528 256.619293 354.872559 -651 267.792664 341.345581 -643.660522 269.339172 335.835907 -651 256.619293 354.872559 -651 253.65036 356.736206 -642.754639 267.792664 341.345581 -643.660522 238.207565 360.7005 -647.917114 253.65036 356.736206 -642.754639 256.619293 354.872559 -651 238.207565 360.7005 -647.917114 232.892303 359.165741 -641.849548 253.65036 356.736206 -642.754639 223.979385 355.243164 -647.128235 232.892303 359.165741 -641.849548 238.207565 360.7005 -647.917114 223.979385 355.243164 -647.128235 215.579987 347.459595 -640.944824 232.892303 359.165741 -641.849548 212.013657 342.124969 -646.366455 215.579987 347.459595 -640.944824 223.979385 355.243164 -647.128235 212.013657 342.124969 -646.366455 210.097122 327.330933 -640.041138 215.579987 347.459595 -640.944824 210.623779 324.431732 -645.60791 210.097122 327.330933 -640.041138 212.013657 342.124969 -646.366455 210.623779 324.431732 -645.60791 219.045898 308.500397 -639.137573 210.097122 327.330933 -640.041138 223.404373 305.130219 -644.59668 219.045898 308.500397 -639.137573 210.623779 324.431732 -645.60791 223.404373 305.130219 -644.59668 238.10405 300.038391 -638.234253 219.045898 308.500397 -639.137573 246.153214 300.740967 -643.581909 238.10405 300.038391 -638.234253 223.404373 305.130219 -644.59668 246.153214 300.740967 -643.581909 253.797256 302.799164 -637.556519 238.10405 300.038391 -638.234253 265.194397 313.901947 -642.572021 253.797256 302.799164 -637.556519 246.153214 300.740967 -643.581909 265.194397 313.901947 -642.572021 265.29187 313.827332 -636.878723 253.797256 302.799164 -637.556519 265.194397 313.901947 -642.572021 270.479889 328.8927 -636.200684 265.29187 313.827332 -636.878723 269.130219 336.737274 -641.556458 270.479889 328.8927 -636.200684 265.194397 313.901947 -642.572021 269.130219 336.737274 -641.556458 266.407898 344.280243 -635.523132 270.479889 328.8927 -636.200684 255.591934 355.510742 -640.546692 266.407898 344.280243 -635.523132 269.130219 336.737274 -641.556458 255.591934 355.510742 -640.546692 250.710297 358.044312 -634.618286 266.407898 344.280243 -635.523132 232.682571 358.989319 -639.531433 250.710297 358.044312 -634.618286 255.591934 355.510742 -640.546692 232.682571 358.989319 -639.531433 229.825287 358.243164 -633.713318 250.710297 358.044312 -634.618286 226.011353 357.102936 -625.543091 236.171661 360.258789 -631.688171 217.911148 350.102509 -630.789429 241.642975 359.978333 -626.22229 236.171661 360.258789 -631.688171 226.011353 357.102936 -625.543091 241.642975 359.978333 -626.22229 253.55957 356.646698 -632.445312 236.171661 360.258789 -631.688171 260.751526 351.697296 -627.123535 253.55957 356.646698 -632.445312 241.642975 359.978333 -626.22229 260.751526 351.697296 -627.123535 268.515503 338.99469 -633.458679 253.55957 356.646698 -632.445312 269.874786 332.979431 -628.024231 268.515503 338.99469 -633.458679 260.751526 351.697296 -627.123535 269.874786 332.979431 -628.024231 266.386597 315.939728 -634.469482 268.515503 338.99469 -633.458679 264.62793 312.827911 -628.926758 266.386597 315.939728 -634.469482 269.874786 332.979431 -628.024231 264.62793 312.827911 -628.926758 248.448334 301.319397 -635.482849 266.386597 315.939728 -634.469482 247.533203 300.937378 -629.829529 248.448334 301.319397 -635.482849 264.62793 312.827911 -628.926758 231.63942 300.668274 -630.503906 248.448334 301.319397 -635.482849 247.533203 300.937378 -629.829529 231.63942 300.668274 -630.503906 225.437286 303.886902 -636.494141 248.448334 301.319397 -635.482849 220.183823 307.244537 -631.063904 225.437286 303.886902 -636.494141 231.63942 300.668274 -630.503906 220.183823 307.244537 -631.063904 212.745544 316.308929 -637.253052 225.437286 303.886902 -636.494141 210.425125 328.558258 -632.089111 212.745544 316.308929 -637.253052 220.183823 307.244537 -631.063904 210.425125 328.558258 -632.089111 210.355743 333.890747 -638.014282 212.745544 316.308929 -637.253052 215.238342 347.243774 -632.926208 210.355743 333.890747 -638.014282 210.425125 328.558258 -632.089111 215.238342 347.243774 -632.926208 217.216354 350.276947 -638.772034 210.355743 333.890747 -638.014282 229.825287 358.243164 -633.713318 217.216354 350.276947 -638.772034 215.238342 347.243774 -632.926208 229.825287 358.243164 -633.713318 232.682571 358.989319 -639.531433 217.216354 350.276947 -638.772034 254.077026 303.399475 -627.229126 264.872559 313.380707 -591 245.835922 300.660828 -591 267.328766 317.394135 -626.398926 264.872559 313.380707 -591 254.077026 303.399475 -627.229126 267.328766 317.394135 -626.398926 269.339172 335.835907 -591 264.872559 313.380707 -591 269.373199 336.556946 -625.568542 269.339172 335.835907 -591 267.328766 317.394135 -626.398926 259.371887 353.032776 -624.73822 269.339172 335.835907 -591 269.373199 336.556946 -625.568542 259.371887 353.032776 -624.73822 261.566742 351.566772 -591 269.339172 335.835907 -591 259.371887 353.032776 -624.73822 245.835922 359.339142 -591 261.566742 351.566772 -591 246.366638 359.828125 -624.115295 245.835922 359.339142 -591 259.371887 353.032776 -624.73822 226.965179 357.57431 -623.287415 245.835922 359.339142 -591 246.366638 359.828125 -624.115295 226.965179 357.57431 -623.287415 223.380692 354.872559 -591 245.835922 359.339142 -591 214.64183 346.26709 -624.814636 223.380692 354.872559 -591 226.965179 357.57431 -623.287415 214.64183 346.26709 -624.814636 211.821671 341.671814 -591 223.380692 354.872559 -591 209.457016 331.108734 -624.161743 211.821671 341.671814 -591 214.64183 346.26709 -624.814636 209.457016 331.108734 -624.161743 210.660843 324.164093 -591 211.821671 341.671814 -591 212.333466 318.004364 -623.621155 210.660843 324.164093 -591 209.457016 331.108734 -624.161743 212.333466 318.004364 -623.621155 223.380692 305.127441 -591 210.660843 324.164093 -591 221.43721 305.799347 -628.678406 223.380692 305.127441 -591 212.333466 318.004364 -623.621155 235.050034 300.314301 -628.058899 223.380692 305.127441 -591 221.43721 305.799347 -628.678406 245.835922 300.660828 -591 235.050034 300.314301 -628.058899 254.077026 303.399475 -627.229126 223.380692 305.127441 -591 235.050034 300.314301 -628.058899 245.835922 300.660828 -591 212.33371 -341.996399 -623.621155 212.615768 -342.483856 -629.303894 221.43721 -354.200653 -628.678406 209.515244 -329.035522 -624.1922 212.615768 -342.483856 -629.303894 212.33371 -341.996399 -623.621155 209.515244 -329.035522 -624.1922 210.245026 -324.447998 -630.082642 212.615768 -342.483856 -629.303894 214.611099 -313.97525 -624.869141 210.245026 -324.447998 -630.082642 209.515244 -329.035522 -624.1922 214.611099 -313.97525 -624.869141 217.911148 -309.897461 -630.789429 210.245026 -324.447998 -630.082642 226.011353 -302.897095 -625.543091 217.911148 -309.897461 -630.789429 214.611099 -313.97525 -624.869141 234.164078 -300.660828 -651 238.207565 -299.2995 -647.917114 256.619293 -305.127441 -651 234.164078 -300.660828 -651 226.134354 -302.833954 -648.169861 238.207565 -299.2995 -647.917114 215.127441 -313.380707 -651 226.134354 -302.833954 -648.169861 234.164078 -300.660828 -651 215.127441 -313.380707 -651 217.409897 -309.507629 -648.169861 226.134354 -302.833954 -648.169861 215.127441 -313.380707 -651 211.615372 -318.839203 -648.169861 217.409897 -309.507629 -648.169861 209.500015 -330 -651 211.615372 -318.839203 -648.169861 215.127441 -313.380707 -651 209.500015 -330 -651 209.502396 -329.618347 -648.169861 211.615372 -318.839203 -648.169861 215.127441 -346.619293 -651 209.502396 -329.618347 -648.169861 209.500015 -330 -651 215.127441 -346.619293 -651 216.769638 -349.016968 -647.280579 209.502396 -329.618347 -648.169861 228.328156 -358.178314 -651 216.769638 -349.016968 -647.280579 215.127441 -346.619293 -651 228.328156 -358.178314 -651 234.776764 -359.561462 -646.376465 216.769638 -349.016968 -647.280579 245.835922 -359.339142 -651 234.776764 -359.561462 -646.376465 228.328156 -358.178314 -651 245.835922 -359.339142 -651 255.33519 -355.806885 -645.471802 234.776764 -359.561462 -646.376465 264.872559 -346.619293 -651 255.33519 -355.806885 -645.471802 245.835922 -359.339142 -651 264.872559 -346.619293 -651 268.461578 -339.544464 -644.566528 255.33519 -355.806885 -645.471802 269.339172 -324.164093 -651 268.461578 -339.544464 -644.566528 264.872559 -346.619293 -651 269.339172 -324.164093 -651 267.792664 -318.654419 -643.660522 268.461578 -339.544464 -644.566528 256.619293 -305.127441 -651 267.792664 -318.654419 -643.660522 269.339172 -324.164093 -651 256.619293 -305.127441 -651 253.65036 -303.263794 -642.754639 267.792664 -318.654419 -643.660522 238.207565 -299.2995 -647.917114 253.65036 -303.263794 -642.754639 256.619293 -305.127441 -651 238.207565 -299.2995 -647.917114 232.892303 -300.834259 -641.849548 253.65036 -303.263794 -642.754639 223.979385 -304.756805 -647.128235 232.892303 -300.834259 -641.849548 238.207565 -299.2995 -647.917114 223.979385 -304.756805 -647.128235 215.579987 -312.540405 -640.944824 232.892303 -300.834259 -641.849548 212.013657 -317.875031 -646.366455 215.579987 -312.540405 -640.944824 223.979385 -304.756805 -647.128235 212.013657 -317.875031 -646.366455 210.097122 -332.669067 -640.041138 215.579987 -312.540405 -640.944824 210.623779 -335.568237 -645.60791 210.097122 -332.669067 -640.041138 212.013657 -317.875031 -646.366455 210.623779 -335.568237 -645.60791 219.045898 -351.499603 -639.137573 210.097122 -332.669067 -640.041138 223.404373 -354.869751 -644.59668 219.045898 -351.499603 -639.137573 210.623779 -335.568237 -645.60791 223.404373 -354.869751 -644.59668 238.10405 -359.961609 -638.234253 219.045898 -351.499603 -639.137573 246.153214 -359.259033 -643.581909 238.10405 -359.961609 -638.234253 223.404373 -354.869751 -644.59668 246.153214 -359.259033 -643.581909 253.797256 -357.200806 -637.556519 238.10405 -359.961609 -638.234253 265.194397 -346.098053 -642.572021 253.797256 -357.200806 -637.556519 246.153214 -359.259033 -643.581909 265.194397 -346.098053 -642.572021 265.29187 -346.172638 -636.878723 253.797256 -357.200806 -637.556519 265.194397 -346.098053 -642.572021 270.479889 -331.1073 -636.200684 265.29187 -346.172638 -636.878723 269.130219 -323.262726 -641.556458 270.479889 -331.1073 -636.200684 265.194397 -346.098053 -642.572021 269.130219 -323.262726 -641.556458 266.407898 -315.719727 -635.523132 270.479889 -331.1073 -636.200684 255.591934 -304.489258 -640.546692 266.407898 -315.719727 -635.523132 269.130219 -323.262726 -641.556458 255.591934 -304.489258 -640.546692 250.710297 -301.955688 -634.618286 266.407898 -315.719727 -635.523132 232.682571 -301.010681 -639.531433 250.710297 -301.955688 -634.618286 255.591934 -304.489258 -640.546692 232.682571 -301.010681 -639.531433 229.825287 -301.756836 -633.713318 250.710297 -301.955688 -634.618286 226.011353 -302.897095 -625.543091 236.171661 -299.741211 -631.688171 217.911148 -309.897461 -630.789429 241.642975 -300.021667 -626.22229 236.171661 -299.741211 -631.688171 226.011353 -302.897095 -625.543091 241.642975 -300.021667 -626.22229 253.55957 -303.353302 -632.445312 236.171661 -299.741211 -631.688171 260.751526 -308.302734 -627.123535 253.55957 -303.353302 -632.445312 241.642975 -300.021667 -626.22229 260.751526 -308.302734 -627.123535 268.515503 -321.00531 -633.458679 253.55957 -303.353302 -632.445312 269.874786 -327.020569 -628.024231 268.515503 -321.00531 -633.458679 260.751526 -308.302734 -627.123535 269.874786 -327.020569 -628.024231 266.386597 -344.060272 -634.469482 268.515503 -321.00531 -633.458679 264.62793 -347.172089 -628.926758 266.386597 -344.060272 -634.469482 269.874786 -327.020569 -628.024231 264.62793 -347.172089 -628.926758 248.448334 -358.680573 -635.482849 266.386597 -344.060272 -634.469482 247.533203 -359.062561 -629.829529 248.448334 -358.680573 -635.482849 264.62793 -347.172089 -628.926758 231.63942 -359.331726 -630.503906 248.448334 -358.680573 -635.482849 247.533203 -359.062561 -629.829529 231.63942 -359.331726 -630.503906 225.437286 -356.113098 -636.494141 248.448334 -358.680573 -635.482849 220.183823 -352.755432 -631.063904 225.437286 -356.113098 -636.494141 231.63942 -359.331726 -630.503906 220.183823 -352.755432 -631.063904 212.745544 -343.691071 -637.253052 225.437286 -356.113098 -636.494141 210.425125 -331.441742 -632.089111 212.745544 -343.691071 -637.253052 220.183823 -352.755432 -631.063904 210.425125 -331.441742 -632.089111 210.355743 -326.109253 -638.014282 212.745544 -343.691071 -637.253052 215.238342 -312.756226 -632.926208 210.355743 -326.109253 -638.014282 210.425125 -331.441742 -632.089111 215.238342 -312.756226 -632.926208 217.216354 -309.723022 -638.772034 210.355743 -326.109253 -638.014282 229.825287 -301.756836 -633.713318 217.216354 -309.723022 -638.772034 215.238342 -312.756226 -632.926208 229.825287 -301.756836 -633.713318 232.682571 -301.010681 -639.531433 217.216354 -309.723022 -638.772034 254.077026 -356.600586 -627.229126 264.872559 -346.619293 -591 245.835922 -359.339142 -591 267.328766 -342.605865 -626.398926 264.872559 -346.619293 -591 254.077026 -356.600586 -627.229126 267.328766 -342.605865 -626.398926 269.339172 -324.164093 -591 264.872559 -346.619293 -591 269.373199 -323.443054 -625.568542 269.339172 -324.164093 -591 267.328766 -342.605865 -626.398926 259.371887 -306.967224 -624.73822 269.339172 -324.164093 -591 269.373199 -323.443054 -625.568542 259.371887 -306.967224 -624.73822 261.566742 -308.433258 -591 269.339172 -324.164093 -591 259.371887 -306.967224 -624.73822 245.835922 -300.660828 -591 261.566742 -308.433258 -591 246.366638 -300.171875 -624.115295 245.835922 -300.660828 -591 259.371887 -306.967224 -624.73822 226.965179 -302.425659 -623.287415 245.835922 -300.660828 -591 246.366638 -300.171875 -624.115295 226.965179 -302.425659 -623.287415 223.380692 -305.127441 -591 245.835922 -300.660828 -591 214.636826 -313.740906 -624.814209 223.380692 -305.127441 -591 226.965179 -302.425659 -623.287415 214.636826 -313.740906 -624.814209 211.821671 -318.328156 -591 223.380692 -305.127441 -591 209.456879 -328.895233 -624.16156 211.821671 -318.328156 -591 214.636826 -313.740906 -624.814209 209.456879 -328.895233 -624.16156 210.660843 -335.835907 -591 211.821671 -318.328156 -591 212.33371 -341.996399 -623.621155 210.660843 -335.835907 -591 209.456879 -328.895233 -624.16156 212.33371 -341.996399 -623.621155 223.380692 -354.872559 -591 210.660843 -335.835907 -591 221.43721 -354.200653 -628.678406 223.380692 -354.872559 -591 212.33371 -341.996399 -623.621155 235.050034 -359.685699 -628.058899 223.380692 -354.872559 -591 221.43721 -354.200653 -628.678406 245.835922 -359.339142 -591 235.050034 -359.685699 -628.058899 254.077026 -356.600586 -627.229126 223.380692 -354.872559 -591 235.050034 -359.685699 -628.058899 245.835922 -359.339142 -591 </float_array>
          <technique_common>
            <accessor count="777" offset="0" source="#_160i160i160_5-positions-array" stride="3">
              <param name="X" type="float" />
              <param name="Y" type="float" />
              <param name="Z" type="float" />
            </accessor>
          </technique_common>
        </source>
        <vertices id="_160i160i160_5-vertices">
          <input semantic="POSITION" source="#_160i160i160_5-positions" />
        </vertices>
        <polylist count="259" material="defaultMaterial">
          <input offset="0" semantic="VERTEX" source="#_160i160i160_5-vertices" />
          <vcount>3 3 3 3 3 3 3 3 3 3 3 3 3 3 3 3 3 3 3 3 3 3 3 3 3 3 3 3 3 3 3 3 3 3 3 3 3 3 3 3 3 3 3 3 3 3 3 3 3 3 3 3 3 3 3 3 3 3 3 3 3 3 3 3 3 3 3 3 3 3 3 3 3 3 3 3 3 3 3 3 3 3 3 3 3 3 3 3 3 3 3 3 3 3 3 3 3 3 3 3 3 3 3 3 3 3 3 3 3 3 3 3 3 3 3 3 3 3 3 3 3 3 3 3 3 3 3 3 3 3 3 3 3 3 3 3 3 3 3 3 3 3 3 3 3 3 3 3 3 3 3 3 3 3 3 3 3 3 3 3 3 3 3 3 3 3 3 3 3 3 3 3 3 3 3 3 3 3 3 3 3 3 3 3 3 3 3 3 3 3 3 3 3 3 3 3 3 3 3 3 3 3 3 3 3 3 3 3 3 3 3 3 3 3 3 3 3 3 3 3 3 3 3 3 3 3 3 3 3 3 3 3 3 3 3 3 3 3 3 3 3 3 3 3 3 3 3 3 3 3 3 3 3 3 3 3 3 3 3 </vcount>
          <p>0 1 2 3 4 5 6 7 8 9 10 11 12 13 14 15 16 17 18 19 20 21 22 23 24 25 26 27 28 29 30 31 32 33 34 35 36 37 38 39 40 41 42 43 44 45 46 47 48 49 50 51 52 53 54 55 56 57 58 59 60 61 62 63 64 65 66 67 68 69 70 71 72 73 74 75 76 77 78 79 80 81 82 83 84 85 86 87 88 89 90 91 92 93 94 95 96 97 98 99 100 101 102 103 104 105 106 107 108 109 110 111 112 113 114 115 116 117 118 119 120 121 122 123 124 125 126 127 128 129 130 131 132 133 134 135 136 137 138 139 140 141 142 143 144 145 146 147 148 149 150 151 152 153 154 155 156 157 158 159 160 161 162 163 164 165 166 167 168 169 170 171 172 173 174 175 176 177 178 179 180 181 182 183 184 185 186 187 188 189 190 191 192 193 194 195 196 197 198 199 200 201 202 203 204 205 206 207 208 209 210 211 212 213 214 215 216 217 218 219 220 221 222 223 224 225 226 227 228 229 230 231 232 233 234 235 236 237 238 239 240 241 242 243 244 245 246 247 248 249 250 251 252 253 254 255 256 257 258 259 260 261 262 263 264 265 266 267 268 269 270 271 272 273 274 275 276 277 278 279 280 281 282 283 284 285 286 287 288 289 290 291 292 293 294 295 296 297 298 299 300 301 302 303 304 305 306 307 308 309 310 311 312 313 314 315 316 317 318 319 320 321 322 323 324 325 326 327 328 329 330 331 332 333 334 335 336 337 338 339 340 341 342 343 344 345 346 347 348 349 350 351 352 353 354 355 356 357 358 359 360 361 362 363 364 365 366 367 368 369 370 371 372 373 374 375 376 377 378 379 380 381 382 383 384 385 386 387 388 389 390 391 392 393 394 395 396 397 398 399 400 401 402 403 404 405 406 407 408 409 410 411 412 413 414 415 416 417 418 419 420 421 422 423 424 425 426 427 428 429 430 431 432 433 434 435 436 437 438 439 440 441 442 443 444 445 446 447 448 449 450 451 452 453 454 455 456 457 458 459 460 461 462 463 464 465 466 467 468 469 470 471 472 473 474 475 476 477 478 479 480 481 482 483 484 485 486 487 488 489 490 491 492 493 494 495 496 497 498 499 500 501 502 503 504 505 506 507 508 509 510 511 512 513 514 515 516 517 518 519 520 521 522 523 524 525 526 527 528 529 530 531 532 533 534 535 536 537 538 539 540 541 542 543 544 545 546 547 548 549 550 551 552 553 554 555 556 557 558 559 560 561 562 563 564 565 566 567 568 569 570 571 572 573 574 575 576 577 578 579 580 581 582 583 584 585 586 587 588 589 590 591 592 593 594 595 596 597 598 599 600 601 602 603 604 605 606 607 608 609 610 611 612 613 614 615 616 617 618 619 620 621 622 623 624 625 626 627 628 629 630 631 632 633 634 635 636 637 638 639 640 641 642 643 644 645 646 647 648 649 650 651 652 653 654 655 656 657 658 659 660 661 662 663 664 665 666 667 668 669 670 671 672 673 674 675 676 677 678 679 680 681 682 683 684 685 686 687 688 689 690 691 692 693 694 695 696 697 698 699 700 701 702 703 704 705 706 707 708 709 710 711 712 713 714 715 716 717 718 719 720 721 722 723 724 725 726 727 728 729 730 731 732 733 734 735 736 737 738 739 740 741 742 743 744 745 746 747 748 749 750 751 752 753 754 755 756 757 758 759 760 761 762 763 764 765 766 767 768 769 770 771 772 773 774 775 776 </p>
        </polylist>
      </mesh>
    </geometry>
    <geometry id="_25i25i25_5" name="25,25,25" >
      <mesh>
        <source id="_25i25i25_5-positions" name="_25i25i25_5-positions">
          <float_array id="_25i25i25_5-positions-array" count="441"> 0 223.440735 109.707291 35.9339409 257.60199 -93 -16.9746857 258.983612 -93 48.823494 217.420898 109.707291 35.9339409 257.60199 -93 0 223.440735 109.707291 48.823494 217.420898 109.707291 88.1185074 244.050797 -93 35.9339409 257.60199 -93 109.835129 193.886108 109.707291 88.1185074 244.050797 -93 48.823494 217.420898 109.707291 109.835129 193.886108 109.707291 151.542297 210.619537 -93 88.1185074 244.050797 -93 161.387817 153.653976 109.707291 151.542297 210.619537 -93 109.835129 193.886108 109.707291 161.387817 153.653976 109.707291 203.396057 161.107758 -93 151.542297 210.619537 -93 199.041916 100.189285 109.707291 203.396057 161.107758 -93 161.387817 153.653976 109.707291 199.041916 100.189285 109.707291 239.720764 99.2955933 -93 203.396057 161.107758 -93 219.554672 38.096344 109.707291 239.720764 99.2955933 -93 199.041916 100.189285 109.707291 219.554672 38.096344 109.707291 257.743103 29.9023438 -93 239.720764 99.2955933 -93 221.1595 -27.2774277 109.707291 257.743103 29.9023438 -93 219.554672 38.096344 109.707291 221.1595 -27.2774277 109.707291 256.087097 -41.7739105 -93 257.743103 29.9023438 -93 203.718231 -90.3020782 109.707291 256.087097 -41.7739105 -93 221.1595 -27.2774277 109.707291 203.718231 -90.3020782 109.707291 234.879166 -110.260773 -93 256.087097 -41.7739105 -93 168.732895 -145.549988 109.707291 234.879166 -110.260773 -93 203.718231 -90.3020782 109.707291 168.732895 -145.549988 109.707291 207.561249 -156.742981 -93 234.879166 -110.260773 -93 168.732895 -145.549988 109.707291 170.329376 -195.738525 -93 207.561249 -156.742981 -93 119.21637 -188.263199 109.707291 170.329376 -195.738525 -93 168.732895 -145.549988 109.707291 119.21637 -188.263199 109.707291 110.260773 -234.879166 -93 170.329376 -195.738525 -93 59.4330254 -214.763351 109.707291 110.260773 -234.879166 -93 119.21637 -188.263199 109.707291 59.4330254 -214.763351 109.707291 41.7739105 -256.087097 -93 110.260773 -234.879166 -93 10.9637203 -223.1716 109.707291 41.7739105 -256.087097 -93 59.4330254 -214.763351 109.707291 10.9637203 -223.1716 109.707291 -29.9023438 -257.743103 -93 41.7739105 -256.087097 -93 -38.096344 -219.554672 109.707291 -29.9023438 -257.743103 -93 10.9637203 -223.1716 109.707291 -38.096344 -219.554672 109.707291 -99.2955933 -239.720764 -93 -29.9023438 -257.743103 -93 -100.189285 -199.041916 109.707291 -99.2955933 -239.720764 -93 -38.096344 -219.554672 109.707291 -100.189285 -199.041916 109.707291 -161.107758 -203.396057 -93 -99.2955933 -239.720764 -93 -153.653976 -161.387817 109.707291 -161.107758 -203.396057 -93 -100.189285 -199.041916 109.707291 -153.653976 -161.387817 109.707291 -210.619537 -151.542297 -93 -161.107758 -203.396057 -93 -193.886108 -109.835129 109.707291 -210.619537 -151.542297 -93 -153.653976 -161.387817 109.707291 -193.886108 -109.835129 109.707291 -244.050797 -88.1185074 -93 -210.619537 -151.542297 -93 -217.420898 -48.823494 109.707291 -244.050797 -88.1185074 -93 -193.886108 -109.835129 109.707291 -217.420898 -48.823494 109.707291 -257.60199 -35.9339409 -93 -244.050797 -88.1185074 -93 -223.440735 0 109.707291 -257.60199 -35.9339409 -93 -217.420898 -48.823494 109.707291 -258.983612 16.9746857 -93 -257.60199 -35.9339409 -93 -223.440735 0 109.707291 -217.778137 47.3747292 109.707291 -258.983612 16.9746857 -93 -223.440735 0 109.707291 -217.778137 47.3747292 109.707291 -245.765594 83.4261703 -93 -258.983612 16.9746857 -93 -195.609589 106.810913 109.707291 -245.765594 83.4261703 -93 -217.778137 47.3747292 109.707291 -195.609589 106.810913 109.707291 -215.799026 144.192307 -93 -245.765594 83.4261703 -93 -168.865234 146.322571 109.707291 -215.799026 144.192307 -93 -195.609589 106.810913 109.707291 -168.865234 146.322571 109.707291 -171.12616 195.131989 -93 -215.799026 144.192307 -93 -133.561874 178.41777 109.707291 -171.12616 195.131989 -93 -168.865234 146.322571 109.707291 -133.561874 178.41777 109.707291 -114.791298 232.773727 -93 -171.12616 195.131989 -93 -92.8206406 203.24884 109.707291 -114.791298 232.773727 -93 -133.561874 178.41777 109.707291 -47.3747292 217.778137 109.707291 -114.791298 232.773727 -93 -92.8206406 203.24884 109.707291 -47.3747292 217.778137 109.707291 -67.3178482 251.233643 -93 -114.791298 232.773727 -93 -47.3747292 217.778137 109.707291 -16.9746857 258.983612 -93 -67.3178482 251.233643 -93 0 223.440735 109.707291 -16.9746857 258.983612 -93 -47.3747292 217.778137 109.707291 </float_array>
          <technique_common>
            <accessor count="147" offset="0" source="#_25i25i25_5-positions-array" stride="3">
              <param name="X" type="float" />
              <param name="Y" type="float" />
              <param name="Z" type="float" />
            </accessor>
          </technique_common>
        </source>
        <vertices id="_25i25i25_5-vertices">
          <input semantic="POSITION" source="#_25i25i25_5-positions" />
        </vertices>
        <polylist count="49" material="defaultMaterial">
          <input offset="0" semantic="VERTEX" source="#_25i25i25_5-vertices" />
          <vcount>3 3 3 3 3 3 3 3 3 3 3 3 3 3 3 3 3 3 3 3 3 3 3 3 3 3 3 3 3 3 3 3 3 3 3 3 3 3 3 3 3 3 3 3 3 3 3 3 3 </vcount>
          <p>0 1 2 3 4 5 6 7 8 9 10 11 12 13 14 15 16 17 18 19 20 21 22 23 24 25 26 27 28 29 30 31 32 33 34 35 36 37 38 39 40 41 42 43 44 45 46 47 48 49 50 51 52 53 54 55 56 57 58 59 60 61 62 63 64 65 66 67 68 69 70 71 72 73 74 75 76 77 78 79 80 81 82 83 84 85 86 87 88 89 90 91 92 93 94 95 96 97 98 99 100 101 102 103 104 105 106 107 108 109 110 111 112 113 114 115 116 117 118 119 120 121 122 123 124 125 126 127 128 129 130 131 132 133 134 135 136 137 138 139 140 141 142 143 144 145 146 </p>
        </polylist>
      </mesh>
    </geometry>
    <geometry id="_160i160i160_6" name="160,160,160" >
      <mesh>
        <source id="_160i160i160_6-positions" name="_160i160i160_6-positions">
          <float_array id="_160i160i160_6-positions-array" count="864"> -338 -13.85641 -591 -346.619293 -24.8725452 -591 -326 -14.9282055 -591 -344.928192 -4 -591 -346.619293 -24.8725452 -591 -338 -13.85641 -591 -344.928192 -4 -591 -359.339142 -5.83591986 -591 -346.619293 -24.8725452 -591 -344.928192 -4 -591 -358.178314 11.6718397 -591 -359.339142 -5.83591986 -591 -340.928192 10.9282055 -591 -358.178314 11.6718397 -591 -344.928192 -4 -591 -340.928192 10.9282055 -591 -346.619293 24.8725452 -591 -358.178314 11.6718397 -591 -326 14.9282055 -591 -346.619293 24.8725452 -591 -340.928192 10.9282055 -591 -326 14.9282055 -591 -324.164093 29.3391666 -591 -346.619293 24.8725452 -591 -326 14.9282055 -591 -308.433258 21.566761 -591 -324.164093 29.3391666 -591 -315.071808 4 -591 -308.433258 21.566761 -591 -326 14.9282055 -591 -315.071808 4 -591 -300.660828 5.83591986 -591 -308.433258 21.566761 -591 -315.071808 4 -591 -305.127441 -16.6193008 -591 -300.660828 5.83591986 -591 -316.143585 -8 -591 -305.127441 -16.6193008 -591 -315.071808 4 -591 -326 -14.9282055 -591 -305.127441 -16.6193008 -591 -316.143585 -8 -591 -326 -14.9282055 -591 -324.164093 -29.3391666 -591 -305.127441 -16.6193008 -591 -346.619293 -24.8725452 -591 -324.164093 -29.3391666 -591 -326 -14.9282055 -591 -326 -14.9282055 -651 -305.127441 -16.6193008 -651 -324.164093 -29.3391666 -651 -315.071808 -4 -651 -305.127441 -16.6193008 -651 -326 -14.9282055 -651 -315.071808 -4 -651 -300.660828 5.83591986 -651 -305.127441 -16.6193008 -651 -316.143585 8 -651 -300.660828 5.83591986 -651 -315.071808 -4 -651 -316.143585 8 -651 -313.380707 24.8725452 -651 -300.660828 5.83591986 -651 -326 14.9282055 -651 -313.380707 24.8725452 -651 -316.143585 8 -651 -326 14.9282055 -651 -335.835907 29.3391666 -651 -313.380707 24.8725452 -651 -338 13.85641 -651 -335.835907 29.3391666 -651 -326 14.9282055 -651 -338 13.85641 -651 -354.872559 16.6193008 -651 -335.835907 29.3391666 -651 -344.928192 4 -651 -354.872559 16.6193008 -651 -338 13.85641 -651 -344.928192 4 -651 -360.5 0 -651 -354.872559 16.6193008 -651 -344.928192 4 -651 -354.872559 -16.6193008 -651 -360.5 0 -651 -340.928192 -10.9282055 -651 -354.872559 -16.6193008 -651 -344.928192 4 -651 -340.928192 -10.9282055 -651 -341.671814 -28.1783295 -651 -354.872559 -16.6193008 -651 -326 -14.9282055 -651 -341.671814 -28.1783295 -651 -340.928192 -10.9282055 -651 -326 -14.9282055 -651 -324.164093 -29.3391666 -651 -341.671814 -28.1783295 -651 232.000015 316.143585 -591 223.380692 305.127441 -591 244 315.071808 -591 225.071793 326 -591 223.380692 305.127441 -591 232.000015 316.143585 -591 225.071793 326 -591 210.660843 324.164093 -591 223.380692 305.127441 -591 225.071793 326 -591 211.821671 341.671814 -591 210.660843 324.164093 -591 226.143585 338 -591 211.821671 341.671814 -591 225.071793 326 -591 226.143585 338 -591 223.380692 354.872559 -591 211.821671 341.671814 -591 236 344.928192 -591 223.380692 354.872559 -591 226.143585 338 -591 236 344.928192 -591 245.835922 359.339142 -591 223.380692 354.872559 -591 250.928192 340.928192 -591 245.835922 359.339142 -591 236 344.928192 -591 250.928192 340.928192 -591 261.566742 351.566772 -591 245.835922 359.339142 -591 250.928192 340.928192 -591 269.339172 335.835907 -591 261.566742 351.566772 -591 254.928207 326 -591 269.339172 335.835907 -591 250.928192 340.928192 -591 254.928207 326 -591 264.872559 313.380707 -591 269.339172 335.835907 -591 244 315.071808 -591 264.872559 313.380707 -591 254.928207 326 -591 244 315.071808 -591 245.835922 300.660828 -591 264.872559 313.380707 -591 223.380692 305.127441 -591 245.835922 300.660828 -591 244 315.071808 -591 250.928192 319.071808 -651 245.835922 300.660828 -651 236 315.071808 -651 250.928192 319.071808 -651 264.872559 313.380707 -651 245.835922 300.660828 -651 254.928207 334 -651 264.872559 313.380707 -651 250.928192 319.071808 -651 254.928207 334 -651 269.339172 335.835907 -651 264.872559 313.380707 -651 254.928207 334 -651 256.619293 354.872559 -651 269.339172 335.835907 -651 247.999985 343.856384 -651 256.619293 354.872559 -651 254.928207 334 -651 236 344.928192 -651 256.619293 354.872559 -651 247.999985 343.856384 -651 236 344.928192 -651 234.164078 359.339142 -651 256.619293 354.872559 -651 236 344.928192 -651 215.127441 346.619293 -651 234.164078 359.339142 -651 226.143585 338 -651 215.127441 346.619293 -651 236 344.928192 -651 225.071793 326 -651 215.127441 346.619293 -651 226.143585 338 -651 225.071793 326 -651 209.500015 330 -651 215.127441 346.619293 -651 225.071793 326 -651 215.127441 313.380707 -651 209.500015 330 -651 236 315.071808 -651 215.127441 313.380707 -651 225.071793 326 -651 236 315.071808 -651 228.328156 301.821686 -651 215.127441 313.380707 -651 236 315.071808 -651 245.835922 300.660828 -651 228.328156 301.821686 -651 226.143585 -338 -591 223.380692 -354.872559 -591 236 -344.928192 -591 226.143585 -338 -591 210.660843 -335.835907 -591 223.380692 -354.872559 -591 225.071793 -326 -591 210.660843 -335.835907 -591 226.143585 -338 -591 225.071793 -326 -591 211.821671 -318.328156 -591 210.660843 -335.835907 -591 225.071793 -326 -591 223.380692 -305.127441 -591 211.821671 -318.328156 -591 236 -315.071808 -591 223.380692 -305.127441 -591 225.071793 -326 -591 236 -315.071808 -591 245.835922 -300.660828 -591 223.380692 -305.127441 -591 250.928192 -319.071808 -591 245.835922 -300.660828 -591 236 -315.071808 -591 250.928192 -319.071808 -591 261.566742 -308.433258 -591 245.835922 -300.660828 -591 250.928192 -319.071808 -591 269.339172 -324.164093 -591 261.566742 -308.433258 -591 254.928207 -334 -591 269.339172 -324.164093 -591 250.928192 -319.071808 -591 254.928207 -334 -591 264.872559 -346.619293 -591 269.339172 -324.164093 -591 247.999985 -343.856384 -591 264.872559 -346.619293 -591 254.928207 -334 -591 247.999985 -343.856384 -591 245.835922 -359.339142 -591 264.872559 -346.619293 -591 236 -344.928192 -591 245.835922 -359.339142 -591 247.999985 -343.856384 -591 223.380692 -354.872559 -591 245.835922 -359.339142 -591 236 -344.928192 -591 250.928192 -340.928192 -651 245.835922 -359.339142 -651 236 -344.928192 -651 250.928192 -340.928192 -651 264.872559 -346.619293 -651 245.835922 -359.339142 -651 254.928207 -326 -651 264.872559 -346.619293 -651 250.928192 -340.928192 -651 254.928207 -326 -651 269.339172 -324.164093 -651 264.872559 -346.619293 -651 254.928207 -326 -651 256.619293 -305.127441 -651 269.339172 -324.164093 -651 244 -315.071808 -651 256.619293 -305.127441 -651 254.928207 -326 -651 244 -315.071808 -651 234.164078 -300.660828 -651 256.619293 -305.127441 -651 232.000015 -316.143585 -651 234.164078 -300.660828 -651 244 -315.071808 -651 232.000015 -316.143585 -651 215.127441 -313.380707 -651 234.164078 -300.660828 -651 225.071793 -326 -651 215.127441 -313.380707 -651 232.000015 -316.143585 -651 225.071793 -326 -651 209.500015 -330 -651 215.127441 -313.380707 -651 225.071793 -326 -651 215.127441 -346.619293 -651 209.500015 -330 -651 226.143585 -338 -651 215.127441 -346.619293 -651 225.071793 -326 -651 236 -344.928192 -651 215.127441 -346.619293 -651 226.143585 -338 -651 236 -344.928192 -651 228.328156 -358.178314 -651 215.127441 -346.619293 -651 236 -344.928192 -651 245.835922 -359.339142 -651 228.328156 -358.178314 -651 </float_array>
          <technique_common>
            <accessor count="288" offset="0" source="#_160i160i160_6-positions-array" stride="3">
              <param name="X" type="float" />
              <param name="Y" type="float" />
              <param name="Z" type="float" />
            </accessor>
          </technique_common>
        </source>
        <vertices id="_160i160i160_6-vertices">
          <input semantic="POSITION" source="#_160i160i160_6-positions" />
        </vertices>
        <polylist count="96" material="defaultMaterial">
          <input offset="0" semantic="VERTEX" source="#_160i160i160_6-vertices" />
          <vcount>3 3 3 3 3 3 3 3 3 3 3 3 3 3 3 3 3 3 3 3 3 3 3 3 3 3 3 3 3 3 3 3 3 3 3 3 3 3 3 3 3 3 3 3 3 3 3 3 3 3 3 3 3 3 3 3 3 3 3 3 3 3 3 3 3 3 3 3 3 3 3 3 3 3 3 3 3 3 3 3 3 3 3 3 3 3 3 3 3 3 3 3 3 3 3 3 </vcount>
          <p>0 1 2 3 4 5 6 7 8 9 10 11 12 13 14 15 16 17 18 19 20 21 22 23 24 25 26 27 28 29 30 31 32 33 34 35 36 37 38 39 40 41 42 43 44 45 46 47 48 49 50 51 52 53 54 55 56 57 58 59 60 61 62 63 64 65 66 67 68 69 70 71 72 73 74 75 76 77 78 79 80 81 82 83 84 85 86 87 88 89 90 91 92 93 94 95 96 97 98 99 100 101 102 103 104 105 106 107 108 109 110 111 112 113 114 115 116 117 118 119 120 121 122 123 124 125 126 127 128 129 130 131 132 133 134 135 136 137 138 139 140 141 142 143 144 145 146 147 148 149 150 151 152 153 154 155 156 157 158 159 160 161 162 163 164 165 166 167 168 169 170 171 172 173 174 175 176 177 178 179 180 181 182 183 184 185 186 187 188 189 190 191 192 193 194 195 196 197 198 199 200 201 202 203 204 205 206 207 208 209 210 211 212 213 214 215 216 217 218 219 220 221 222 223 224 225 226 227 228 229 230 231 232 233 234 235 236 237 238 239 240 241 242 243 244 245 246 247 248 249 250 251 252 253 254 255 256 257 258 259 260 261 262 263 264 265 266 267 268 269 270 271 272 273 274 275 276 277 278 279 280 281 282 283 284 285 286 287 </p>
        </polylist>
      </mesh>
    </geometry>
    <geometry id="_25i25i25_6" name="25,25,25" >
      <mesh>
        <source id="_25i25i25_6-positions" name="_25i25i25_6-positions">
          <float_array id="_25i25i25_6-positions-array" count="414"> -133.561874 178.41777 109.707291 -154.098389 148.30484 136.515305 -102.170227 187.887955 136.515305 -168.865234 146.322571 109.707291 -154.098389 148.30484 136.515305 -133.561874 178.41777 109.707291 -195.609589 106.810913 109.707291 -154.098389 148.30484 136.515305 -168.865234 146.322571 109.707291 -195.609589 106.810913 109.707291 -191.663467 94.8986435 136.515305 -154.098389 148.30484 136.515305 -217.778137 47.3747292 109.707291 -191.663467 94.8986435 136.515305 -195.609589 106.810913 109.707291 -217.778137 47.3747292 109.707291 -211.364136 32.6471939 136.515305 -191.663467 94.8986435 136.515305 -223.440735 0 109.707291 -211.364136 32.6471939 136.515305 -217.778137 47.3747292 109.707291 -223.440735 0 109.707291 -211.364136 -32.6471939 136.515305 -211.364136 32.6471939 136.515305 -217.420898 -48.823494 109.707291 -211.364136 -32.6471939 136.515305 -223.440735 0 109.707291 -217.420898 -48.823494 109.707291 -198.94928 -80.1837616 136.515305 -211.364136 -32.6471939 136.515305 -193.886108 -109.835129 109.707291 -198.94928 -80.1837616 136.515305 -217.420898 -48.823494 109.707291 -193.886108 -109.835129 109.707291 -174.931061 -123.043755 136.515305 -198.94928 -80.1837616 136.515305 -153.653976 -161.387817 109.707291 -174.931061 -123.043755 136.515305 -193.886108 -109.835129 109.707291 -153.653976 -161.387817 109.707291 -129.653793 -170.089783 136.515305 -174.931061 -123.043755 136.515305 -100.189285 -199.041916 109.707291 -129.653793 -170.089783 136.515305 -153.653976 -161.387817 109.707291 -100.189285 -199.041916 109.707291 -72.2918777 -201.282196 136.515305 -129.653793 -170.089783 136.515305 -38.096344 -219.554672 109.707291 -72.2918777 -201.282196 136.515305 -100.189285 -199.041916 109.707291 -38.096344 -219.554672 109.707291 -8.19182491 -213.713684 136.515305 -72.2918777 -201.282196 136.515305 10.9637203 -223.1716 109.707291 -8.19182491 -213.713684 136.515305 -38.096344 -219.554672 109.707291 10.9637203 -223.1716 109.707291 56.6717529 -206.225494 136.515305 -8.19182491 -213.713684 136.515305 59.4330254 -214.763351 109.707291 56.6717529 -206.225494 136.515305 10.9637203 -223.1716 109.707291 119.21637 -188.263199 109.707291 56.6717529 -206.225494 136.515305 59.4330254 -214.763351 109.707291 119.21637 -188.263199 109.707291 102.470901 -188.440872 136.515305 56.6717529 -206.225494 136.515305 119.21637 -188.263199 109.707291 142.29361 -159.665787 136.515305 102.470901 -188.440872 136.515305 168.732895 -145.549988 109.707291 142.29361 -159.665787 136.515305 119.21637 -188.263199 109.707291 168.732895 -145.549988 109.707291 183.83667 -109.291878 136.515305 142.29361 -159.665787 136.515305 203.718231 -90.3020782 109.707291 183.83667 -109.291878 136.515305 168.732895 -145.549988 109.707291 203.718231 -90.3020782 109.707291 208.244843 -48.7311707 136.515305 183.83667 -109.291878 136.515305 221.1595 -27.2774277 109.707291 208.244843 -48.7311707 136.515305 203.718231 -90.3020782 109.707291 -102.170227 187.887955 136.515305 -92.8206406 203.24884 109.707291 -133.561874 178.41777 109.707291 -102.170227 187.887955 136.515305 -47.3747292 217.778137 109.707291 -92.8206406 203.24884 109.707291 -40.7190628 209.958572 136.515305 -47.3747292 217.778137 109.707291 -102.170227 187.887955 136.515305 -40.7190628 209.958572 136.515305 0 223.440735 109.707291 -47.3747292 217.778137 109.707291 24.5274162 212.459518 136.515305 0 223.440735 109.707291 -40.7190628 209.958572 136.515305 24.5274162 212.459518 136.515305 48.823494 217.420898 109.707291 0 223.440735 109.707291 87.4877625 195.1577 136.515305 48.823494 217.420898 109.707291 24.5274162 212.459518 136.515305 87.4877625 195.1577 136.515305 109.835129 193.886108 109.707291 48.823494 217.420898 109.707291 130.035355 170.590317 136.515305 109.835129 193.886108 109.707291 87.4877625 195.1577 136.515305 130.035355 170.590317 136.515305 161.387817 153.653976 109.707291 109.835129 193.886108 109.707291 164.998856 136.073563 136.515305 161.387817 153.653976 109.707291 130.035355 170.590317 136.515305 164.998856 136.073563 136.515305 199.041916 100.189285 109.707291 161.387817 153.653976 109.707291 198.365524 79.948494 136.515305 199.041916 100.189285 109.707291 164.998856 136.073563 136.515305 198.365524 79.948494 136.515305 219.554672 38.096344 109.707291 199.041916 100.189285 109.707291 213.243073 16.3716354 136.515305 219.554672 38.096344 109.707291 198.365524 79.948494 136.515305 213.243073 16.3716354 136.515305 221.1595 -27.2774277 109.707291 219.554672 38.096344 109.707291 208.244843 -48.7311707 136.515305 221.1595 -27.2774277 109.707291 213.243073 16.3716354 136.515305 </float_array>
          <technique_common>
            <accessor count="138" offset="0" source="#_25i25i25_6-positions-array" stride="3">
              <param name="X" type="float" />
              <param name="Y" type="float" />
              <param name="Z" type="float" />
            </accessor>
          </technique_common>
        </source>
        <vertices id="_25i25i25_6-vertices">
          <input semantic="POSITION" source="#_25i25i25_6-positions" />
        </vertices>
        <polylist count="46" material="defaultMaterial">
          <input offset="0" semantic="VERTEX" source="#_25i25i25_6-vertices" />
          <vcount>3 3 3 3 3 3 3 3 3 3 3 3 3 3 3 3 3 3 3 3 3 3 3 3 3 3 3 3 3 3 3 3 3 3 3 3 3 3 3 3 3 3 3 3 3 3 </vcount>
          <p>0 1 2 3 4 5 6 7 8 9 10 11 12 13 14 15 16 17 18 19 20 21 22 23 24 25 26 27 28 29 30 31 32 33 34 35 36 37 38 39 40 41 42 43 44 45 46 47 48 49 50 51 52 53 54 55 56 57 58 59 60 61 62 63 64 65 66 67 68 69 70 71 72 73 74 75 76 77 78 79 80 81 82 83 84 85 86 87 88 89 90 91 92 93 94 95 96 97 98 99 100 101 102 103 104 105 106 107 108 109 110 111 112 113 114 115 116 117 118 119 120 121 122 123 124 125 126 127 128 129 130 131 132 133 134 135 136 137 </p>
        </polylist>
      </mesh>
    </geometry>
    <geometry id="_160i160i160_7" name="160,160,160" >
      <mesh>
        <source id="_160i160i160_7-positions" name="_160i160i160_7-positions">
          <float_array id="_160i160i160_7-positions-array" count="549"> -319.18454 10.8154545 -595.1651 -315.071808 4 -591 -326 14.9282055 -591 -314.16507 0 -595.1651 -315.071808 4 -591 -319.18454 10.8154545 -595.1651 -314.16507 0 -595.1651 -316.143585 -8 -591 -315.071808 4 -591 -326.04126 -14.7741833 -595.1651 -326 -14.9282055 -591 -316.143585 -8 -591 -326.04126 -14.7741833 -595.1651 -338 -13.85641 -591 -326 -14.9282055 -591 -344.77417 -3.95872998 -595.1651 -344.928192 -4 -591 -338 -13.85641 -591 -344.77417 -3.95872998 -595.1651 -340.928192 10.9282055 -591 -344.928192 -4 -591 -340.81546 10.8154545 -595.1651 -340.928192 10.9282055 -591 -344.77417 -3.95872998 -595.1651 -340.81546 10.8154545 -595.1651 -326 14.9282055 -591 -340.928192 10.9282055 -591 -330 15.8349199 -595.1651 -326 14.9282055 -591 -340.81546 10.8154545 -595.1651 -319.18454 10.8154545 -595.1651 -326 14.9282055 -591 -330 15.8349199 -595.1651 -340.928192 -10.9282055 -651 -344.77417 3.95872998 -646.834839 -340.81546 -10.8154545 -646.834839 -344.928192 4 -651 -344.77417 3.95872998 -646.834839 -340.928192 -10.9282055 -651 -344.928192 4 -651 -338 13.85641 -651 -344.77417 3.95872998 -646.834839 -326 14.9282055 -651 -326.04126 14.7741833 -646.834839 -338 13.85641 -651 -326 14.9282055 -651 -316.143585 8 -651 -326.04126 14.7741833 -646.834839 -315.071808 -4 -651 -315.2258 -3.95872998 -646.834839 -316.143585 8 -651 -315.071808 -4 -651 -326.04126 -14.7741833 -646.834839 -315.2258 -3.95872998 -646.834839 -326 -14.9282055 -651 -326.04126 -14.7741833 -646.834839 -315.071808 -4 -651 -326 -14.9282055 -651 -340.81546 -10.8154545 -646.834839 -326.04126 -14.7741833 -646.834839 -340.928192 -10.9282055 -651 -340.81546 -10.8154545 -646.834839 -326 -14.9282055 -651 250.815445 340.81546 -595.1651 254.928207 326 -591 250.928192 340.928192 -591 254.774185 326.04126 -595.1651 254.928207 326 -591 250.815445 340.81546 -595.1651 254.774185 326.04126 -595.1651 244 315.071808 -591 254.928207 326 -591 243.958725 315.2258 -595.1651 244 315.071808 -591 254.774185 326.04126 -595.1651 243.958725 315.2258 -595.1651 232.000015 316.143585 -591 244 315.071808 -591 225.225815 326.04126 -595.1651 225.071793 326 -591 232.000015 316.143585 -591 225.225815 326.04126 -595.1651 226.143585 338 -591 225.071793 326 -591 236.041275 344.77417 -595.1651 236 344.928192 -591 226.143585 338 -591 236.041275 344.77417 -595.1651 250.928192 340.928192 -591 236 344.928192 -591 250.815445 340.81546 -595.1651 250.928192 340.928192 -591 236.041275 344.77417 -595.1651 236 315.071808 -651 225.225815 326.04126 -646.834839 236.041275 315.2258 -646.834839 225.071793 326 -651 225.225815 326.04126 -646.834839 236 315.071808 -651 225.071793 326 -651 226.143585 338 -651 225.225815 326.04126 -646.834839 236 344.928192 -651 236.041275 344.77417 -646.834839 226.143585 338 -651 236 344.928192 -651 247.999985 343.856384 -651 236.041275 344.77417 -646.834839 254.928207 334 -651 254.774185 333.95874 -646.834839 247.999985 343.856384 -651 254.928207 334 -651 250.815445 319.18454 -646.834839 254.774185 333.95874 -646.834839 250.928192 319.071808 -651 250.815445 319.18454 -646.834839 254.928207 334 -651 250.928192 319.071808 -651 236.041275 315.2258 -646.834839 250.815445 319.18454 -646.834839 236 315.071808 -651 236.041275 315.2258 -646.834839 250.928192 319.071808 -651 250.815445 -319.18454 -595.1651 254.928207 -334 -591 250.928192 -319.071808 -591 254.774185 -333.95874 -595.1651 254.928207 -334 -591 250.815445 -319.18454 -595.1651 254.774185 -333.95874 -595.1651 247.999985 -343.856384 -591 254.928207 -334 -591 236.041275 -344.77417 -595.1651 236 -344.928192 -591 247.999985 -343.856384 -591 236.041275 -344.77417 -595.1651 226.143585 -338 -591 236 -344.928192 -591 225.225815 -326.04126 -595.1651 225.071793 -326 -591 226.143585 -338 -591 225.225815 -326.04126 -595.1651 236 -315.071808 -591 225.071793 -326 -591 236.041275 -315.2258 -595.1651 236 -315.071808 -591 225.225815 -326.04126 -595.1651 236.041275 -315.2258 -595.1651 250.928192 -319.071808 -591 236 -315.071808 -591 250.815445 -319.18454 -595.1651 250.928192 -319.071808 -591 236.041275 -315.2258 -595.1651 236 -344.928192 -651 226.143585 -338 -651 236.041275 -344.77417 -646.834839 225.071793 -326 -651 225.225815 -326.04126 -646.834839 226.143585 -338 -651 225.071793 -326 -651 232.000015 -316.143585 -651 225.225815 -326.04126 -646.834839 244 -315.071808 -651 243.958725 -315.2258 -646.834839 232.000015 -316.143585 -651 244 -315.071808 -651 254.774185 -326.04126 -646.834839 243.958725 -315.2258 -646.834839 254.928207 -326 -651 254.774185 -326.04126 -646.834839 244 -315.071808 -651 254.928207 -326 -651 250.815445 -340.81546 -646.834839 254.774185 -326.04126 -646.834839 250.928192 -340.928192 -651 250.815445 -340.81546 -646.834839 254.928207 -326 -651 250.928192 -340.928192 -651 236.041275 -344.77417 -646.834839 250.815445 -340.81546 -646.834839 236 -344.928192 -651 236.041275 -344.77417 -646.834839 250.928192 -340.928192 -651 </float_array>
          <technique_common>
            <accessor count="183" offset="0" source="#_160i160i160_7-positions-array" stride="3">
              <param name="X" type="float" />
              <param name="Y" type="float" />
              <param name="Z" type="float" />
            </accessor>
          </technique_common>
        </source>
        <vertices id="_160i160i160_7-vertices">
          <input semantic="POSITION" source="#_160i160i160_7-positions" />
        </vertices>
        <polylist count="61" material="defaultMaterial">
          <input offset="0" semantic="VERTEX" source="#_160i160i160_7-vertices" />
          <vcount>3 3 3 3 3 3 3 3 3 3 3 3 3 3 3 3 3 3 3 3 3 3 3 3 3 3 3 3 3 3 3 3 3 3 3 3 3 3 3 3 3 3 3 3 3 3 3 3 3 3 3 3 3 3 3 3 3 3 3 3 3 </vcount>
          <p>0 1 2 3 4 5 6 7 8 9 10 11 12 13 14 15 16 17 18 19 20 21 22 23 24 25 26 27 28 29 30 31 32 33 34 35 36 37 38 39 40 41 42 43 44 45 46 47 48 49 50 51 52 53 54 55 56 57 58 59 60 61 62 63 64 65 66 67 68 69 70 71 72 73 74 75 76 77 78 79 80 81 82 83 84 85 86 87 88 89 90 91 92 93 94 95 96 97 98 99 100 101 102 103 104 105 106 107 108 109 110 111 112 113 114 115 116 117 118 119 120 121 122 123 124 125 126 127 128 129 130 131 132 133 134 135 136 137 138 139 140 141 142 143 144 145 146 147 148 149 150 151 152 153 154 155 156 157 158 159 160 161 162 163 164 165 166 167 168 169 170 171 172 173 174 175 176 177 178 179 180 181 182 </p>
        </polylist>
      </mesh>
    </geometry>
    <geometry id="_25i25i25_7" name="25,25,25" >
      <mesh>
        <source id="_25i25i25_7-positions" name="_25i25i25_7-positions">
          <float_array id="_25i25i25_7-positions-array" count="423"> 198.365524 79.948494 136.515305 158.304535 20.8007698 146 213.243073 16.3716354 136.515305 198.365524 79.948494 136.515305 131.667236 92.1943893 146 158.304535 20.8007698 146 164.998856 136.073563 136.515305 131.667236 92.1943893 146 198.365524 79.948494 136.515305 164.998856 136.073563 136.515305 43.849369 150.883835 146 131.667236 92.1943893 146 130.035355 170.590317 136.515305 43.849369 150.883835 146 164.998856 136.073563 136.515305 87.4877625 195.1577 136.515305 43.849369 150.883835 146 130.035355 170.590317 136.515305 24.5274162 212.459518 136.515305 43.849369 150.883835 146 87.4877625 195.1577 136.515305 -40.7190628 209.958572 136.515305 43.849369 150.883835 146 24.5274162 212.459518 136.515305 -40.7190628 209.958572 136.515305 -66.8979645 143.46315 146 43.849369 150.883835 146 -102.170227 187.887955 136.515305 -66.8979645 143.46315 146 -40.7190628 209.958572 136.515305 -154.098389 148.30484 136.515305 -66.8979645 143.46315 146 -102.170227 187.887955 136.515305 -154.098389 148.30484 136.515305 -131.667236 92.1943893 146 -66.8979645 143.46315 146 -191.663467 94.8986435 136.515305 -131.667236 92.1943893 146 -154.098389 148.30484 136.515305 -191.663467 94.8986435 136.515305 -157.691711 13.796237 146 -131.667236 92.1943893 146 -211.364136 32.6471939 136.515305 -157.691711 13.796237 146 -191.663467 94.8986435 136.515305 -211.364136 -32.6471939 136.515305 -157.691711 13.796237 146 -211.364136 32.6471939 136.515305 -211.364136 -32.6471939 136.515305 -126.787071 -92.8102417 146 -157.691711 13.796237 146 -198.94928 -80.1837616 136.515305 -126.787071 -92.8102417 146 -211.364136 -32.6471939 136.515305 -174.931061 -123.043755 136.515305 -126.787071 -92.8102417 146 -198.94928 -80.1837616 136.515305 -129.653793 -170.089783 136.515305 -126.787071 -92.8102417 146 -174.931061 -123.043755 136.515305 -72.2918777 -201.282196 136.515305 -126.787071 -92.8102417 146 -129.653793 -170.089783 136.515305 -72.2918777 -201.282196 136.515305 -13.796237 -157.691711 146 -126.787071 -92.8102417 146 -8.19182491 -213.713684 136.515305 -13.796237 -157.691711 146 -72.2918777 -201.282196 136.515305 56.6717529 -206.225494 136.515305 -13.796237 -157.691711 146 -8.19182491 -213.713684 136.515305 56.6717529 -206.225494 136.515305 73.6896744 -141.643311 146 -13.796237 -157.691711 146 102.470901 -188.440872 136.515305 73.6896744 -141.643311 146 56.6717529 -206.225494 136.515305 142.29361 -159.665787 136.515305 73.6896744 -141.643311 146 102.470901 -188.440872 136.515305 142.29361 -159.665787 136.515305 143.46315 -66.8979645 146 73.6896744 -141.643311 146 183.83667 -109.291878 136.515305 143.46315 -66.8979645 146 142.29361 -159.665787 136.515305 208.244843 -48.7311707 136.515305 143.46315 -66.8979645 146 183.83667 -109.291878 136.515305 158.304535 20.8007698 146 208.244843 -48.7311707 136.515305 213.243073 16.3716354 136.515305 143.46315 -66.8979645 146 208.244843 -48.7311707 136.515305 158.304535 20.8007698 146 131.667236 92.1943893 146 19.1396828 -0.399069995 146 158.304535 20.8007698 146 43.849369 150.883835 146 19.1396828 -0.399069995 146 131.667236 92.1943893 146 43.849369 150.883835 146 5.15893984 20.6122665 146 19.1396828 -0.399069995 146 -66.8979645 143.46315 146 5.15893984 20.6122665 146 43.849369 150.883835 146 -66.8979645 143.46315 146 -13.9961948 14.7226381 146 5.15893984 20.6122665 146 -131.667236 92.1943893 146 -13.9961948 14.7226381 146 -66.8979645 143.46315 146 -157.691711 13.796237 146 -13.9961948 14.7226381 146 -131.667236 92.1943893 146 -157.691711 13.796237 146 -19.3318653 -8.81811523 146 -13.9961948 14.7226381 146 -126.787071 -92.8102417 146 -19.3318653 -8.81811523 146 -157.691711 13.796237 146 -126.787071 -92.8102417 146 -2.78413486 -20.1220798 146 -19.3318653 -8.81811523 146 -13.796237 -157.691711 146 -2.78413486 -20.1220798 146 -126.787071 -92.8102417 146 73.6896744 -141.643311 146 -2.78413486 -20.1220798 146 -13.796237 -157.691711 146 73.6896744 -141.643311 146 19.1396828 -0.399069995 146 -2.78413486 -20.1220798 146 143.46315 -66.8979645 146 19.1396828 -0.399069995 146 73.6896744 -141.643311 146 158.304535 20.8007698 146 19.1396828 -0.399069995 146 143.46315 -66.8979645 146 </float_array>
          <technique_common>
            <accessor count="141" offset="0" source="#_25i25i25_7-positions-array" stride="3">
              <param name="X" type="float" />
              <param name="Y" type="float" />
              <param name="Z" type="float" />
            </accessor>
          </technique_common>
        </source>
        <vertices id="_25i25i25_7-vertices">
          <input semantic="POSITION" source="#_25i25i25_7-positions" />
        </vertices>
        <polylist count="47" material="defaultMaterial">
          <input offset="0" semantic="VERTEX" source="#_25i25i25_7-vertices" />
          <vcount>3 3 3 3 3 3 3 3 3 3 3 3 3 3 3 3 3 3 3 3 3 3 3 3 3 3 3 3 3 3 3 3 3 3 3 3 3 3 3 3 3 3 3 3 3 3 3 </vcount>
          <p>0 1 2 3 4 5 6 7 8 9 10 11 12 13 14 15 16 17 18 19 20 21 22 23 24 25 26 27 28 29 30 31 32 33 34 35 36 37 38 39 40 41 42 43 44 45 46 47 48 49 50 51 52 53 54 55 56 57 58 59 60 61 62 63 64 65 66 67 68 69 70 71 72 73 74 75 76 77 78 79 80 81 82 83 84 85 86 87 88 89 90 91 92 93 94 95 96 97 98 99 100 101 102 103 104 105 106 107 108 109 110 111 112 113 114 115 116 117 118 119 120 121 122 123 124 125 126 127 128 129 130 131 132 133 134 135 136 137 138 139 140 </p>
        </polylist>
      </mesh>
    </geometry>
    <geometry id="_160i160i160_8" name="160,160,160" >
      <mesh>
        <source id="_160i160i160_8-positions" name="_160i160i160_8-positions">
          <float_array id="_160i160i160_8-positions-array" count="387"> -316.143585 8 -651 -319.18454 10.8154545 -595.1651 -326.04126 14.7741833 -646.834839 -316.143585 8 -651 -314.16507 0 -595.1651 -319.18454 10.8154545 -595.1651 -315.2258 -3.95872998 -646.834839 -314.16507 0 -595.1651 -316.143585 8 -651 -315.2258 -3.95872998 -646.834839 -316.143585 -8 -591 -314.16507 0 -595.1651 -315.2258 -3.95872998 -646.834839 -326.04126 -14.7741833 -595.1651 -316.143585 -8 -591 -326.04126 -14.7741833 -646.834839 -326.04126 -14.7741833 -595.1651 -315.2258 -3.95872998 -646.834839 -326.04126 -14.7741833 -646.834839 -338 -13.85641 -591 -326.04126 -14.7741833 -595.1651 -340.81546 -10.8154545 -646.834839 -338 -13.85641 -591 -326.04126 -14.7741833 -646.834839 -340.81546 -10.8154545 -646.834839 -344.77417 -3.95872998 -595.1651 -338 -13.85641 -591 -344.77417 3.95872998 -646.834839 -344.77417 -3.95872998 -595.1651 -340.81546 -10.8154545 -646.834839 -344.77417 3.95872998 -646.834839 -340.81546 10.8154545 -595.1651 -344.77417 -3.95872998 -595.1651 -338 13.85641 -651 -340.81546 10.8154545 -595.1651 -344.77417 3.95872998 -646.834839 -338 13.85641 -651 -330 15.8349199 -595.1651 -340.81546 10.8154545 -595.1651 -326.04126 14.7741833 -646.834839 -330 15.8349199 -595.1651 -338 13.85641 -651 -326.04126 14.7741833 -646.834839 -319.18454 10.8154545 -595.1651 -330 15.8349199 -595.1651 254.774185 333.95874 -646.834839 250.815445 340.81546 -595.1651 247.999985 343.856384 -651 254.774185 333.95874 -646.834839 254.774185 326.04126 -595.1651 250.815445 340.81546 -595.1651 250.815445 319.18454 -646.834839 254.774185 326.04126 -595.1651 254.774185 333.95874 -646.834839 250.815445 319.18454 -646.834839 243.958725 315.2258 -595.1651 254.774185 326.04126 -595.1651 236.041275 315.2258 -646.834839 243.958725 315.2258 -595.1651 250.815445 319.18454 -646.834839 236.041275 315.2258 -646.834839 232.000015 316.143585 -591 243.958725 315.2258 -595.1651 236.041275 315.2258 -646.834839 225.225815 326.04126 -595.1651 232.000015 316.143585 -591 225.225815 326.04126 -646.834839 225.225815 326.04126 -595.1651 236.041275 315.2258 -646.834839 225.225815 326.04126 -646.834839 226.143585 338 -591 225.225815 326.04126 -595.1651 226.143585 338 -651 226.143585 338 -591 225.225815 326.04126 -646.834839 226.143585 338 -651 236.041275 344.77417 -595.1651 226.143585 338 -591 236.041275 344.77417 -646.834839 236.041275 344.77417 -595.1651 226.143585 338 -651 236.041275 344.77417 -646.834839 250.815445 340.81546 -595.1651 236.041275 344.77417 -595.1651 247.999985 343.856384 -651 250.815445 340.81546 -595.1651 236.041275 344.77417 -646.834839 254.774185 -326.04126 -646.834839 250.815445 -319.18454 -595.1651 243.958725 -315.2258 -646.834839 254.774185 -326.04126 -646.834839 254.774185 -333.95874 -595.1651 250.815445 -319.18454 -595.1651 250.815445 -340.81546 -646.834839 254.774185 -333.95874 -595.1651 254.774185 -326.04126 -646.834839 250.815445 -340.81546 -646.834839 247.999985 -343.856384 -591 254.774185 -333.95874 -595.1651 250.815445 -340.81546 -646.834839 236.041275 -344.77417 -595.1651 247.999985 -343.856384 -591 236.041275 -344.77417 -646.834839 236.041275 -344.77417 -595.1651 250.815445 -340.81546 -646.834839 236.041275 -344.77417 -646.834839 226.143585 -338 -591 236.041275 -344.77417 -595.1651 226.143585 -338 -651 226.143585 -338 -591 236.041275 -344.77417 -646.834839 226.143585 -338 -651 225.225815 -326.04126 -595.1651 226.143585 -338 -591 225.225815 -326.04126 -646.834839 225.225815 -326.04126 -595.1651 226.143585 -338 -651 225.225815 -326.04126 -646.834839 236.041275 -315.2258 -595.1651 225.225815 -326.04126 -595.1651 232.000015 -316.143585 -651 236.041275 -315.2258 -595.1651 225.225815 -326.04126 -646.834839 243.958725 -315.2258 -646.834839 236.041275 -315.2258 -595.1651 232.000015 -316.143585 -651 243.958725 -315.2258 -646.834839 250.815445 -319.18454 -595.1651 236.041275 -315.2258 -595.1651 </float_array>
          <technique_common>
            <accessor count="129" offset="0" source="#_160i160i160_8-positions-array" stride="3">
              <param name="X" type="float" />
              <param name="Y" type="float" />
              <param name="Z" type="float" />
            </accessor>
          </technique_common>
        </source>
        <vertices id="_160i160i160_8-vertices">
          <input semantic="POSITION" source="#_160i160i160_8-positions" />
        </vertices>
        <polylist count="43" material="defaultMaterial">
          <input offset="0" semantic="VERTEX" source="#_160i160i160_8-vertices" />
          <vcount>3 3 3 3 3 3 3 3 3 3 3 3 3 3 3 3 3 3 3 3 3 3 3 3 3 3 3 3 3 3 3 3 3 3 3 3 3 3 3 3 3 3 3 </vcount>
          <p>0 1 2 3 4 5 6 7 8 9 10 11 12 13 14 15 16 17 18 19 20 21 22 23 24 25 26 27 28 29 30 31 32 33 34 35 36 37 38 39 40 41 42 43 44 45 46 47 48 49 50 51 52 53 54 55 56 57 58 59 60 61 62 63 64 65 66 67 68 69 70 71 72 73 74 75 76 77 78 79 80 81 82 83 84 85 86 87 88 89 90 91 92 93 94 95 96 97 98 99 100 101 102 103 104 105 106 107 108 109 110 111 112 113 114 115 116 117 118 119 120 121 122 123 124 125 126 127 128 </p>
        </polylist>
      </mesh>
    </geometry>
    <geometry id="_25i25i25_8" name="25,25,25" >
      <mesh>
        <source id="_25i25i25_8-positions" name="_25i25i25_8-positions">
          <float_array id="_25i25i25_8-positions-array" count="207"> -5.64202499 -5.64200497 141.687073 -19.3318653 -8.81811523 146 -2.78413486 -20.1220798 146 -19.3318653 -8.81811523 146 -7.70699024 2.06511998 141.687057 -13.9961948 14.7226381 146 -5.64202499 -5.64200497 141.687073 -7.70699024 2.06511998 141.687057 -19.3318653 -8.81811523 146 -2.78413486 -20.1220798 146 2.06509495 -7.70687008 141.687027 -5.64202499 -5.64200497 141.687073 -2.78413486 -20.1220798 146 7.70712996 -2.06514001 141.687073 2.06509495 -7.70687008 141.687027 19.1396828 -0.399069995 146 7.70712996 -2.06514001 141.687073 -2.78413486 -20.1220798 146 19.1396828 -0.399069995 146 5.64202499 5.64200497 141.687073 7.70712996 -2.06514001 141.687073 5.15893984 20.6122665 146 5.64202499 5.64200497 141.687073 19.1396828 -0.399069995 146 5.15893984 20.6122665 146 -2.06511497 7.7071352 141.687073 5.64202499 5.64200497 141.687073 -13.9961948 14.7226381 146 -2.06511497 7.7071352 141.687073 5.15893984 20.6122665 146 -13.9961948 14.7226381 146 -7.70699024 2.06511998 141.687057 -2.06511497 7.7071352 141.687073 -5.64202499 -5.64200497 141.687073 -6.74639225 -0.9375 146.000015 -7.70699024 2.06511998 141.687057 -5.64202499 -5.64200497 141.687073 0.9375 -6.74639225 146.000015 -6.74639225 -0.9375 146.000015 2.06509495 -7.70687008 141.687027 0.9375 -6.74639225 146.000015 -5.64202499 -5.64200497 141.687073 7.70712996 -2.06514001 141.687073 0.9375 -6.74639225 146.000015 2.06509495 -7.70687008 141.687027 7.70712996 -2.06514001 141.687073 6.74639225 0.9375 146.000015 0.9375 -6.74639225 146.000015 5.64202499 5.64200497 141.687073 6.74639225 0.9375 146.000015 7.70712996 -2.06514001 141.687073 5.64202499 5.64200497 141.687073 -0.9375 6.74639225 146.000015 6.74639225 0.9375 146.000015 -2.06511497 7.7071352 141.687073 -0.9375 6.74639225 146.000015 5.64202499 5.64200497 141.687073 -7.70699024 2.06511998 141.687057 -0.9375 6.74639225 146.000015 -2.06511497 7.7071352 141.687073 -7.70699024 2.06511998 141.687057 -6.74639225 -0.9375 146.000015 -0.9375 6.74639225 146.000015 0.9375 -6.74639225 146.000015 6.74639225 0.9375 146.000015 -0.9375 6.74639225 146.000015 0.9375 -6.74639225 146.000015 -0.9375 6.74639225 146.000015 -6.74639225 -0.9375 146.000015 </float_array>
          <technique_common>
            <accessor count="69" offset="0" source="#_25i25i25_8-positions-array" stride="3">
              <param name="X" type="float" />
              <param name="Y" type="float" />
              <param name="Z" type="float" />
            </accessor>
          </technique_common>
        </source>
        <vertices id="_25i25i25_8-vertices">
          <input semantic="POSITION" source="#_25i25i25_8-positions" />
        </vertices>
        <polylist count="23" material="defaultMaterial">
          <input offset="0" semantic="VERTEX" source="#_25i25i25_8-vertices" />
          <vcount>3 3 3 3 3 3 3 3 3 3 3 3 3 3 3 3 3 3 3 3 3 3 3 </vcount>
          <p>0 1 2 3 4 5 6 7 8 9 10 11 12 13 14 15 16 17 18 19 20 21 22 23 24 25 26 27 28 29 30 31 32 33 34 35 36 37 38 39 40 41 42 43 44 45 46 47 48 49 50 51 52 53 54 55 56 57 58 59 60 61 62 63 64 65 66 67 68 </p>
        </polylist>
      </mesh>
    </geometry>
    <geometry id="_160i160i160_9" name="160,160,160" >
      <mesh>
        <source id="_160i160i160_9-positions" name="_160i160i160_9-positions">
          <float_array id="_160i160i160_9-positions-array" count="17127"> 625.669861 -173.074188 -543 601.393188 -203.277924 -543 603.752808 -167.812576 -540.431824 628.02948 -203.277924 -543 601.393188 -203.277924 -543 625.669861 -173.074188 -543 628.02948 -203.277924 -543 603.752808 -226.925812 -543 601.393188 -203.277924 -543 625.669861 -232.187424 -540.431824 603.752808 -226.925812 -543 628.02948 -203.277924 -543 603.752808 -152.841125 -531.31842 625.669861 -157.69603 -534.591064 603.752808 -167.812576 -540.431824 625.669861 -173.074188 -543 603.752808 -167.812576 -540.431824 625.669861 -157.69603 -534.591064 625.669861 -125.915306 -484.681549 601.393188 -141.017181 -510.838776 603.752808 -125.508598 -478.84079 628.02948 -141.017181 -510.838776 601.393188 -141.017181 -510.838776 625.669861 -125.915306 -484.681549 628.02948 -141.017181 -510.838776 603.752808 -152.841125 -531.31842 601.393188 -141.017181 -510.838776 625.669861 -157.69603 -534.591064 603.752808 -152.841125 -531.31842 628.02948 -141.017181 -510.838776 603.752808 -125.915306 -461.318451 625.669861 -125.508598 -467.15921 603.752808 -125.508598 -478.84079 625.669861 -125.915306 -484.681549 603.752808 -125.508598 -478.84079 625.669861 -125.508598 -467.15921 625.669861 -152.841125 -414.681549 601.393188 -137.739258 -440.838776 603.752808 -157.69603 -411.408905 628.02948 -137.739258 -440.838776 601.393188 -137.739258 -440.838776 625.669861 -152.841125 -414.681549 628.02948 -137.739258 -440.838776 603.752808 -125.915306 -461.318451 601.393188 -137.739258 -440.838776 625.669861 -125.508598 -467.15921 603.752808 -125.915306 -461.318451 628.02948 -137.739258 -440.838776 603.752808 -173.074188 -403 625.669861 -167.812576 -405.568176 603.752808 -157.69603 -411.408905 625.669861 -152.841125 -414.681549 603.752808 -157.69603 -411.408905 625.669861 -167.812576 -405.568176 609.087158 29.1137981 -552.570618 609.087158 35.7133598 -589.998657 608.630737 38.0528107 -572.022034 609.087158 29.1137981 -552.570618 609.087158 19.0026855 -609.913574 609.087158 35.7133598 -589.998657 609.087158 6.59956312 -539.572021 609.087158 19.0026855 -609.913574 609.087158 29.1137981 -552.570618 609.087158 -35.7133598 -589.998657 609.087158 -29.1137981 -552.570618 608.630737 -37.4605179 -568.662964 609.087158 -19.0026855 -609.913574 609.087158 -29.1137981 -552.570618 609.087158 -35.7133598 -589.998657 609.087158 -19.0026855 -609.913574 608.630737 -11.5101671 -540.389709 609.087158 -29.1137981 -552.570618 609.087158 -19.0026855 -609.913574 609.087158 6.59956312 -539.572021 608.630737 -11.5101671 -540.389709 608.630737 -1.70543504 -615.339111 609.087158 6.59956312 -539.572021 609.087158 -19.0026855 -609.913574 609.087158 19.0026855 -609.913574 609.087158 6.59956312 -539.572021 608.630737 -1.70543504 -615.339111 628.02948 -203.277924 -403 630 -226.641617 -411.664886 630 -190.894363 -406.751556 625.669861 -226.925812 -403 630 -226.641617 -411.664886 628.02948 -203.277924 -403 625.669861 -242.30397 -411.408905 630 -226.641617 -411.664886 625.669861 -226.925812 -403 625.669861 -242.30397 -411.408905 630 -254.631851 -434.436646 630 -226.641617 -411.664886 628.02948 -262.260742 -440.838776 630 -254.631851 -434.436646 625.669861 -242.30397 -411.408905 628.02948 -262.260742 -440.838776 630 -266.715424 -468.436554 630 -254.631851 -434.436646 625.669861 -274.084686 -461.318451 630 -266.715424 -468.436554 628.02948 -262.260742 -440.838776 625.669861 -274.491394 -478.84079 630 -266.715424 -468.436554 625.669861 -274.084686 -461.318451 628.02948 -262.260742 -505.161194 630 -266.715424 -468.436554 625.669861 -274.491394 -478.84079 628.02948 -262.260742 -505.161194 630 -259.374054 -503.765137 630 -266.715424 -468.436554 628.02948 -262.260742 -505.161194 630 -234.745255 -530.136169 630 -259.374054 -503.765137 625.669861 -247.158875 -531.31842 630 -234.745255 -530.136169 628.02948 -262.260742 -505.161194 625.669861 -232.187424 -540.431824 630 -234.745255 -530.136169 625.669861 -247.158875 -531.31842 628.02948 -203.277924 -543 630 -234.745255 -530.136169 625.669861 -232.187424 -540.431824 628.02948 -203.277924 -543 630 -200 -539.871277 630 -234.745255 -530.136169 628.02948 -203.277924 -543 630 -173.107925 -534.911743 630 -200 -539.871277 625.669861 -173.074188 -543 630 -173.107925 -534.911743 628.02948 -203.277924 -543 625.669861 -157.69603 -534.591064 630 -173.107925 -534.911743 625.669861 -173.074188 -543 625.669861 -157.69603 -534.591064 630 -151.128036 -518.64325 630 -173.107925 -534.911743 628.02948 -141.017181 -510.838776 630 -151.128036 -518.64325 625.669861 -157.69603 -534.591064 628.02948 -141.017181 -510.838776 630 -136.397385 -495.60437 630 -151.128036 -518.64325 625.669861 -125.915306 -484.681549 630 -136.397385 -495.60437 628.02948 -141.017181 -510.838776 625.669861 -125.915306 -484.681549 630 -133.284592 -468.436554 630 -136.397385 -495.60437 625.669861 -125.508598 -467.15921 630 -133.284592 -468.436554 625.669861 -125.915306 -484.681549 628.02948 -137.739258 -440.838776 630 -133.284592 -468.436554 625.669861 -125.508598 -467.15921 628.02948 -137.739258 -440.838776 630 -145.368149 -434.436646 630 -133.284592 -468.436554 625.669861 -152.841125 -414.681549 630 -145.368149 -434.436646 628.02948 -137.739258 -440.838776 625.669861 -152.841125 -414.681549 630 -164.92807 -415.326691 630 -145.368149 -434.436646 625.669861 -167.812576 -405.568176 630 -164.92807 -415.326691 625.669861 -152.841125 -414.681549 625.669861 -167.812576 -405.568176 630 -190.894363 -406.751556 630 -164.92807 -415.326691 628.02948 -203.277924 -403 630 -190.894363 -406.751556 625.669861 -167.812576 -405.568176 630 -226.641617 -411.664886 690 -234.745255 -415.863861 690 -200 -406.128693 630 -254.631851 -434.436646 690 -234.745255 -415.863861 630 -226.641617 -411.664886 630 -254.631851 -434.436646 690 -259.374054 -442.234894 690 -234.745255 -415.863861 630 -266.715424 -468.436554 690 -259.374054 -442.234894 630 -254.631851 -434.436646 630 -266.715424 -468.436554 695 -262.354309 -468.734863 690 -259.374054 -442.234894 630 -266.715424 -468.436554 690 -263.010223 -495.393829 695 -262.354309 -468.734863 630 -259.374054 -503.765137 690 -263.010223 -495.393829 630 -266.715424 -468.436554 630 -259.374054 -503.765137 695 -245.677246 -515.659546 690 -263.010223 -495.393829 630 -234.745255 -530.136169 695 -245.677246 -515.659546 630 -259.374054 -503.765137 630 -234.745255 -530.136169 690 -226.641617 -534.335083 695 -245.677246 -515.659546 630 -200 -539.871277 690 -226.641617 -534.335083 630 -234.745255 -530.136169 630 -200 -539.871277 695 -191.568848 -534.341187 690 -226.641617 -534.335083 630 -200 -539.871277 690 -173.358383 -534.335083 695 -191.568848 -534.341187 630 -173.107925 -534.911743 690 -173.358383 -534.335083 630 -200 -539.871277 630 -151.128036 -518.64325 690 -173.358383 -534.335083 630 -173.107925 -534.911743 630 -151.128036 -518.64325 690 -145.368149 -511.563324 690 -173.358383 -534.335083 630 -136.397385 -495.60437 690 -145.368149 -511.563324 630 -151.128036 -518.64325 630 -136.397385 -495.60437 690 -133.284592 -477.563477 690 -145.368149 -511.563324 630 -133.284592 -468.436554 690 -133.284592 -477.563477 630 -136.397385 -495.60437 630 -133.284592 -468.436554 690 -140.625961 -442.234894 690 -133.284592 -477.563477 630 -145.368149 -434.436646 690 -140.625961 -442.234894 630 -133.284592 -468.436554 630 -145.368149 -434.436646 690 -165.254745 -415.863861 690 -140.625961 -442.234894 630 -164.92807 -415.326691 690 -165.254745 -415.863861 630 -145.368149 -434.436646 630 -190.894363 -406.751556 690 -165.254745 -415.863861 630 -164.92807 -415.326691 630 -190.894363 -406.751556 690 -200 -406.128693 690 -165.254745 -415.863861 630 -226.641617 -411.664886 690 -200 -406.128693 630 -190.894363 -406.751556 695 -224.668152 -529.791809 695 -245.677246 -515.659546 690 -226.641617 -534.335083 695 -258.342773 -493.735046 690 -263.010223 -495.393829 695 -245.677246 -515.659546 695 -258.342773 -493.735046 695 -262.354309 -468.734863 690 -263.010223 -495.393829 695 -254.975967 -444.513733 690 -259.374054 -442.234894 695 -262.354309 -468.734863 695 -254.975967 -444.513733 690 -234.745255 -415.863861 690 -259.374054 -442.234894 695 -232.171539 -420.096161 690 -234.745255 -415.863861 695 -254.975967 -444.513733 695 -232.171539 -420.096161 690 -200 -406.128693 690 -234.745255 -415.863861 695 -208.510422 -411.082123 690 -200 -406.128693 695 -232.171539 -420.096161 695 -183.294754 -413.378235 690 -200 -406.128693 695 -208.510422 -411.082123 695 -183.294754 -413.378235 690 -165.254745 -415.863861 690 -200 -406.128693 695 -154.748199 -430.737762 690 -165.254745 -415.863861 695 -183.294754 -413.378235 695 -154.748199 -430.737762 690 -140.625961 -442.234894 690 -165.254745 -415.863861 695 -139.377197 -460.402466 690 -140.625961 -442.234894 695 -154.748199 -430.737762 695 -139.377197 -460.402466 690 -133.284592 -477.563477 690 -140.625961 -442.234894 695 -138.807236 -485.716034 690 -133.284592 -477.563477 695 -139.377197 -460.402466 695 -138.807236 -485.716034 690 -145.368149 -511.563324 690 -133.284592 -477.563477 695 -149.414963 -508.706818 690 -145.368149 -511.563324 695 -138.807236 -485.716034 695 -149.414963 -508.706818 690 -173.358383 -534.335083 690 -145.368149 -511.563324 695 -167.526001 -526.401245 690 -173.358383 -534.335083 695 -149.414963 -508.706818 695 -191.568848 -534.341187 690 -173.358383 -534.335083 695 -167.526001 -526.401245 695 -224.668152 -529.791809 690 -226.641617 -534.335083 695 -191.568848 -534.341187 695 -254.975967 -444.513733 695 -262.354309 -468.734863 695 -258.342773 -493.735046 695 -258.342773 -493.735046 695 -232.171539 -420.096161 695 -254.975967 -444.513733 695 -258.342773 -493.735046 695 -208.510422 -411.082123 695 -232.171539 -420.096161 695 -258.342773 -493.735046 695 -183.294754 -413.378235 695 -208.510422 -411.082123 695 -258.342773 -493.735046 695 -154.748199 -430.737762 695 -183.294754 -413.378235 695 -139.377197 -460.402466 695 -154.748199 -430.737762 695 -258.342773 -493.735046 695 -258.342773 -493.735046 695 -138.807236 -485.716034 695 -139.377197 -460.402466 695 -258.342773 -493.735046 695 -149.414963 -508.706818 695 -138.807236 -485.716034 695 -245.677246 -515.659546 695 -149.414963 -508.706818 695 -258.342773 -493.735046 695 -224.668152 -529.791809 695 -149.414963 -508.706818 695 -245.677246 -515.659546 695 -224.668152 -529.791809 695 -167.526001 -526.401245 695 -149.414963 -508.706818 695 -224.668152 -529.791809 695 -191.568848 -534.341187 695 -167.526001 -526.401245 -243.525009 24.0951824 -108.802948 -237.903366 7.67129993 -99.9300308 -237.911591 24.1377735 -105.209808 -246.368088 0 -111.000008 -237.903366 7.67129993 -99.9300308 -243.525009 24.0951824 -108.802948 -246.368088 0 -111.000008 -237.628479 -15.3425999 -99.9300308 -237.903366 7.67129993 -99.9300308 -243.52504 -24.0951824 -108.803001 -237.628479 -15.3425999 -99.9300308 -246.368088 0 -111.000008 -237.911591 -24.1377735 -105.209824 -237.628479 -15.3425999 -99.9300308 -243.52504 -24.0951824 -108.803001 -243.525009 24.0951824 -108.802948 -239.805847 24.7940483 -116.000008 -245.285416 24.4400101 -115.045052 -237.911591 24.1377735 -105.209808 -239.805847 24.7940483 -116.000008 -243.525009 24.0951824 -108.802948 -243.52504 -24.0951824 -108.803001 -246.36496 0 -115.045052 -245.285416 -24.4400101 -115.045052 -246.368088 0 -111.000008 -246.36496 0 -115.045052 -243.52504 -24.0951824 -108.803001 -243.525009 24.0951824 -108.802948 -246.36496 0 -115.045052 -246.368088 0 -111.000008 -245.285416 24.4400101 -115.045052 -246.36496 0 -115.045052 -243.525009 24.0951824 -108.802948 -243.52504 -24.0951824 -108.803001 -239.805847 -24.7940483 -116.000008 -237.911591 -24.1377735 -105.209824 -243.52504 -24.0951824 -108.803001 -245.285416 -24.4400101 -115.045052 -239.805847 -24.7940483 -116.000008 -246.36496 0 -115.045052 -239.805847 -24.7940483 -116.000008 -245.285416 -24.4400101 -115.045052 -246.36496 0 -115.045052 -241.084198 0 -116.000008 -239.805847 -24.7940483 -116.000008 -246.36496 0 -115.045052 -239.805847 24.7940483 -116.000008 -241.084198 0 -116.000008 -245.285416 24.4400101 -115.045052 -239.805847 24.7940483 -116.000008 -246.36496 0 -115.045052 -237.911591 24.1377735 -105.209808 -239.817886 24.7982311 -116.068649 -239.805847 24.7940483 -116.000008 -239.16304 30.4732704 -116.068649 -239.817886 24.7982311 -116.068649 -237.911591 24.1377735 -105.209808 -237.911591 24.1377735 -105.209808 -236.200729 30.6285095 -99.9300308 -239.16304 30.4732704 -116.068649 -237.911591 24.1377735 -105.209808 -237.903366 7.67129993 -99.9300308 -236.200729 30.6285095 -99.9300308 -239.817886 -24.7982311 -116.068649 -239.16304 -30.4732704 -116.068649 -236.200729 -30.6285095 -99.9300308 -237.911591 -24.1377735 -105.209824 -236.200729 -30.6285095 -99.9300308 -237.628479 -15.3425999 -99.9300308 -237.911591 -24.1377735 -105.209824 -239.817886 -24.7982311 -116.068649 -236.200729 -30.6285095 -99.9300308 -239.805847 -24.7940483 -116.000008 -239.817886 -24.7982311 -116.068649 -237.911591 -24.1377735 -105.209824 -239.817886 24.7982311 -116.068649 -239.804108 24.7989998 -116.069374 -239.805847 24.7940483 -116.000008 -240.514313 16.5489407 -116.069374 -239.805847 24.7940483 -116.000008 -239.804108 24.7989998 -116.069374 -241.084198 0 -116.000008 -239.805847 24.7940483 -116.000008 -240.514313 16.5489407 -116.069374 -239.805847 -24.7940483 -116.000008 -240.514313 -16.5489407 -116.069374 -239.804108 -24.7989998 -116.069374 -239.805847 -24.7940483 -116.000008 -241.011871 -4.13967514 -116.069374 -240.514313 -16.5489407 -116.069374 -241.084198 0 -116.000008 -241.011871 -4.13967514 -116.069374 -239.805847 -24.7940483 -116.000008 -239.804108 -24.7989998 -116.069374 -239.817886 -24.7982311 -116.068649 -239.805847 -24.7940483 -116.000008 -248.121201 30.0037918 -115.605782 -239.817886 24.7982311 -116.068649 -239.16304 30.4732704 -116.068649 -241.084198 0 -116.000008 -249.476501 -12.5203781 -115.605782 -241.011871 -4.13967514 -116.069374 -241.084198 0 -116.000008 -249.426254 15.0260649 -115.605782 -249.476501 -12.5203781 -115.605782 -240.514313 16.5489407 -116.069374 -249.426254 15.0260649 -115.605782 -241.084198 0 -116.000008 -239.804108 24.7989998 -116.069374 -249.426254 15.0260649 -115.605782 -240.514313 16.5489407 -116.069374 -239.817886 24.7982311 -116.068649 -249.426254 15.0260649 -115.605782 -239.804108 24.7989998 -116.069374 -239.817886 24.7982311 -116.068649 -248.121201 30.0037918 -115.605782 -249.426254 15.0260649 -115.605782 -239.16304 30.4732704 -116.068649 -245.33371 30.1498699 -100.401764 -248.121201 30.0037918 -115.605782 -236.200729 30.6285095 -99.9300308 -245.33371 30.1498699 -100.401764 -239.16304 30.4732704 -116.068649 -245.33371 30.1498699 -100.401764 -237.903366 7.67129993 -99.9300308 -246.922836 7.5500102 -100.401764 -236.200729 30.6285095 -99.9300308 -237.903366 7.67129993 -99.9300308 -245.33371 30.1498699 -100.401764 -246.922836 7.5500102 -100.401764 -248.121201 30.0037918 -115.605782 -245.33371 30.1498699 -100.401764 -246.922836 7.5500102 -100.401764 -249.426254 15.0260649 -115.605782 -248.121201 30.0037918 -115.605782 -246.922836 7.5500102 -100.401764 -249.476501 -12.5203781 -115.605782 -249.426254 15.0260649 -115.605782 -246.666306 -15.1000204 -100.401764 -249.476501 -12.5203781 -115.605782 -246.922836 7.5500102 -100.401764 -246.666306 -15.1000204 -100.401764 -248.121201 -30.0037918 -115.605782 -249.476501 -12.5203781 -115.605782 -245.33371 -30.1498699 -100.401764 -248.121201 -30.0037918 -115.605782 -246.666306 -15.1000204 -100.401764 -245.33371 -30.1498699 -100.401764 -237.628479 -15.3425999 -99.9300308 -236.200729 -30.6285095 -99.9300308 -246.666306 -15.1000204 -100.401764 -237.628479 -15.3425999 -99.9300308 -245.33371 -30.1498699 -100.401764 -246.666306 -15.1000204 -100.401764 -237.903366 7.67129993 -99.9300308 -237.628479 -15.3425999 -99.9300308 -246.922836 7.5500102 -100.401764 -237.903366 7.67129993 -99.9300308 -246.666306 -15.1000204 -100.401764 -249.476501 -12.5203781 -115.605782 -240.514313 -16.5489407 -116.069374 -241.011871 -4.13967514 -116.069374 -239.817886 -24.7982311 -116.068649 -249.476501 -12.5203781 -115.605782 -248.121201 -30.0037918 -115.605782 -239.817886 -24.7982311 -116.068649 -240.514313 -16.5489407 -116.069374 -249.476501 -12.5203781 -115.605782 -239.804108 -24.7989998 -116.069374 -240.514313 -16.5489407 -116.069374 -239.817886 -24.7982311 -116.068649 -239.16304 -30.4732704 -116.068649 -239.817886 -24.7982311 -116.068649 -248.121201 -30.0037918 -115.605782 -245.33371 -30.1498699 -100.401764 -239.16304 -30.4732704 -116.068649 -248.121201 -30.0037918 -115.605782 -236.200729 -30.6285095 -99.9300308 -239.16304 -30.4732704 -116.068649 -245.33371 -30.1498699 -100.401764 600 -251.316467 -440.020905 600 -256.983612 -456.268097 600 -258.529083 -455.814331 600 -251.316467 -440.020905 600 -238.891724 -428.116577 600 -256.983612 -456.268097 600 -239.946503 -426.899261 600 -238.891724 -428.116577 600 -251.316467 -440.020905 600 -225.340332 -417.512451 600 -238.891724 -428.116577 600 -239.946503 -426.899261 600 -225.340332 -417.512451 600 -208.451981 -414.21521 600 -238.891724 -428.116577 600 -208.681198 -412.62088 600 -208.451981 -414.21521 600 -225.340332 -417.512451 600 -191.318802 -412.62088 600 -208.451981 -414.21521 600 -208.681198 -412.62088 600 -191.318802 -412.62088 600 -175.328796 -418.9776 600 -208.451981 -414.21521 600 -174.659668 -417.512451 600 -175.328796 -418.9776 600 -191.318802 -412.62088 600 -160.053497 -426.899261 600 -175.328796 -418.9776 600 -174.659668 -417.512451 600 -160.053497 -426.899261 600 -150.038544 -440.891724 600 -175.328796 -418.9776 600 -148.683533 -440.020905 600 -150.038544 -440.891724 600 -160.053497 -426.899261 600 -140.235458 -464.407166 600 -150.038544 -440.891724 600 -148.683533 -440.020905 600 -140.235458 -464.407166 600 -140.610718 -464.46109 600 -150.038544 -440.891724 600 -140.235458 -464.407166 600 -143.016403 -489.731903 600 -140.610718 -464.46109 600 -141.470932 -490.185699 600 -143.016403 -489.731903 600 -140.235458 -464.407166 600 -154.368515 -512.539917 600 -143.016403 -489.731903 600 -141.470932 -490.185699 600 -154.368515 -512.539917 600 -154.655029 -512.291626 600 -143.016403 -489.731903 600 -154.368515 -512.539917 600 -175.328796 -527.0224 600 -154.655029 -512.291626 600 -174.659668 -528.487549 600 -175.328796 -527.0224 600 -154.368515 -512.539917 600 -191.318802 -533.379089 600 -175.328796 -527.0224 600 -174.659668 -528.487549 600 -191.318802 -533.379089 600 -208.451981 -531.78479 600 -175.328796 -527.0224 600 -208.681198 -533.379089 600 -208.451981 -531.78479 600 -191.318802 -533.379089 600 -225.340332 -528.487549 600 -208.451981 -531.78479 600 -208.681198 -533.379089 600 -225.340332 -528.487549 600 -238.891724 -517.883423 600 -208.451981 -531.78479 600 -239.946503 -519.100708 600 -238.891724 -517.883423 600 -225.340332 -528.487549 600 -251.316467 -505.979065 600 -238.891724 -517.883423 600 -239.946503 -519.100708 600 -251.316467 -505.979065 600 -256.983612 -489.731903 600 -238.891724 -517.883423 600 -258.529083 -490.185699 600 -256.983612 -489.731903 600 -251.316467 -505.979065 600 -261 -473 600 -256.983612 -489.731903 600 -258.529083 -490.185699 600 -261 -473 600 -256.983612 -456.268097 600 -256.983612 -489.731903 600 -258.529083 -455.814331 600 -256.983612 -456.268097 600 -261 -473 600 -175.328796 -418.9776 570 -167.561554 -422.524811 570 -183.096039 -415.43042 600 -175.328796 -418.9776 570 -154.655029 -433.708344 570 -167.561554 -422.524811 600 -150.038544 -440.891724 570 -154.655029 -433.708344 600 -175.328796 -418.9776 600 -150.038544 -440.891724 570 -145.422073 -448.075104 570 -154.655029 -433.708344 600 -150.038544 -440.891724 570 -140.610718 -464.46109 570 -145.422073 -448.075104 600 -140.610718 -464.46109 570 -140.610718 -464.46109 600 -150.038544 -440.891724 600 -140.610718 -464.46109 570 -140.610718 -481.538879 570 -140.610718 -464.46109 600 -143.016403 -489.731903 570 -140.610718 -481.538879 600 -140.610718 -464.46109 600 -143.016403 -489.731903 570 -145.422073 -497.924866 570 -140.610718 -481.538879 600 -143.016403 -489.731903 570 -154.655029 -512.291626 570 -145.422073 -497.924866 600 -154.655029 -512.291626 570 -154.655029 -512.291626 600 -143.016403 -489.731903 600 -154.655029 -512.291626 570 -167.561554 -523.47522 570 -154.655029 -512.291626 600 -175.328796 -527.0224 570 -167.561554 -523.47522 600 -154.655029 -512.291626 600 -175.328796 -527.0224 570 -183.096039 -530.56958 570 -167.561554 -523.47522 600 -175.328796 -527.0224 570 -200 -533 570 -183.096039 -530.56958 600 -208.451981 -531.78479 570 -200 -533 600 -175.328796 -527.0224 600 -208.451981 -531.78479 570 -216.903961 -530.56958 570 -200 -533 600 -208.451981 -531.78479 570 -232.438446 -523.47522 570 -216.903961 -530.56958 600 -238.891724 -517.883423 570 -232.438446 -523.47522 600 -208.451981 -531.78479 600 -238.891724 -517.883423 570 -245.344955 -512.291626 570 -232.438446 -523.47522 600 -238.891724 -517.883423 570 -254.577927 -497.924866 570 -245.344955 -512.291626 600 -256.983612 -489.731903 570 -254.577927 -497.924866 600 -238.891724 -517.883423 600 -256.983612 -489.731903 570 -259.389282 -481.538879 570 -254.577927 -497.924866 600 -256.983612 -489.731903 570 -259.389282 -464.46109 570 -259.389282 -481.538879 600 -256.983612 -456.268097 570 -259.389282 -464.46109 600 -256.983612 -489.731903 600 -256.983612 -456.268097 570 -254.577927 -448.075104 570 -259.389282 -464.46109 600 -256.983612 -456.268097 570 -245.344955 -433.708344 570 -254.577927 -448.075104 600 -238.891724 -428.116577 570 -245.344955 -433.708344 600 -256.983612 -456.268097 600 -238.891724 -428.116577 570 -232.438446 -422.524811 570 -245.344955 -433.708344 600 -238.891724 -428.116577 570 -216.903961 -415.43042 570 -232.438446 -422.524811 600 -208.451981 -414.21521 570 -216.903961 -415.43042 600 -238.891724 -428.116577 600 -208.451981 -414.21521 570 -200 -413 570 -216.903961 -415.43042 600 -208.451981 -414.21521 570 -183.096039 -415.43042 570 -200 -413 600 -175.328796 -418.9776 570 -183.096039 -415.43042 600 -208.451981 -414.21521 570 -183.096039 -415.43042 575 -200 -408 570 -200 -413 575 -174.345139 -413.936554 575 -200 -408 570 -183.096039 -415.43042 570 -167.561554 -422.524811 575 -174.345139 -413.936554 570 -183.096039 -415.43042 575 -147.391571 -435.864899 575 -174.345139 -413.936554 570 -167.561554 -422.524811 570 -154.655029 -433.708344 575 -147.391571 -435.864899 570 -167.561554 -422.524811 570 -145.422073 -448.075104 575 -147.391571 -435.864899 570 -154.655029 -433.708344 575 -135.755524 -468.605591 575 -147.391571 -435.864899 570 -145.422073 -448.075104 570 -140.610718 -464.46109 575 -135.755524 -468.605591 570 -145.422073 -448.075104 575 -142.824997 -502.625732 575 -135.755524 -468.605591 570 -140.610718 -464.46109 570 -140.610718 -481.538879 575 -142.824997 -502.625732 570 -140.610718 -464.46109 570 -145.422073 -497.924866 575 -142.824997 -502.625732 570 -140.610718 -481.538879 575 -166.541595 -528.019958 575 -142.824997 -502.625732 570 -145.422073 -497.924866 570 -154.655029 -512.291626 575 -166.541595 -528.019958 570 -145.422073 -497.924866 570 -167.561554 -523.47522 575 -166.541595 -528.019958 570 -154.655029 -512.291626 575 -200 -537.394592 575 -166.541595 -528.019958 570 -167.561554 -523.47522 570 -183.096039 -530.56958 575 -200 -537.394592 570 -167.561554 -523.47522 570 -200 -533 575 -200 -537.394592 570 -183.096039 -530.56958 575 -233.458405 -528.019958 575 -200 -537.394592 570 -200 -533 570 -232.438446 -422.524811 570 -216.903961 -415.43042 575 -225.654861 -413.936554 570 -245.344955 -433.708344 570 -232.438446 -422.524811 575 -225.654861 -413.936554 575 -252.608459 -435.864899 570 -245.344955 -433.708344 575 -225.654861 -413.936554 570 -254.577927 -448.075104 570 -245.344955 -433.708344 575 -252.608459 -435.864899 570 -259.389282 -464.46109 570 -254.577927 -448.075104 575 -252.608459 -435.864899 575 -263.640472 -459.77536 570 -259.389282 -481.538879 570 -259.389282 -464.46109 570 -254.577927 -497.924866 570 -259.389282 -481.538879 575 -263.640472 -459.77536 575 -263.047699 -486.101471 570 -254.577927 -497.924866 575 -263.640472 -459.77536 573.4151 -253.334122 -503.79245 570 -254.577927 -497.924866 575 -263.047699 -486.101471 570 -245.344955 -512.291626 570 -254.577927 -497.924866 573.4151 -253.334122 -503.79245 575 -253.103043 -510.484253 570 -245.344955 -512.291626 573.4151 -253.334122 -503.79245 570 -232.438446 -523.47522 570 -245.344955 -512.291626 575 -253.103043 -510.484253 575 -233.458405 -528.019958 570 -232.438446 -523.47522 575 -253.103043 -510.484253 570 -216.903961 -530.56958 570 -232.438446 -523.47522 575 -233.458405 -528.019958 575 -263.640472 -459.77536 570 -259.389282 -464.46109 575 -252.608459 -435.864899 575 -253.103043 -510.484253 573.4151 -253.334122 -503.79245 575 -263.047699 -486.101471 570 -200 -533 570 -216.903961 -530.56958 575 -233.458405 -528.019958 570 -216.903961 -415.43042 575 -200 -408 575 -225.654861 -413.936554 570 -216.903961 -415.43042 570 -200 -413 575 -200 -408 575 -174.345139 -413.936554 575 -167.356583 -422.205841 575 -200 -412.62088 575 -147.391571 -435.864899 575 -167.356583 -422.205841 575 -174.345139 -413.936554 575 -147.391571 -435.864899 575 -145.077225 -447.917633 575 -167.356583 -422.205841 575 -135.755524 -468.605591 575 -145.077225 -447.917633 575 -147.391571 -435.864899 575 -135.755524 -468.605591 575 -140.235458 -481.592865 575 -145.077225 -447.917633 575 -142.824997 -502.625732 575 -140.235458 -481.592865 575 -135.755524 -468.605591 575 -142.824997 -502.625732 575 -154.368515 -512.539917 575 -140.235458 -481.592865 575 -166.541595 -528.019958 575 -154.368515 -512.539917 575 -142.824997 -502.625732 575 -166.541595 -528.019958 575 -182.989243 -530.933289 575 -154.368515 -512.539917 575 -200 -537.394592 575 -182.989243 -530.933289 575 -166.541595 -528.019958 575 -200 -537.394592 575 -217.010757 -530.933289 575 -182.989243 -530.933289 575 -233.458405 -528.019958 575 -217.010757 -530.933289 575 -200 -537.394592 575 -233.458405 -528.019958 575 -245.631485 -512.539917 575 -217.010757 -530.933289 575 -253.103043 -510.484253 575 -245.631485 -512.539917 575 -233.458405 -528.019958 575 -263.047699 -486.101471 575 -245.631485 -512.539917 575 -253.103043 -510.484253 575 -263.047699 -486.101471 575 -259.764526 -481.592865 575 -245.631485 -512.539917 575 -263.640472 -459.77536 575 -259.764526 -481.592865 575 -263.047699 -486.101471 575 -263.640472 -459.77536 575 -254.922775 -447.917633 575 -259.764526 -481.592865 575 -252.608459 -435.864899 575 -254.922775 -447.917633 575 -263.640472 -459.77536 575 -252.608459 -435.864899 575 -232.643417 -422.205841 575 -254.922775 -447.917633 575 -225.654861 -413.936554 575 -232.643417 -422.205841 575 -252.608459 -435.864899 575 -225.654861 -413.936554 575 -200 -412.62088 575 -232.643417 -422.205841 575 -200 -408 575 -200 -412.62088 575 -225.654861 -413.936554 575 -174.345139 -413.936554 575 -200 -412.62088 575 -200 -408 575 -254.922775 -447.917633 600 -251.316467 -440.020905 600 -258.529083 -455.814331 575 -254.922775 -447.917633 600 -239.946503 -426.899261 600 -251.316467 -440.020905 575 -232.643417 -422.205841 600 -239.946503 -426.899261 575 -254.922775 -447.917633 575 -232.643417 -422.205841 600 -225.340332 -417.512451 600 -239.946503 -426.899261 575 -232.643417 -422.205841 600 -208.681198 -412.62088 600 -225.340332 -417.512451 575 -200 -412.62088 600 -208.681198 -412.62088 575 -232.643417 -422.205841 575 -200 -412.62088 600 -191.318802 -412.62088 600 -208.681198 -412.62088 575 -200 -412.62088 600 -174.659668 -417.512451 600 -191.318802 -412.62088 575 -167.356583 -422.205841 600 -174.659668 -417.512451 575 -200 -412.62088 575 -167.356583 -422.205841 600 -160.053497 -426.899261 600 -174.659668 -417.512451 575 -167.356583 -422.205841 600 -148.683533 -440.020905 600 -160.053497 -426.899261 575 -145.077225 -447.917633 600 -148.683533 -440.020905 575 -167.356583 -422.205841 575 -145.077225 -447.917633 600 -140.235458 -464.407166 600 -148.683533 -440.020905 575 -140.235458 -481.592865 600 -140.235458 -464.407166 575 -145.077225 -447.917633 575 -140.235458 -481.592865 600 -141.470932 -490.185699 600 -140.235458 -464.407166 575 -140.235458 -481.592865 600 -154.368515 -512.539917 600 -141.470932 -490.185699 575 -154.368515 -512.539917 600 -154.368515 -512.539917 575 -140.235458 -481.592865 575 -154.368515 -512.539917 600 -174.659668 -528.487549 600 -154.368515 -512.539917 575 -182.989243 -530.933289 600 -174.659668 -528.487549 575 -154.368515 -512.539917 575 -182.989243 -530.933289 600 -191.318802 -533.379089 600 -174.659668 -528.487549 575 -182.989243 -530.933289 600 -208.681198 -533.379089 600 -191.318802 -533.379089 575 -217.010757 -530.933289 600 -208.681198 -533.379089 575 -182.989243 -530.933289 575 -217.010757 -530.933289 600 -225.340332 -528.487549 600 -208.681198 -533.379089 575 -217.010757 -530.933289 600 -239.946503 -519.100708 600 -225.340332 -528.487549 575 -245.631485 -512.539917 600 -239.946503 -519.100708 575 -217.010757 -530.933289 575 -245.631485 -512.539917 600 -251.316467 -505.979065 600 -239.946503 -519.100708 575 -245.631485 -512.539917 600 -258.529083 -490.185699 600 -251.316467 -505.979065 575 -259.764526 -481.592865 600 -258.529083 -490.185699 575 -245.631485 -512.539917 575 -259.764526 -481.592865 600 -261 -473 600 -258.529083 -490.185699 575 -259.764526 -481.592865 600 -258.529083 -455.814331 600 -261 -473 575 -254.922775 -447.917633 600 -258.529083 -455.814331 575 -259.764526 -481.592865 -30.1498699 245.33371 -100.401764 -30.4732704 239.16304 -116.068649 -30.0037918 248.121201 -115.605782 -30.6285095 236.200729 -99.9300308 -30.4732704 239.16304 -116.068649 -30.1498699 245.33371 -100.401764 30.4732704 239.16304 -116.068649 30.1498699 245.33371 -100.401764 30.0037918 248.121201 -115.605782 30.6285095 236.200729 -99.9300308 30.1498699 245.33371 -100.401764 30.4732704 239.16304 -116.068649 -24.7989998 239.804108 -116.069374 -24.7982311 239.817886 -116.068649 -24.7940483 239.805847 -116.000008 24.7982311 239.817886 -116.068649 24.7989998 239.804108 -116.069374 24.7940483 239.805847 -116.000008 24.0951824 243.525009 -108.802948 24.7940483 239.805847 -116.000008 24.4400101 245.285416 -115.045052 24.1377735 237.911591 -105.209808 24.7940483 239.805847 -116.000008 24.0951824 243.525009 -108.802948 -24.0951824 243.52504 -108.803001 -24.7940483 239.805847 -116.000008 -24.1377735 237.911591 -105.209824 -24.0951824 243.52504 -108.803001 -24.4400101 245.285416 -115.045052 -24.7940483 239.805847 -116.000008 -30.0037918 248.121201 -115.605782 0 246.974091 -100.401764 -30.1498699 245.33371 -100.401764 0 249.727676 -115.605782 0 246.974091 -100.401764 -30.0037918 248.121201 -115.605782 30.0037918 248.121201 -115.605782 0 246.974091 -100.401764 0 249.727676 -115.605782 30.1498699 245.33371 -100.401764 0 246.974091 -100.401764 30.0037918 248.121201 -115.605782 0 237.958282 -99.9300308 30.1498699 245.33371 -100.401764 30.6285095 236.200729 -99.9300308 0 237.958282 -99.9300308 0 246.974091 -100.401764 30.1498699 245.33371 -100.401764 0 237.958282 -99.9300308 -30.1498699 245.33371 -100.401764 0 246.974091 -100.401764 -30.6285095 236.200729 -99.9300308 -30.1498699 245.33371 -100.401764 0 237.958282 -99.9300308 24.7982311 239.817886 -116.068649 30.4732704 239.16304 -116.068649 30.0037918 248.121201 -115.605782 -24.7982311 239.817886 -116.068649 -24.7989998 239.804108 -116.069374 0 240.940765 -116.069374 -30.4732704 239.16304 -116.068649 -24.7982311 239.817886 -116.068649 -30.0037918 248.121201 -115.605782 0 249.727676 -115.605782 -24.7982311 239.817886 -116.068649 0 240.940765 -116.069374 -30.0037918 248.121201 -115.605782 -24.7982311 239.817886 -116.068649 0 249.727676 -115.605782 0 249.727676 -115.605782 24.7989998 239.804108 -116.069374 24.7982311 239.817886 -116.068649 0 249.727676 -115.605782 0 240.940765 -116.069374 24.7989998 239.804108 -116.069374 0 249.727676 -115.605782 24.7982311 239.817886 -116.068649 30.0037918 248.121201 -115.605782 -24.7982311 239.817886 -116.068649 -30.4732704 239.16304 -116.068649 -30.6285095 236.200729 -99.9300308 -24.7982311 239.817886 -116.068649 -24.1377735 237.911591 -105.209824 -24.7940483 239.805847 -116.000008 -30.6285095 236.200729 -99.9300308 -24.1377735 237.911591 -105.209824 -24.7982311 239.817886 -116.068649 24.1377735 237.911591 -105.209808 24.7982311 239.817886 -116.068649 24.7940483 239.805847 -116.000008 30.4732704 239.16304 -116.068649 24.7982311 239.817886 -116.068649 24.1377735 237.911591 -105.209808 24.1377735 237.911591 -105.209808 30.6285095 236.200729 -99.9300308 30.4732704 239.16304 -116.068649 24.1377735 237.911591 -105.209808 0 237.958282 -99.9300308 30.6285095 236.200729 -99.9300308 0 237.958282 -99.9300308 -24.1377735 237.911591 -105.209824 -30.6285095 236.200729 -99.9300308 -24.7940483 239.805847 -116.000008 0 240.940765 -116.069374 -24.7989998 239.804108 -116.069374 0 240.942032 -116.000008 0 240.940765 -116.069374 -24.7940483 239.805847 -116.000008 24.7940483 239.805847 -116.000008 0 240.940765 -116.069374 0 240.942032 -116.000008 24.7989998 239.804108 -116.069374 0 240.940765 -116.069374 24.7940483 239.805847 -116.000008 24.0951824 243.525009 -108.802948 0 237.958282 -99.9300308 24.1377735 237.911591 -105.209808 0 246.368088 -111.000008 0 237.958282 -99.9300308 24.0951824 243.525009 -108.802948 -24.0951824 243.52504 -108.803001 0 237.958282 -99.9300308 0 246.368088 -111.000008 -24.1377735 237.911591 -105.209824 0 237.958282 -99.9300308 -24.0951824 243.52504 -108.803001 0 246.36496 -115.045052 24.0951824 243.525009 -108.802948 24.4400101 245.285416 -115.045052 0 246.36496 -115.045052 0 246.368088 -111.000008 24.0951824 243.525009 -108.802948 0 246.36496 -115.045052 -24.0951824 243.52504 -108.803001 0 246.368088 -111.000008 -24.4400101 245.285416 -115.045052 -24.0951824 243.52504 -108.803001 0 246.36496 -115.045052 -24.4400101 245.285416 -115.045052 0 240.942032 -116.000008 -24.7940483 239.805847 -116.000008 0 246.36496 -115.045052 0 240.942032 -116.000008 -24.4400101 245.285416 -115.045052 24.4400101 245.285416 -115.045052 0 240.942032 -116.000008 0 246.36496 -115.045052 24.7940483 239.805847 -116.000008 0 240.942032 -116.000008 24.4400101 245.285416 -115.045052 600 150.683533 -440.020905 600 144.284805 -458.998444 600 142.235474 -464.407166 600 150.683533 -440.020905 600 161.016693 -430.017914 600 144.284805 -458.998444 600 162.053513 -426.899261 600 161.016693 -430.017914 600 150.683533 -440.020905 600 176.659683 -417.512451 600 161.016693 -430.017914 600 162.053513 -426.899261 600 176.659683 -417.512451 600 190.760498 -414.68396 600 161.016693 -430.017914 600 193.318787 -412.62088 600 190.760498 -414.68396 600 176.659683 -417.512451 600 219.010773 -415.066681 600 190.760498 -414.68396 600 193.318787 -412.62088 600 219.010773 -415.066681 600 224.072769 -417.864929 600 190.760498 -414.68396 600 241.946503 -426.899261 600 224.072769 -417.864929 600 219.010773 -415.066681 600 241.946503 -426.899261 600 250.37709 -438.550842 600 224.072769 -417.864929 600 253.316483 -440.020905 600 250.37709 -438.550842 600 241.946503 -426.899261 600 261.764526 -464.407166 600 250.37709 -438.550842 600 253.316483 -440.020905 600 261.764526 -464.407166 600 261.322021 -470.174133 600 250.37709 -438.550842 600 260.529083 -490.185699 600 261.322021 -470.174133 600 261.764526 -464.407166 600 260.529083 -490.185699 600 253.432632 -502.694641 600 261.322021 -470.174133 600 253.316483 -505.979065 600 253.432632 -502.694641 600 260.529083 -490.185699 600 234.643402 -523.794128 600 253.432632 -502.694641 600 253.316483 -505.979065 600 234.643402 -523.794128 600 229.21376 -525.787292 600 253.432632 -502.694641 600 210.681213 -533.379089 600 229.21376 -525.787292 600 234.643402 -523.794128 600 210.681213 -533.379089 600 204.854904 -532.932068 600 229.21376 -525.787292 600 193.318787 -533.379089 600 204.854904 -532.932068 600 210.681213 -533.379089 600 193.318787 -533.379089 600 179.927231 -528.135132 600 204.854904 -532.932068 600 176.659683 -528.487549 600 179.927231 -528.135132 600 193.318787 -533.379089 600 162.053513 -519.100708 600 179.927231 -528.135132 600 176.659683 -528.487549 600 162.053513 -519.100708 600 158.575958 -514.404785 600 179.927231 -528.135132 600 150.683533 -505.979065 600 158.575958 -514.404785 600 162.053513 -519.100708 600 150.683533 -505.979065 600 145.877075 -492.424316 600 158.575958 -514.404785 600 143.470932 -490.185699 600 145.877075 -492.424316 600 150.683533 -505.979065 600 142.235474 -464.407166 600 145.877075 -492.424316 600 143.470932 -490.185699 600 142.235474 -464.407166 600 144.284805 -458.998444 600 145.877075 -492.424316 570 216.145538 -414.691315 600 190.760498 -414.68396 600 224.072769 -417.864929 570 199.145081 -413.067963 600 190.760498 -414.68396 570 216.145538 -414.691315 570 182.375931 -416.299927 600 190.760498 -414.68396 570 199.145081 -413.067963 570 182.375931 -416.299927 600 161.016693 -430.017914 600 190.760498 -414.68396 570 167.196594 -424.125458 600 161.016693 -430.017914 570 182.375931 -416.299927 570 154.836807 -435.910461 600 161.016693 -430.017914 570 167.196594 -424.125458 570 154.836807 -435.910461 600 144.284805 -458.998444 600 161.016693 -430.017914 570 146.297928 -450.700256 600 144.284805 -458.998444 570 154.836807 -435.910461 570 142.271683 -467.296631 600 144.284805 -458.998444 570 146.297928 -450.700256 570 142.271683 -467.296631 600 145.877075 -492.424316 600 144.284805 -458.998444 570 143.084274 -484.355072 600 145.877075 -492.424316 570 142.271683 -467.296631 570 148.669876 -500.493591 600 145.877075 -492.424316 570 143.084274 -484.355072 570 148.669876 -500.493591 600 158.575958 -514.404785 600 145.877075 -492.424316 570 158.575958 -514.404785 600 158.575958 -514.404785 570 148.669876 -500.493591 570 158.575958 -514.404785 600 179.927231 -528.135132 600 158.575958 -514.404785 570 172.000015 -524.961487 600 179.927231 -528.135132 570 158.575958 -514.404785 570 187.854462 -531.308716 600 179.927231 -528.135132 570 172.000015 -524.961487 570 187.854462 -531.308716 600 204.854904 -532.932068 600 179.927231 -528.135132 570 204.854904 -532.932068 600 204.854904 -532.932068 570 187.854462 -531.308716 570 204.854904 -532.932068 600 229.21376 -525.787292 600 204.854904 -532.932068 570 221.624084 -529.700073 600 229.21376 -525.787292 570 204.854904 -532.932068 570 236.803421 -521.874512 600 229.21376 -525.787292 570 221.624084 -529.700073 570 236.803421 -521.874512 600 253.432632 -502.694641 600 229.21376 -525.787292 570 249.163193 -510.089539 600 253.432632 -502.694641 570 236.803421 -521.874512 570 257.702087 -495.299774 600 253.432632 -502.694641 570 249.163193 -510.089539 570 257.702087 -495.299774 600 261.322021 -470.174133 600 253.432632 -502.694641 570 261.728333 -478.703339 600 261.322021 -470.174133 570 257.702087 -495.299774 570 260.91571 -461.644928 600 261.322021 -470.174133 570 261.728333 -478.703339 570 260.91571 -461.644928 600 250.37709 -438.550842 600 261.322021 -470.174133 570 255.330124 -445.506409 600 250.37709 -438.550842 570 260.91571 -461.644928 570 245.424042 -431.595276 600 250.37709 -438.550842 570 255.330124 -445.506409 570 245.424042 -431.595276 600 224.072769 -417.864929 600 250.37709 -438.550842 570 232.000015 -421.038483 600 224.072769 -417.864929 570 245.424042 -431.595276 570 216.145538 -414.691315 600 224.072769 -417.864929 570 232.000015 -421.038483 575 227.654877 -413.936554 570 232.000015 -421.038483 575 254.608444 -435.864899 570 232.000015 -421.038483 570 245.424042 -431.595276 575 254.608444 -435.864899 575 254.608444 -435.864899 570 255.330124 -445.506409 575 266.244476 -468.605591 570 245.424042 -431.595276 570 255.330124 -445.506409 575 254.608444 -435.864899 570 255.330124 -445.506409 570 260.91571 -461.644928 575 266.244476 -468.605591 575 266.244476 -468.605591 570 261.728333 -478.703339 575 259.174988 -502.625732 570 260.91571 -461.644928 570 261.728333 -478.703339 575 266.244476 -468.605591 570 261.728333 -478.703339 570 257.702087 -495.299774 575 259.174988 -502.625732 575 259.174988 -502.625732 570 257.702087 -495.299774 575 235.458389 -528.019958 570 257.702087 -495.299774 570 249.163193 -510.089539 575 235.458389 -528.019958 575 235.458389 -528.019958 570 236.803421 -521.874512 575 202.000015 -537.394592 570 249.163193 -510.089539 570 236.803421 -521.874512 575 235.458389 -528.019958 570 236.803421 -521.874512 570 221.624084 -529.700073 575 202.000015 -537.394592 575 202.000015 -537.394592 570 204.854904 -532.932068 575 176.103928 -532.618713 570 221.624084 -529.700073 570 204.854904 -532.932068 575 202.000015 -537.394592 575 176.103928 -532.618713 570 187.854462 -531.308716 575 160.979279 -523.421204 570 204.854904 -532.932068 570 187.854462 -531.308716 575 176.103928 -532.618713 575 160.979279 -523.421204 570 172.000015 -524.961487 575 148.896957 -510.484253 570 187.854462 -531.308716 570 172.000015 -524.961487 575 160.979279 -523.421204 570 182.375931 -416.299927 570 199.145081 -413.067963 575 202.000015 -408 575 176.345139 -413.936554 570 182.375931 -416.299927 575 202.000015 -408 570 167.196594 -424.125458 570 182.375931 -416.299927 575 176.345139 -413.936554 570 154.836807 -435.910461 570 167.196594 -424.125458 575 176.345139 -413.936554 575 149.391556 -435.864899 570 146.297928 -450.700256 570 154.836807 -435.910461 573.4151 142.513519 -457.060608 570 146.297928 -450.700256 575 149.391556 -435.864899 570 142.271683 -467.296631 570 146.297928 -450.700256 573.4151 142.513519 -457.060608 575 138.359528 -459.77536 570 142.271683 -467.296631 573.4151 142.513519 -457.060608 575 138.952286 -486.101471 570 142.271683 -467.296631 575 138.359528 -459.77536 575 138.952286 -486.101471 570 143.084274 -484.355072 570 142.271683 -467.296631 570 148.669876 -500.493591 570 143.084274 -484.355072 575 138.952286 -486.101471 575 148.896957 -510.484253 570 148.669876 -500.493591 575 138.952286 -486.101471 570 158.575958 -514.404785 570 148.669876 -500.493591 575 148.896957 -510.484253 570 172.000015 -524.961487 570 158.575958 -514.404785 575 148.896957 -510.484253 570 216.145538 -414.691315 575 227.654877 -413.936554 575 202.000015 -408 570 216.145538 -414.691315 570 232.000015 -421.038483 575 227.654877 -413.936554 573.4151 142.513519 -457.060608 575 149.391556 -435.864899 575 138.359528 -459.77536 570 154.836807 -435.910461 575 176.345139 -413.936554 575 149.391556 -435.864899 575 202.000015 -408 570 199.145081 -413.067963 570 216.145538 -414.691315 575 227.654877 -413.936554 575 247.6315 -433.460083 575 219.010773 -415.066681 575 254.608444 -435.864899 575 247.6315 -433.460083 575 227.654877 -413.936554 575 254.608444 -435.864899 575 261.764526 -464.407166 575 247.6315 -433.460083 575 266.244476 -468.605591 575 261.764526 -464.407166 575 254.608444 -435.864899 575 266.244476 -468.605591 575 256.922791 -498.082397 575 261.764526 -464.407166 575 259.174988 -502.625732 575 256.922791 -498.082397 575 266.244476 -468.605591 575 259.174988 -502.625732 575 234.643402 -523.794128 575 256.922791 -498.082397 575 235.458389 -528.019958 575 234.643402 -523.794128 575 259.174988 -502.625732 575 235.458389 -528.019958 575 202.000015 -533.379089 575 234.643402 -523.794128 575 202.000015 -537.394592 575 202.000015 -533.379089 575 235.458389 -528.019958 575 176.103928 -532.618713 575 202.000015 -533.379089 575 202.000015 -537.394592 575 176.103928 -532.618713 575 169.356598 -523.794128 575 202.000015 -533.379089 575 160.979279 -523.421204 575 169.356598 -523.794128 575 176.103928 -532.618713 575 148.896957 -510.484253 575 169.356598 -523.794128 575 160.979279 -523.421204 575 148.896957 -510.484253 575 147.077225 -498.082397 575 169.356598 -523.794128 575 138.952286 -486.101471 575 147.077225 -498.082397 575 148.896957 -510.484253 575 138.952286 -486.101471 575 142.235474 -464.407166 575 147.077225 -498.082397 575 138.359528 -459.77536 575 142.235474 -464.407166 575 138.952286 -486.101471 575 149.391556 -435.864899 575 142.235474 -464.407166 575 138.359528 -459.77536 575 149.391556 -435.864899 575 150.683533 -440.020905 575 142.235474 -464.407166 575 149.391556 -435.864899 575 169.356598 -422.205841 575 150.683533 -440.020905 575 176.345139 -413.936554 575 169.356598 -422.205841 575 149.391556 -435.864899 575 176.345139 -413.936554 575 193.318787 -412.62088 575 169.356598 -422.205841 575 202.000015 -408 575 193.318787 -412.62088 575 176.345139 -413.936554 575 202.000015 -408 575 219.010773 -415.066681 575 193.318787 -412.62088 575 227.654877 -413.936554 575 219.010773 -415.066681 575 202.000015 -408 575 142.235474 -464.407166 600 150.683533 -440.020905 600 142.235474 -464.407166 575 150.683533 -440.020905 600 150.683533 -440.020905 575 142.235474 -464.407166 575 150.683533 -440.020905 600 162.053513 -426.899261 600 150.683533 -440.020905 575 169.356598 -422.205841 600 162.053513 -426.899261 575 150.683533 -440.020905 575 169.356598 -422.205841 600 176.659683 -417.512451 600 162.053513 -426.899261 575 169.356598 -422.205841 600 193.318787 -412.62088 600 176.659683 -417.512451 575 193.318787 -412.62088 600 193.318787 -412.62088 575 169.356598 -422.205841 575 193.318787 -412.62088 600 219.010773 -415.066681 600 193.318787 -412.62088 575 219.010773 -415.066681 600 219.010773 -415.066681 575 193.318787 -412.62088 575 219.010773 -415.066681 600 241.946503 -426.899261 600 219.010773 -415.066681 575 247.6315 -433.460083 600 241.946503 -426.899261 575 219.010773 -415.066681 575 247.6315 -433.460083 600 253.316483 -440.020905 600 241.946503 -426.899261 575 247.6315 -433.460083 600 261.764526 -464.407166 600 253.316483 -440.020905 575 261.764526 -464.407166 600 261.764526 -464.407166 575 247.6315 -433.460083 575 261.764526 -464.407166 600 260.529083 -490.185699 600 261.764526 -464.407166 575 256.922791 -498.082397 600 260.529083 -490.185699 575 261.764526 -464.407166 575 256.922791 -498.082397 600 253.316483 -505.979065 600 260.529083 -490.185699 575 256.922791 -498.082397 600 234.643402 -523.794128 600 253.316483 -505.979065 575 234.643402 -523.794128 600 234.643402 -523.794128 575 256.922791 -498.082397 575 234.643402 -523.794128 600 210.681213 -533.379089 600 234.643402 -523.794128 575 202.000015 -533.379089 600 210.681213 -533.379089 575 234.643402 -523.794128 575 202.000015 -533.379089 600 193.318787 -533.379089 600 210.681213 -533.379089 575 202.000015 -533.379089 600 176.659683 -528.487549 600 193.318787 -533.379089 575 169.356598 -523.794128 600 176.659683 -528.487549 575 202.000015 -533.379089 575 169.356598 -523.794128 600 162.053513 -519.100708 600 176.659683 -528.487549 575 169.356598 -523.794128 600 150.683533 -505.979065 600 162.053513 -519.100708 575 147.077225 -498.082397 600 150.683533 -505.979065 575 169.356598 -523.794128 575 147.077225 -498.082397 600 143.470932 -490.185699 600 150.683533 -505.979065 575 147.077225 -498.082397 600 142.235474 -464.407166 600 143.470932 -490.185699 575 142.235474 -464.407166 600 142.235474 -464.407166 575 147.077225 -498.082397 30.1498699 -245.33371 -100.401764 30.4732704 -239.16304 -116.068649 30.0037918 -248.121201 -115.605782 30.6285095 -236.200729 -99.9300308 30.4732704 -239.16304 -116.068649 30.1498699 -245.33371 -100.401764 -30.4732704 -239.16304 -116.068649 -30.1498699 -245.33371 -100.401764 -30.0037918 -248.121201 -115.605782 -30.6285095 -236.200729 -99.9300308 -30.1498699 -245.33371 -100.401764 -30.4732704 -239.16304 -116.068649 -24.7982311 -239.817886 -116.068649 -24.7990112 -239.804001 -116.069374 -24.7940483 -239.805771 -116.000008 -24.0951824 -243.525009 -108.802948 -23.881731 -237.172409 -101.000008 -24.7940483 -239.805771 -116.000008 -24.4400101 -245.285416 -115.045052 -24.0951824 -243.525009 -108.802948 -24.7940483 -239.805771 -116.000008 24.0951824 -243.52504 -108.803001 24.7940483 -239.805847 -116.000008 24.1377735 -237.911591 -105.209824 24.0951824 -243.52504 -108.803001 24.4400101 -245.285416 -115.045052 24.7940483 -239.805847 -116.000008 0 -246.974091 -100.401764 -30.0037918 -248.121201 -115.605782 -30.1498699 -245.33371 -100.401764 0 -246.974091 -100.401764 0 -249.727676 -115.605782 -30.0037918 -248.121201 -115.605782 0 -246.974091 -100.401764 30.0037918 -248.121201 -115.605782 0 -249.727676 -115.605782 30.1498699 -245.33371 -100.401764 30.0037918 -248.121201 -115.605782 0 -246.974091 -100.401764 -30.0037918 -248.121201 -115.605782 -24.7982311 -239.817886 -116.068649 -30.4732704 -239.16304 -116.068649 0 -249.727676 -115.605782 -24.7982311 -239.817886 -116.068649 -30.0037918 -248.121201 -115.605782 0 -249.727676 -115.605782 -24.7990112 -239.804001 -116.069374 -24.7982311 -239.817886 -116.068649 0 -249.727676 -115.605782 0 -241.082977 -116.069374 -24.7990112 -239.804001 -116.069374 30.4732704 -239.16304 -116.068649 0 -249.727676 -115.605782 30.0037918 -248.121201 -115.605782 0 -241.082977 -116.069374 0 -249.727676 -115.605782 30.4732704 -239.16304 -116.068649 0 -237.958282 -99.9300308 -30.1498699 -245.33371 -100.401764 -30.6285095 -236.200729 -99.9300308 0 -237.958282 -99.9300308 0 -246.974091 -100.401764 -30.1498699 -245.33371 -100.401764 0 -237.958282 -99.9300308 30.1498699 -245.33371 -100.401764 0 -246.974091 -100.401764 30.6285095 -236.200729 -99.9300308 30.1498699 -245.33371 -100.401764 0 -237.958282 -99.9300308 25.2877407 -239.763885 -116.052811 0 -241.082977 -116.069374 30.4732704 -239.16304 -116.068649 -16.5455399 -240.514343 -116.000252 -24.7990112 -239.804001 -116.069374 0 -241.082977 -116.069374 -24.7940483 -239.805771 -116.000008 -24.7990112 -239.804001 -116.069374 -16.5455399 -240.514343 -116.000252 25.2877407 -239.763885 -116.052811 24.7940483 -239.805847 -116.000008 0 -241.082977 -116.069374 25.2877407 -239.763885 -116.052811 24.1377735 -237.911591 -105.209824 24.7940483 -239.805847 -116.000008 30.4732704 -239.16304 -116.068649 24.1377735 -237.911591 -105.209824 25.2877407 -239.763885 -116.052811 30.6285095 -236.200729 -99.9300308 24.1377735 -237.911591 -105.209824 30.4732704 -239.16304 -116.068649 -24.7940483 -239.805771 -116.000008 -30.4732704 -239.16304 -116.068649 -24.7982311 -239.817886 -116.068649 -23.881731 -237.172409 -101.000008 -30.4732704 -239.16304 -116.068649 -24.7940483 -239.805771 -116.000008 -23.881731 -237.172409 -101.000008 -30.6285095 -236.200729 -99.9300308 -30.4732704 -239.16304 -116.068649 -23.881731 -237.172409 -101.000008 0 -237.958282 -99.9300308 -30.6285095 -236.200729 -99.9300308 0 -237.958282 -99.9300308 24.1377735 -237.911591 -105.209824 30.6285095 -236.200729 -99.9300308 0 -246.36496 -115.045052 24.7940483 -239.805847 -116.000008 24.4400101 -245.285416 -115.045052 -16.5455399 -240.514343 -116.000252 -24.4400101 -245.285416 -115.045052 -24.7940483 -239.805771 -116.000008 -16.5455399 -240.514343 -116.000252 0 -246.36496 -115.045052 -24.4400101 -245.285416 -115.045052 0 -241.082977 -116.069374 0 -246.36496 -115.045052 -16.5455399 -240.514343 -116.000252 24.7940483 -239.805847 -116.000008 0 -246.36496 -115.045052 0 -241.082977 -116.069374 24.0951824 -243.52504 -108.803001 0 -246.36496 -115.045052 24.4400101 -245.285416 -115.045052 0 -246.368088 -111.000008 0 -246.36496 -115.045052 24.0951824 -243.52504 -108.803001 -24.0951824 -243.525009 -108.802948 0 -246.36496 -115.045052 0 -246.368088 -111.000008 -24.4400101 -245.285416 -115.045052 0 -246.36496 -115.045052 -24.0951824 -243.525009 -108.802948 -24.0951824 -243.525009 -108.802948 0 -237.958282 -99.9300308 -23.881731 -237.172409 -101.000008 0 -246.368088 -111.000008 0 -237.958282 -99.9300308 -24.0951824 -243.525009 -108.802948 24.0951824 -243.52504 -108.803001 0 -237.958282 -99.9300308 0 -246.368088 -111.000008 24.1377735 -237.911591 -105.209824 0 -237.958282 -99.9300308 24.0951824 -243.52504 -108.803001 -389.790741 66.2281113 -359.5 -379.924622 109.454407 -354 -394.755005 22.1689644 -354 -373.777802 130.790512 -359.5 -379.924622 109.454407 -354 -389.790741 66.2281113 -359.5 -373.777802 130.790512 -359.5 -356.783661 171.817947 -354 -379.924622 109.454407 -354 -322.454041 228.793335 -359.5 -322.454041 228.793335 -354 -356.783661 171.817947 -354 -322.454041 228.793335 -359.5 -280.014282 280.014282 -354 -322.454041 228.793335 -354 -191.251328 346.043243 -359.5 -191.251328 346.043243 -354 -246.901947 309.605286 -354 -191.251328 346.043243 -359.5 -130.790512 373.777802 -354 -191.251328 346.043243 -354 -88.1182861 386.071442 -359.5 -66.2281113 389.790741 -354 -130.790512 373.777802 -354 -22.1689644 394.755005 -359.5 -66.2281113 389.790741 -354 -88.1182861 386.071442 -359.5 -22.1689644 394.755005 -359.5 22.1689644 394.755005 -354 -66.2281113 389.790741 -354 66.2281113 389.790741 -359.5 22.1689644 394.755005 -354 -22.1689644 394.755005 -359.5 66.2281113 389.790741 -359.5 109.454407 379.924622 -354 22.1689644 394.755005 -354 130.790512 373.777802 -359.5 109.454407 379.924622 -354 66.2281113 389.790741 -359.5 130.790512 373.777802 -359.5 171.817947 356.783661 -354 109.454407 379.924622 -354 228.793335 322.454041 -359.5 228.793335 322.454041 -354 171.817947 356.783661 -354 228.793335 322.454041 -359.5 280.014282 280.014282 -354 228.793335 322.454041 -354 346.043243 191.251328 -359.5 346.043243 191.251328 -354 309.605286 246.901947 -354 346.043243 191.251328 -359.5 373.777802 130.790512 -354 346.043243 191.251328 -354 386.071442 88.1182861 -359.5 389.790741 66.2281113 -354 373.777802 130.790512 -354 394.755005 22.1689644 -359.5 389.790741 66.2281113 -354 386.071442 88.1182861 -359.5 394.755005 22.1689644 -359.5 394.755005 -22.1689644 -354 389.790741 66.2281113 -354 389.790741 -66.2281113 -359.5 394.755005 -22.1689644 -354 394.755005 22.1689644 -359.5 389.790741 -66.2281113 -359.5 379.924622 -109.454407 -354 394.755005 -22.1689644 -354 373.777802 -130.790512 -359.5 379.924622 -109.454407 -354 389.790741 -66.2281113 -359.5 373.777802 -130.790512 -359.5 356.783661 -171.817947 -354 379.924622 -109.454407 -354 322.454041 -228.793335 -359.5 322.454041 -228.793335 -354 356.783661 -171.817947 -354 322.454041 -228.793335 -359.5 280.014282 -280.014282 -354 322.454041 -228.793335 -354 191.251328 -346.043243 -359.5 191.251328 -346.043243 -354 246.901947 -309.605286 -354 191.251328 -346.043243 -359.5 130.790512 -373.777802 -354 191.251328 -346.043243 -354 88.1182861 -386.071442 -359.5 66.2281113 -389.790741 -354 130.790512 -373.777802 -354 22.1689644 -394.755005 -359.5 66.2281113 -389.790741 -354 88.1182861 -386.071442 -359.5 22.1689644 -394.755005 -359.5 -22.1689644 -394.755005 -354 66.2281113 -389.790741 -354 -66.2281113 -389.790741 -359.5 -22.1689644 -394.755005 -354 22.1689644 -394.755005 -359.5 -66.2281113 -389.790741 -359.5 -109.454407 -379.924622 -354 -22.1689644 -394.755005 -354 -130.790512 -373.777802 -359.5 -109.454407 -379.924622 -354 -66.2281113 -389.790741 -359.5 -130.790512 -373.777802 -359.5 -171.817947 -356.783661 -354 -109.454407 -379.924622 -354 -228.793335 -322.454041 -359.5 -228.793335 -322.454041 -354 -171.817947 -356.783661 -354 -228.793335 -322.454041 -359.5 -280.014282 -280.014282 -354 -228.793335 -322.454041 -354 -346.043243 -191.251328 -359.5 -346.043243 -191.251328 -354 -309.605286 -246.901947 -354 -346.043243 -191.251328 -359.5 -373.777802 -130.790512 -354 -346.043243 -191.251328 -354 -386.071442 -88.1182861 -359.5 -389.790741 -66.2281113 -354 -373.777802 -130.790512 -354 -394.755005 -22.1689644 -359.5 -389.790741 -66.2281113 -354 -386.071442 -88.1182861 -359.5 -394.755005 -22.1689644 -359.5 -394.755005 22.1689644 -354 -389.790741 -66.2281113 -354 -389.790741 66.2281113 -359.5 -394.755005 22.1689644 -354 -394.755005 -22.1689644 -359.5 -387.822113 -65.8936234 -354 -389.790741 -66.2281113 -354 -394.755005 22.1689644 -354 -371.890045 -130.129944 -354 -389.790741 -66.2281113 -354 -387.822113 -65.8936234 -354 -371.890045 -130.129944 -354 -373.777802 -130.790512 -354 -389.790741 -66.2281113 -354 -344.295502 -190.285416 -354 -373.777802 -130.790512 -354 -371.890045 -130.129944 -354 -344.295502 -190.285416 -354 -346.043243 -191.251328 -354 -373.777802 -130.790512 -354 -308.041595 -245.654984 -354 -346.043243 -191.251328 -354 -344.295502 -190.285416 -354 -308.041595 -245.654984 -354 -309.605286 -246.901947 -354 -346.043243 -191.251328 -354 -262.127533 -293.320831 -354 -309.605286 -246.901947 -354 -308.041595 -245.654984 -354 -262.127533 -293.320831 -354 -280.014282 -280.014282 -354 -309.605286 -246.901947 -354 -262.127533 -293.320831 -354 -228.793335 -322.454041 -354 -280.014282 -280.014282 -354 -190.285416 -344.295502 -354 -228.793335 -322.454041 -354 -262.127533 -293.320831 -354 -190.285416 -344.295502 -354 -171.817947 -356.783661 -354 -228.793335 -322.454041 -354 -108.901596 -378.005829 -354 -171.817947 -356.783661 -354 -190.285416 -344.295502 -354 -108.901596 -378.005829 -354 -109.454407 -379.924622 -354 -171.817947 -356.783661 -354 -22.0569992 -392.761322 -354 -109.454407 -379.924622 -354 -108.901596 -378.005829 -354 -22.0569992 -392.761322 -354 -22.1689644 -394.755005 -354 -109.454407 -379.924622 -354 -22.0569992 -392.761322 -354 66.2281113 -389.790741 -354 -22.1689644 -394.755005 -354 65.8936234 -387.822113 -354 66.2281113 -389.790741 -354 -22.0569992 -392.761322 -354 65.8936234 -387.822113 -354 130.790512 -373.777802 -354 66.2281113 -389.790741 -354 130.129944 -371.890045 -354 130.790512 -373.777802 -354 65.8936234 -387.822113 -354 130.129944 -371.890045 -354 191.251328 -346.043243 -354 130.790512 -373.777802 -354 190.285416 -344.295502 -354 191.251328 -346.043243 -354 130.129944 -371.890045 -354 190.285416 -344.295502 -354 246.901947 -309.605286 -354 191.251328 -346.043243 -354 245.654984 -308.041595 -354 246.901947 -309.605286 -354 190.285416 -344.295502 -354 245.654984 -308.041595 -354 280.014282 -280.014282 -354 246.901947 -309.605286 -354 293.320831 -262.127533 -354 280.014282 -280.014282 -354 245.654984 -308.041595 -354 293.320831 -262.127533 -354 322.454041 -228.793335 -354 280.014282 -280.014282 -354 344.295502 -190.285416 -354 322.454041 -228.793335 -354 293.320831 -262.127533 -354 344.295502 -190.285416 -354 356.783661 -171.817947 -354 322.454041 -228.793335 -354 344.295502 -190.285416 -354 379.924622 -109.454407 -354 356.783661 -171.817947 -354 378.005829 -108.901596 -354 379.924622 -109.454407 -354 344.295502 -190.285416 -354 378.005829 -108.901596 -354 394.755005 -22.1689644 -354 379.924622 -109.454407 -354 392.761322 -22.0569992 -354 394.755005 -22.1689644 -354 378.005829 -108.901596 -354 392.761322 -22.0569992 -354 389.790741 66.2281113 -354 394.755005 -22.1689644 -354 387.822113 65.8936234 -354 389.790741 66.2281113 -354 392.761322 -22.0569992 -354 371.890045 130.129944 -354 389.790741 66.2281113 -354 387.822113 65.8936234 -354 371.890045 130.129944 -354 373.777802 130.790512 -354 389.790741 66.2281113 -354 344.295502 190.285416 -354 373.777802 130.790512 -354 371.890045 130.129944 -354 344.295502 190.285416 -354 346.043243 191.251328 -354 373.777802 130.790512 -354 308.041595 245.654984 -354 346.043243 191.251328 -354 344.295502 190.285416 -354 308.041595 245.654984 -354 309.605286 246.901947 -354 346.043243 191.251328 -354 262.127533 293.320831 -354 309.605286 246.901947 -354 308.041595 245.654984 -354 262.127533 293.320831 -354 280.014282 280.014282 -354 309.605286 246.901947 -354 262.127533 293.320831 -354 228.793335 322.454041 -354 280.014282 280.014282 -354 190.285416 344.295502 -354 228.793335 322.454041 -354 262.127533 293.320831 -354 190.285416 344.295502 -354 171.817947 356.783661 -354 228.793335 322.454041 -354 108.901596 378.005829 -354 171.817947 356.783661 -354 190.285416 344.295502 -354 108.901596 378.005829 -354 109.454407 379.924622 -354 171.817947 356.783661 -354 22.0569992 392.761322 -354 109.454407 379.924622 -354 108.901596 378.005829 -354 22.0569992 392.761322 -354 22.1689644 394.755005 -354 109.454407 379.924622 -354 22.0569992 392.761322 -354 -66.2281113 389.790741 -354 22.1689644 394.755005 -354 -65.8936234 387.822113 -354 -66.2281113 389.790741 -354 22.0569992 392.761322 -354 -65.8936234 387.822113 -354 -130.790512 373.777802 -354 -66.2281113 389.790741 -354 -130.129944 371.890045 -354 -130.790512 373.777802 -354 -65.8936234 387.822113 -354 -130.129944 371.890045 -354 -191.251328 346.043243 -354 -130.790512 373.777802 -354 -190.285416 344.295502 -354 -191.251328 346.043243 -354 -130.129944 371.890045 -354 -190.285416 344.295502 -354 -246.901947 309.605286 -354 -191.251328 346.043243 -354 -245.654984 308.041595 -354 -246.901947 309.605286 -354 -190.285416 344.295502 -354 -245.654984 308.041595 -354 -280.014282 280.014282 -354 -246.901947 309.605286 -354 -293.320831 262.127533 -354 -280.014282 280.014282 -354 -245.654984 308.041595 -354 -293.320831 262.127533 -354 -322.454041 228.793335 -354 -280.014282 280.014282 -354 -344.295502 190.285416 -354 -322.454041 228.793335 -354 -293.320831 262.127533 -354 -344.295502 190.285416 -354 -356.783661 171.817947 -354 -322.454041 228.793335 -354 -344.295502 190.285416 -354 -379.924622 109.454407 -354 -356.783661 171.817947 -354 -378.005829 108.901596 -354 -379.924622 109.454407 -354 -344.295502 190.285416 -354 -378.005829 108.901596 -354 -394.755005 22.1689644 -354 -379.924622 109.454407 -354 -392.761322 22.0569992 -354 -394.755005 22.1689644 -354 -378.005829 108.901596 -354 -394.755005 22.1689644 -354 -392.761322 22.0569992 -354 -387.822113 -65.8936234 -354 -378.005829 108.901596 -354 -387.759094 65.8829193 -360.11084 -392.761322 22.0569992 -354 -378.005829 108.901596 -354 -363.376831 150.515625 -360.11084 -387.759094 65.8829193 -360.11084 -344.295502 190.285416 -354 -363.376831 150.515625 -360.11084 -378.005829 108.901596 -354 -344.295502 190.285416 -354 -320.773346 227.600815 -360.11084 -363.376831 150.515625 -360.11084 -293.320831 262.127533 -354 -320.773346 227.600815 -360.11084 -344.295502 190.285416 -354 -293.320831 262.127533 -354 -262.084961 293.273193 -360.11084 -320.773346 227.600815 -360.11084 -245.654984 308.041595 -354 -262.084961 293.273193 -360.11084 -293.320831 262.127533 -354 -245.654984 308.041595 -354 -190.254517 344.239624 -360.11084 -262.084961 293.273193 -360.11084 -190.285416 344.295502 -354 -190.254517 344.239624 -360.11084 -245.654984 308.041595 -354 -190.285416 344.295502 -354 -108.883919 377.944397 -360.11084 -190.254517 344.239624 -360.11084 -130.129944 371.890045 -354 -108.883919 377.944397 -360.11084 -190.285416 344.295502 -354 -65.8936234 387.822113 -354 -108.883919 377.944397 -360.11084 -130.129944 371.890045 -354 -65.8936234 387.822113 -354 -22.053421 392.69751 -360.11084 -108.883919 377.944397 -360.11084 22.0569992 392.761322 -354 -22.053421 392.69751 -360.11084 -65.8936234 387.822113 -354 22.0569992 392.761322 -354 65.8829193 387.759094 -360.11084 -22.053421 392.69751 -360.11084 108.901596 378.005829 -354 65.8829193 387.759094 -360.11084 22.0569992 392.761322 -354 108.901596 378.005829 -354 150.515625 363.376831 -360.11084 65.8829193 387.759094 -360.11084 190.285416 344.295502 -354 150.515625 363.376831 -360.11084 108.901596 378.005829 -354 190.285416 344.295502 -354 227.600815 320.773346 -360.11084 150.515625 363.376831 -360.11084 262.127533 293.320831 -354 227.600815 320.773346 -360.11084 190.285416 344.295502 -354 262.127533 293.320831 -354 293.273193 262.084961 -360.11084 227.600815 320.773346 -360.11084 308.041595 245.654984 -354 293.273193 262.084961 -360.11084 262.127533 293.320831 -354 308.041595 245.654984 -354 344.239624 190.254517 -360.11084 293.273193 262.084961 -360.11084 344.295502 190.285416 -354 344.239624 190.254517 -360.11084 308.041595 245.654984 -354 344.295502 190.285416 -354 377.944397 108.883919 -360.11084 344.239624 190.254517 -360.11084 371.890045 130.129944 -354 377.944397 108.883919 -360.11084 344.295502 190.285416 -354 387.822113 65.8936234 -354 377.944397 108.883919 -360.11084 371.890045 130.129944 -354 387.822113 65.8936234 -354 392.69751 22.053421 -360.11084 377.944397 108.883919 -360.11084 392.761322 -22.0569992 -354 392.69751 22.053421 -360.11084 387.822113 65.8936234 -354 392.761322 -22.0569992 -354 387.759094 -65.8829193 -360.11084 392.69751 22.053421 -360.11084 378.005829 -108.901596 -354 387.759094 -65.8829193 -360.11084 392.761322 -22.0569992 -354 378.005829 -108.901596 -354 363.376831 -150.515625 -360.11084 387.759094 -65.8829193 -360.11084 344.295502 -190.285416 -354 363.376831 -150.515625 -360.11084 378.005829 -108.901596 -354 344.295502 -190.285416 -354 320.773346 -227.600815 -360.11084 363.376831 -150.515625 -360.11084 293.320831 -262.127533 -354 320.773346 -227.600815 -360.11084 344.295502 -190.285416 -354 293.320831 -262.127533 -354 262.084961 -293.273193 -360.11084 320.773346 -227.600815 -360.11084 245.654984 -308.041595 -354 262.084961 -293.273193 -360.11084 293.320831 -262.127533 -354 245.654984 -308.041595 -354 190.254517 -344.239624 -360.11084 262.084961 -293.273193 -360.11084 190.285416 -344.295502 -354 190.254517 -344.239624 -360.11084 245.654984 -308.041595 -354 190.285416 -344.295502 -354 108.883919 -377.944397 -360.11084 190.254517 -344.239624 -360.11084 130.129944 -371.890045 -354 108.883919 -377.944397 -360.11084 190.285416 -344.295502 -354 65.8936234 -387.822113 -354 108.883919 -377.944397 -360.11084 130.129944 -371.890045 -354 65.8936234 -387.822113 -354 22.053421 -392.69751 -360.11084 108.883919 -377.944397 -360.11084 -22.0569992 -392.761322 -354 22.053421 -392.69751 -360.11084 65.8936234 -387.822113 -354 -22.0569992 -392.761322 -354 -65.8829193 -387.759094 -360.11084 22.053421 -392.69751 -360.11084 -108.901596 -378.005829 -354 -65.8829193 -387.759094 -360.11084 -22.0569992 -392.761322 -354 -108.901596 -378.005829 -354 -150.515625 -363.376831 -360.11084 -65.8829193 -387.759094 -360.11084 -190.285416 -344.295502 -354 -150.515625 -363.376831 -360.11084 -108.901596 -378.005829 -354 -190.285416 -344.295502 -354 -227.600815 -320.773346 -360.11084 -150.515625 -363.376831 -360.11084 -262.127533 -293.320831 -354 -227.600815 -320.773346 -360.11084 -190.285416 -344.295502 -354 -262.127533 -293.320831 -354 -293.273193 -262.084961 -360.11084 -227.600815 -320.773346 -360.11084 -308.041595 -245.654984 -354 -293.273193 -262.084961 -360.11084 -262.127533 -293.320831 -354 -308.041595 -245.654984 -354 -344.239624 -190.254517 -360.11084 -293.273193 -262.084961 -360.11084 -344.295502 -190.285416 -354 -344.239624 -190.254517 -360.11084 -308.041595 -245.654984 -354 -344.295502 -190.285416 -354 -377.944397 -108.883919 -360.11084 -344.239624 -190.254517 -360.11084 -371.890045 -130.129944 -354 -377.944397 -108.883919 -360.11084 -344.295502 -190.285416 -354 -387.822113 -65.8936234 -354 -377.944397 -108.883919 -360.11084 -371.890045 -130.129944 -354 -387.822113 -65.8936234 -354 -392.69751 -22.053421 -360.11084 -377.944397 -108.883919 -360.11084 -392.761322 22.0569992 -354 -392.69751 -22.053421 -360.11084 -387.822113 -65.8936234 -354 -392.761322 22.0569992 -354 -387.759094 65.8829193 -360.11084 -392.69751 -22.053421 -360.11084 -384.996277 65.4134979 -367.936523 -373.777802 130.790512 -359.5 -389.790741 66.2281113 -359.5 -360.78772 149.443176 -367.936523 -373.777802 130.790512 -359.5 -384.996277 65.4134979 -367.936523 -360.78772 149.443176 -367.936523 -356.783661 171.817947 -354 -373.777802 130.790512 -359.5 -360.78772 149.443176 -367.936523 -322.454041 228.793335 -359.5 -356.783661 171.817947 -354 -318.487823 225.979156 -367.936523 -322.454041 228.793335 -359.5 -360.78772 149.443176 -367.936523 -318.487823 225.979156 -367.936523 -280.014282 280.014282 -354 -322.454041 228.793335 -359.5 -260.21756 291.183594 -367.936523 -280.014282 280.014282 -354 -318.487823 225.979156 -367.936523 -260.21756 291.183594 -367.936523 -246.901947 309.605286 -354 -280.014282 280.014282 -354 -260.21756 291.183594 -367.936523 -191.251328 346.043243 -359.5 -246.901947 309.605286 -354 -188.898926 341.786865 -367.936523 -191.251328 346.043243 -359.5 -260.21756 291.183594 -367.936523 -188.898926 341.786865 -367.936523 -130.790512 373.777802 -354 -191.251328 346.043243 -359.5 -108.108101 375.251526 -367.936523 -130.790512 373.777802 -354 -188.898926 341.786865 -367.936523 -108.108101 375.251526 -367.936523 -88.1182861 386.071442 -359.5 -130.790512 373.777802 -354 -108.108101 375.251526 -367.936523 -22.1689644 394.755005 -359.5 -88.1182861 386.071442 -359.5 -21.896286 389.899536 -367.936523 -22.1689644 394.755005 -359.5 -108.108101 375.251526 -367.936523 -21.896286 389.899536 -367.936523 66.2281113 389.790741 -359.5 -22.1689644 394.755005 -359.5 65.4134979 384.996277 -367.936523 66.2281113 389.790741 -359.5 -21.896286 389.899536 -367.936523 65.4134979 384.996277 -367.936523 130.790512 373.777802 -359.5 66.2281113 389.790741 -359.5 149.443176 360.78772 -367.936523 130.790512 373.777802 -359.5 65.4134979 384.996277 -367.936523 149.443176 360.78772 -367.936523 171.817947 356.783661 -354 130.790512 373.777802 -359.5 149.443176 360.78772 -367.936523 228.793335 322.454041 -359.5 171.817947 356.783661 -354 225.979156 318.487823 -367.936523 228.793335 322.454041 -359.5 149.443176 360.78772 -367.936523 225.979156 318.487823 -367.936523 280.014282 280.014282 -354 228.793335 322.454041 -359.5 291.183594 260.21756 -367.936523 280.014282 280.014282 -354 225.979156 318.487823 -367.936523 291.183594 260.21756 -367.936523 309.605286 246.901947 -354 280.014282 280.014282 -354 291.183594 260.21756 -367.936523 346.043243 191.251328 -359.5 309.605286 246.901947 -354 341.786865 188.898926 -367.936523 346.043243 191.251328 -359.5 291.183594 260.21756 -367.936523 341.786865 188.898926 -367.936523 373.777802 130.790512 -354 346.043243 191.251328 -359.5 375.251526 108.108101 -367.936523 373.777802 130.790512 -354 341.786865 188.898926 -367.936523 375.251526 108.108101 -367.936523 386.071442 88.1182861 -359.5 373.777802 130.790512 -354 375.251526 108.108101 -367.936523 394.755005 22.1689644 -359.5 386.071442 88.1182861 -359.5 389.899536 21.896286 -367.936523 394.755005 22.1689644 -359.5 375.251526 108.108101 -367.936523 389.899536 21.896286 -367.936523 389.790741 -66.2281113 -359.5 394.755005 22.1689644 -359.5 388.6698 -43.792572 -367.936523 389.790741 -66.2281113 -359.5 389.899536 21.896286 -367.936523 375.251526 -108.108101 -367.936523 389.790741 -66.2281113 -359.5 388.6698 -43.792572 -367.936523 375.251526 -108.108101 -367.936523 373.777802 -130.790512 -359.5 389.790741 -66.2281113 -359.5 375.251526 -108.108101 -367.936523 356.783661 -171.817947 -354 373.777802 -130.790512 -359.5 341.786865 -188.898926 -367.936523 356.783661 -171.817947 -354 375.251526 -108.108101 -367.936523 341.786865 -188.898926 -367.936523 322.454041 -228.793335 -359.5 356.783661 -171.817947 -354 291.183594 -260.21756 -367.936523 322.454041 -228.793335 -359.5 341.786865 -188.898926 -367.936523 291.183594 -260.21756 -367.936523 280.014282 -280.014282 -354 322.454041 -228.793335 -359.5 291.183594 -260.21756 -367.936523 246.901947 -309.605286 -354 280.014282 -280.014282 -354 225.979156 -318.487823 -367.936523 246.901947 -309.605286 -354 291.183594 -260.21756 -367.936523 225.979156 -318.487823 -367.936523 191.251328 -346.043243 -359.5 246.901947 -309.605286 -354 149.443176 -360.78772 -367.936523 191.251328 -346.043243 -359.5 225.979156 -318.487823 -367.936523 149.443176 -360.78772 -367.936523 130.790512 -373.777802 -354 191.251328 -346.043243 -359.5 149.443176 -360.78772 -367.936523 88.1182861 -386.071442 -359.5 130.790512 -373.777802 -354 65.4134979 -384.996277 -367.936523 88.1182861 -386.071442 -359.5 149.443176 -360.78772 -367.936523 65.4134979 -384.996277 -367.936523 22.1689644 -394.755005 -359.5 88.1182861 -386.071442 -359.5 -21.896286 -389.899536 -367.936523 22.1689644 -394.755005 -359.5 65.4134979 -384.996277 -367.936523 -21.896286 -389.899536 -367.936523 -66.2281113 -389.790741 -359.5 22.1689644 -394.755005 -359.5 -108.108101 -375.251526 -367.936523 -66.2281113 -389.790741 -359.5 -21.896286 -389.899536 -367.936523 -108.108101 -375.251526 -367.936523 -130.790512 -373.777802 -359.5 -66.2281113 -389.790741 -359.5 -108.108101 -375.251526 -367.936523 -171.817947 -356.783661 -354 -130.790512 -373.777802 -359.5 -188.898926 -341.786865 -367.936523 -171.817947 -356.783661 -354 -108.108101 -375.251526 -367.936523 -188.898926 -341.786865 -367.936523 -228.793335 -322.454041 -359.5 -171.817947 -356.783661 -354 -260.21756 -291.183594 -367.936523 -228.793335 -322.454041 -359.5 -188.898926 -341.786865 -367.936523 -260.21756 -291.183594 -367.936523 -280.014282 -280.014282 -354 -228.793335 -322.454041 -359.5 -260.21756 -291.183594 -367.936523 -309.605286 -246.901947 -354 -280.014282 -280.014282 -354 -318.487823 -225.979156 -367.936523 -309.605286 -246.901947 -354 -260.21756 -291.183594 -367.936523 -318.487823 -225.979156 -367.936523 -346.043243 -191.251328 -359.5 -309.605286 -246.901947 -354 -360.78772 -149.443176 -367.936523 -346.043243 -191.251328 -359.5 -318.487823 -225.979156 -367.936523 -360.78772 -149.443176 -367.936523 -373.777802 -130.790512 -354 -346.043243 -191.251328 -359.5 -360.78772 -149.443176 -367.936523 -386.071442 -88.1182861 -359.5 -373.777802 -130.790512 -354 -384.996277 -65.4134979 -367.936523 -386.071442 -88.1182861 -359.5 -360.78772 -149.443176 -367.936523 -384.996277 -65.4134979 -367.936523 -394.755005 -22.1689644 -359.5 -386.071442 -88.1182861 -359.5 -391.129181 0 -367.936523 -394.755005 -22.1689644 -359.5 -384.996277 -65.4134979 -367.936523 -391.129181 0 -367.936523 -389.790741 66.2281113 -359.5 -394.755005 -22.1689644 -359.5 -384.996277 65.4134979 -367.936523 -389.790741 66.2281113 -359.5 -391.129181 0 -367.936523 -383.620453 -66.3881302 -367 -392.69751 -22.053421 -360.11084 -389.958527 0 -367 -383.620453 -66.3881302 -367 -377.944397 -108.883919 -360.11084 -392.69751 -22.053421 -360.11084 -358.614227 -151.55162 -367 -377.944397 -108.883919 -360.11084 -383.620453 -66.3881302 -367 -358.614227 -151.55162 -367 -344.239624 -190.254517 -360.11084 -377.944397 -108.883919 -360.11084 -314.968567 -228.838058 -367 -344.239624 -190.254517 -360.11084 -358.614227 -151.55162 -367 -314.968567 -228.838058 -367 -293.273193 -262.084961 -360.11084 -344.239624 -190.254517 -360.11084 -254.952042 -294.230377 -367 -293.273193 -262.084961 -360.11084 -314.968567 -228.838058 -367 -254.952042 -294.230377 -367 -227.600815 -320.773346 -360.11084 -293.273193 -262.084961 -360.11084 -181.684113 -344.329681 -367 -227.600815 -320.773346 -360.11084 -254.952042 -294.230377 -367 -181.684113 -344.329681 -367 -150.515625 -363.376831 -360.11084 -227.600815 -320.773346 -360.11084 -98.9729309 -376.532104 -367 -150.515625 -363.376831 -360.11084 -181.684113 -344.329681 -367 -98.9729309 -376.532104 -367 -65.8829193 -387.759094 -360.11084 -150.515625 -363.376831 -360.11084 -11.1175156 -389.163818 -367 -65.8829193 -387.759094 -360.11084 -98.9729309 -376.532104 -367 -11.1175156 -389.163818 -367 22.053421 -392.69751 -360.11084 -65.8829193 -387.759094 -360.11084 77.3157501 -381.568268 -367 22.053421 -392.69751 -360.11084 -11.1175156 -389.163818 -367 77.3157501 -381.568268 -367 108.883919 -377.944397 -360.11084 22.053421 -392.69751 -360.11084 161.730438 -354.140259 -367 108.883919 -377.944397 -360.11084 77.3157501 -381.568268 -367 161.730438 -354.140259 -367 190.254517 -344.239624 -360.11084 108.883919 -377.944397 -360.11084 237.738998 -308.30542 -367 190.254517 -344.239624 -360.11084 161.730438 -354.140259 -367 237.738998 -308.30542 -367 262.084961 -293.273193 -360.11084 190.254517 -344.239624 -360.11084 301.390808 -246.44603 -367 262.084961 -293.273193 -360.11084 237.738998 -308.30542 -367 301.390808 -246.44603 -367 320.773346 -227.600815 -360.11084 262.084961 -293.273193 -360.11084 349.377441 -171.777344 -367 320.773346 -227.600815 -360.11084 301.390808 -246.44603 -367 349.377441 -171.777344 -367 363.376831 -150.515625 -360.11084 320.773346 -227.600815 -360.11084 379.204773 -88.1803055 -367 363.376831 -150.515625 -360.11084 349.377441 -171.777344 -367 379.204773 -88.1803055 -367 387.759094 -65.8829193 -360.11084 363.376831 -150.515625 -360.11084 389.322571 0 -367 387.759094 -65.8829193 -360.11084 379.204773 -88.1803055 -367 389.322571 0 -367 392.69751 22.053421 -360.11084 387.759094 -65.8829193 -360.11084 379.204773 88.1803055 -367 392.69751 22.053421 -360.11084 389.322571 0 -367 379.204773 88.1803055 -367 377.944397 108.883919 -360.11084 392.69751 22.053421 -360.11084 349.377441 171.777344 -367 377.944397 108.883919 -360.11084 379.204773 88.1803055 -367 349.377441 171.777344 -367 344.239624 190.254517 -360.11084 377.944397 108.883919 -360.11084 301.390808 246.44603 -367 344.239624 190.254517 -360.11084 349.377441 171.777344 -367 301.390808 246.44603 -367 293.273193 262.084961 -360.11084 344.239624 190.254517 -360.11084 237.738998 308.30542 -367 293.273193 262.084961 -360.11084 301.390808 246.44603 -367 237.738998 308.30542 -367 227.600815 320.773346 -360.11084 293.273193 262.084961 -360.11084 161.730438 354.140259 -367 227.600815 320.773346 -360.11084 237.738998 308.30542 -367 161.730438 354.140259 -367 150.515625 363.376831 -360.11084 227.600815 320.773346 -360.11084 77.3157501 381.568268 -367 150.515625 363.376831 -360.11084 161.730438 354.140259 -367 77.3157501 381.568268 -367 65.8829193 387.759094 -360.11084 150.515625 363.376831 -360.11084 -11.1175156 389.163818 -367 65.8829193 387.759094 -360.11084 77.3157501 381.568268 -367 -11.1175156 389.163818 -367 -22.053421 392.69751 -360.11084 65.8829193 387.759094 -360.11084 -98.9729309 376.532104 -367 -22.053421 392.69751 -360.11084 -11.1175156 389.163818 -367 -98.9729309 376.532104 -367 -108.883919 377.944397 -360.11084 -22.053421 392.69751 -360.11084 -181.684113 344.329681 -367 -108.883919 377.944397 -360.11084 -98.9729309 376.532104 -367 -181.684113 344.329681 -367 -190.254517 344.239624 -360.11084 -108.883919 377.944397 -360.11084 -254.952042 294.230377 -367 -190.254517 344.239624 -360.11084 -181.684113 344.329681 -367 -254.952042 294.230377 -367 -262.084961 293.273193 -360.11084 -190.254517 344.239624 -360.11084 -314.968567 228.838058 -367 -262.084961 293.273193 -360.11084 -254.952042 294.230377 -367 -314.968567 228.838058 -367 -320.773346 227.600815 -360.11084 -262.084961 293.273193 -360.11084 -358.614227 151.55162 -367 -320.773346 227.600815 -360.11084 -314.968567 228.838058 -367 -358.614227 151.55162 -367 -363.376831 150.515625 -360.11084 -320.773346 227.600815 -360.11084 -383.620453 66.3881302 -367 -363.376831 150.515625 -360.11084 -358.614227 151.55162 -367 -383.620453 66.3881302 -367 -387.759094 65.8829193 -360.11084 -363.376831 150.515625 -360.11084 -389.958527 0 -367 -387.759094 65.8829193 -360.11084 -383.620453 66.3881302 -367 -389.958527 0 -367 -392.69751 -22.053421 -360.11084 -387.759094 65.8829193 -360.11084 -360.78772 -149.443176 -367.936523 -381.841034 -43.8121796 -367 -384.996277 -65.4134979 -367.936523 -360.78772 -149.443176 -367.936523 -323.332703 -207.793304 -367 -381.841034 -43.8121796 -367 -318.487823 -225.979156 -367.936523 -323.332703 -207.793304 -367 -360.78772 -149.443176 -367.936523 -260.21756 -291.183594 -367.936523 -323.332703 -207.793304 -367 -318.487823 -225.979156 -367.936523 -260.21756 -291.183594 -367.936523 -198.475449 -329.134613 -367 -323.332703 -207.793304 -367 -188.898926 -341.786865 -367.936523 -198.475449 -329.134613 -367 -260.21756 -291.183594 -367.936523 -108.108101 -375.251526 -367.936523 -198.475449 -329.134613 -367 -188.898926 -341.786865 -367.936523 -108.108101 -375.251526 -367.936523 -32.8904381 -382.936432 -367 -198.475449 -329.134613 -367 -21.896286 -389.899536 -367.936523 -32.8904381 -382.936432 -367 -108.108101 -375.251526 -367.936523 65.4134979 -384.996277 -367.936523 -32.8904381 -382.936432 -367 -21.896286 -389.899536 -367.936523 65.4134979 -384.996277 -367.936523 139.443817 -358.158478 -367 -32.8904381 -382.936432 -367 149.443176 -360.78772 -367.936523 139.443817 -358.158478 -367 65.4134979 -384.996277 -367.936523 225.979156 -318.487823 -367.936523 139.443817 -358.158478 -367 149.443176 -360.78772 -367.936523 225.979156 -318.487823 -367.936523 253.344681 -292.375336 -367 139.443817 -358.158478 -367 291.183594 -260.21756 -367.936523 253.344681 -292.375336 -367 225.979156 -318.487823 -367.936523 291.183594 -260.21756 -367.936523 312.982819 -227.395325 -367 253.344681 -292.375336 -367 341.786865 -188.898926 -367.936523 312.982819 -227.395325 -367 291.183594 -260.21756 -367.936523 341.786865 -188.898926 -367.936523 356.353302 -150.596161 -367 312.982819 -227.395325 -367 375.251526 -108.108101 -367.936523 356.353302 -150.596161 -367 341.786865 -188.898926 -367.936523 375.251526 -108.108101 -367.936523 384.350952 -32.9847908 -367 356.353302 -150.596161 -367 388.6698 -43.792572 -367.936523 384.350952 -32.9847908 -367 375.251526 -108.108101 -367.936523 389.899536 21.896286 -367.936523 384.350952 -32.9847908 -367 388.6698 -43.792572 -367.936523 389.899536 21.896286 -367.936523 381.201904 65.9695816 -367 384.350952 -32.9847908 -367 375.251526 108.108101 -367.936523 381.201904 65.9695816 -367 389.899536 21.896286 -367.936523 375.251526 108.108101 -367.936523 356.353302 150.596161 -367 381.201904 65.9695816 -367 341.786865 188.898926 -367.936523 356.353302 150.596161 -367 375.251526 108.108101 -367.936523 341.786865 188.898926 -367.936523 312.982819 227.395325 -367 356.353302 150.596161 -367 291.183594 260.21756 -367.936523 312.982819 227.395325 -367 341.786865 188.898926 -367.936523 291.183594 260.21756 -367.936523 253.344681 292.375336 -367 312.982819 227.395325 -367 225.979156 318.487823 -367.936523 253.344681 292.375336 -367 291.183594 260.21756 -367.936523 225.979156 318.487823 -367.936523 180.538666 342.158813 -367 253.344681 292.375336 -367 149.443176 360.78772 -367.936523 180.538666 342.158813 -367 225.979156 318.487823 -367.936523 149.443176 360.78772 -367.936523 54.6981926 380.434235 -367 180.538666 342.158813 -367 65.4134979 384.996277 -367.936523 54.6981926 380.434235 -367 149.443176 360.78772 -367.936523 -21.896286 389.899536 -367.936523 54.6981926 380.434235 -367 65.4134979 384.996277 -367.936523 -21.896286 389.899536 -367.936523 -118.769547 365.535034 -367 54.6981926 380.434235 -367 -108.108101 375.251526 -367.936523 -118.769547 365.535034 -367 -21.896286 389.899536 -367.936523 -188.898926 341.786865 -367.936523 -118.769547 365.535034 -367 -108.108101 375.251526 -367.936523 -188.898926 341.786865 -367.936523 -267.865387 275.626953 -367 -118.769547 365.535034 -367 -260.21756 291.183594 -367.936523 -267.865387 275.626953 -367 -188.898926 341.786865 -367.936523 -318.487823 225.979156 -367.936523 -267.865387 275.626953 -367 -260.21756 291.183594 -367.936523 -318.487823 225.979156 -367.936523 -361.994385 129.159348 -367 -267.865387 275.626953 -367 -360.78772 149.443176 -367.936523 -361.994385 129.159348 -367 -318.487823 225.979156 -367.936523 -384.996277 65.4134979 -367.936523 -361.994385 129.159348 -367 -360.78772 149.443176 -367.936523 -384.996277 65.4134979 -367.936523 -381.841034 -43.8121796 -367 -361.994385 129.159348 -367 -391.129181 0 -367.936523 -381.841034 -43.8121796 -367 -384.996277 65.4134979 -367.936523 -384.996277 -65.4134979 -367.936523 -381.841034 -43.8121796 -367 -391.129181 0 -367.936523 -383.620453 66.3881302 -367 -361.994385 129.159348 -367 -381.841034 -43.8121796 -367 -358.614227 151.55162 -367 -361.994385 129.159348 -367 -383.620453 66.3881302 -367 -314.968567 228.838058 -367 -361.994385 129.159348 -367 -358.614227 151.55162 -367 -314.968567 228.838058 -367 -267.865387 275.626953 -367 -361.994385 129.159348 -367 -254.952042 294.230377 -367 -267.865387 275.626953 -367 -314.968567 228.838058 -367 -181.684113 344.329681 -367 -267.865387 275.626953 -367 -254.952042 294.230377 -367 -181.684113 344.329681 -367 -118.769547 365.535034 -367 -267.865387 275.626953 -367 -98.9729309 376.532104 -367 -118.769547 365.535034 -367 -181.684113 344.329681 -367 -11.1175156 389.163818 -367 -118.769547 365.535034 -367 -98.9729309 376.532104 -367 -11.1175156 389.163818 -367 54.6981926 380.434235 -367 -118.769547 365.535034 -367 77.3157501 381.568268 -367 54.6981926 380.434235 -367 -11.1175156 389.163818 -367 161.730438 354.140259 -367 54.6981926 380.434235 -367 77.3157501 381.568268 -367 161.730438 354.140259 -367 180.538666 342.158813 -367 54.6981926 380.434235 -367 237.738998 308.30542 -367 180.538666 342.158813 -367 161.730438 354.140259 -367 237.738998 308.30542 -367 253.344681 292.375336 -367 180.538666 342.158813 -367 301.390808 246.44603 -367 253.344681 292.375336 -367 237.738998 308.30542 -367 301.390808 246.44603 -367 312.982819 227.395325 -367 253.344681 292.375336 -367 349.377441 171.777344 -367 312.982819 227.395325 -367 301.390808 246.44603 -367 349.377441 171.777344 -367 356.353302 150.596161 -367 312.982819 227.395325 -367 379.204773 88.1803055 -367 356.353302 150.596161 -367 349.377441 171.777344 -367 379.204773 88.1803055 -367 381.201904 65.9695816 -367 356.353302 150.596161 -367 389.322571 0 -367 381.201904 65.9695816 -367 379.204773 88.1803055 -367 389.322571 0 -367 384.350952 -32.9847908 -367 381.201904 65.9695816 -367 379.204773 -88.1803055 -367 384.350952 -32.9847908 -367 389.322571 0 -367 379.204773 -88.1803055 -367 356.353302 -150.596161 -367 384.350952 -32.9847908 -367 349.377441 -171.777344 -367 356.353302 -150.596161 -367 379.204773 -88.1803055 -367 349.377441 -171.777344 -367 312.982819 -227.395325 -367 356.353302 -150.596161 -367 301.390808 -246.44603 -367 312.982819 -227.395325 -367 349.377441 -171.777344 -367 301.390808 -246.44603 -367 253.344681 -292.375336 -367 312.982819 -227.395325 -367 237.738998 -308.30542 -367 253.344681 -292.375336 -367 301.390808 -246.44603 -367 237.738998 -308.30542 -367 139.443817 -358.158478 -367 253.344681 -292.375336 -367 161.730438 -354.140259 -367 139.443817 -358.158478 -367 237.738998 -308.30542 -367 77.3157501 -381.568268 -367 139.443817 -358.158478 -367 161.730438 -354.140259 -367 77.3157501 -381.568268 -367 -32.8904381 -382.936432 -367 139.443817 -358.158478 -367 -11.1175156 -389.163818 -367 -32.8904381 -382.936432 -367 77.3157501 -381.568268 -367 -98.9729309 -376.532104 -367 -32.8904381 -382.936432 -367 -11.1175156 -389.163818 -367 -98.9729309 -376.532104 -367 -198.475449 -329.134613 -367 -32.8904381 -382.936432 -367 -181.684113 -344.329681 -367 -198.475449 -329.134613 -367 -98.9729309 -376.532104 -367 -254.952042 -294.230377 -367 -198.475449 -329.134613 -367 -181.684113 -344.329681 -367 -254.952042 -294.230377 -367 -323.332703 -207.793304 -367 -198.475449 -329.134613 -367 -314.968567 -228.838058 -367 -323.332703 -207.793304 -367 -254.952042 -294.230377 -367 -358.614227 -151.55162 -367 -323.332703 -207.793304 -367 -314.968567 -228.838058 -367 -358.614227 -151.55162 -367 -381.841034 -43.8121796 -367 -323.332703 -207.793304 -367 -383.620453 -66.3881302 -367 -381.841034 -43.8121796 -367 -358.614227 -151.55162 -367 -389.958527 0 -367 -381.841034 -43.8121796 -367 -383.620453 -66.3881302 -367 -383.620453 66.3881302 -367 -381.841034 -43.8121796 -367 -389.958527 0 -367 370 376.662689 -607.125 362.489258 365 -604 370 368.125 -615.662659 370 361.875 -592.337341 362.489258 365 -604 370 373.537689 -595.462341 370 356.462311 -612.537659 362.489258 365 -604 370 353.337311 -600.875 370 373.537689 -595.462341 362.489258 365 -604 370 376.662689 -607.125 370 353.337311 -600.875 362.489258 365 -604 370 361.875 -592.337341 370 368.125 -615.662659 362.489258 365 -604 370 356.462311 -612.537659 400 356.462311 -595.462341 370 353.337311 -600.875 370 361.875 -592.337341 400 356.043671 -610.975159 370 353.337311 -600.875 400 356.462311 -595.462341 400 356.043671 -610.975159 370 356.462311 -612.537659 370 353.337311 -600.875 400 356.043671 -610.975159 370 368.125 -615.662659 370 356.462311 -612.537659 400 368.125 -615.662659 370 368.125 -615.662659 400 356.043671 -610.975159 400 368.125 -615.662659 370 376.662689 -607.125 370 368.125 -615.662659 400 375.825317 -610.25 370 376.662689 -607.125 400 368.125 -615.662659 400 376.662689 -600.875 370 376.662689 -607.125 400 375.825317 -610.25 400 376.662689 -600.875 370 373.537689 -595.462341 370 376.662689 -607.125 400 368.125 -592.337341 370 373.537689 -595.462341 400 376.662689 -600.875 400 368.125 -592.337341 370 361.875 -592.337341 370 373.537689 -595.462341 400 356.462311 -595.462341 370 361.875 -592.337341 400 368.125 -592.337341 400 356.462311 -595.462341 400 368.125 -615.662659 400 356.043671 -610.975159 400 356.462311 -595.462341 400 375.825317 -610.25 400 368.125 -615.662659 400 368.125 -592.337341 400 375.825317 -610.25 400 356.462311 -595.462341 400 368.125 -592.337341 400 376.662689 -600.875 400 375.825317 -610.25 449 357.5 -616.990417 560 349.480774 -612.960022 560 356.039978 -619.519226 449 352.009613 -611.5 560 349.480774 -612.960022 449 357.5 -616.990417 449 352.009613 -611.5 560 347.079926 -604 560 349.480774 -612.960022 449 350 -604 560 347.079926 -604 449 352.009613 -611.5 449 350 -604 560 349.480774 -595.039978 560 347.079926 -604 449 352.009613 -596.5 560 349.480774 -595.039978 449 350 -604 449 352.009613 -596.5 560 356.039978 -588.480774 560 349.480774 -595.039978 449 357.5 -591.009644 560 356.039978 -588.480774 449 352.009613 -596.5 449 357.5 -591.009644 560 365 -586.079956 560 356.039978 -588.480774 449 365 -589 560 365 -586.079956 449 357.5 -591.009644 449 365 -589 560 373.960022 -588.480774 560 365 -586.079956 449 372.5 -591.009644 560 373.960022 -588.480774 449 365 -589 449 372.5 -591.009644 560 380.519226 -595.039978 560 373.960022 -588.480774 449 377.990387 -596.5 560 380.519226 -595.039978 449 372.5 -591.009644 449 377.990387 -596.5 560 382.920074 -604 560 380.519226 -595.039978 449 380 -604 560 382.920074 -604 449 377.990387 -596.5 449 380 -604 560 380.519226 -612.960022 560 382.920074 -604 449 377.990387 -611.5 560 380.519226 -612.960022 449 380 -604 449 377.990387 -611.5 560 373.960022 -619.519226 560 380.519226 -612.960022 449 372.5 -616.990417 560 373.960022 -619.519226 449 377.990387 -611.5 449 372.5 -616.990417 560 365 -621.920044 560 373.960022 -619.519226 449 365 -619 560 365 -621.920044 449 372.5 -616.990417 449 365 -619 560 356.039978 -619.519226 560 365 -621.920044 449 357.5 -616.990417 560 356.039978 -619.519226 449 365 -619 559.250061 379.770874 -601.027771 559.933044 380.440521 -600.893005 559.591492 379.601746 -608.920471 559.250061 379.770874 -601.027771 559.933044 376.81839 -593.58905 559.933044 380.440521 -600.893005 559.250061 376.305847 -594.040527 559.933044 376.81839 -593.58905 559.250061 379.770874 -601.027771 559.250061 376.305847 -594.040527 559.933044 370.029541 -589.074646 559.933044 376.81839 -593.58905 559.250061 369.811432 -589.721924 559.933044 370.029541 -589.074646 559.250061 376.305847 -594.040527 559.250061 369.811432 -589.721924 559.591492 361.960388 -588.894287 559.933044 370.029541 -589.074646 559.250061 350.721893 -599.188538 559.933044 350.074615 -598.970459 559.591492 354.814758 -592.437927 559.250061 350.721893 -599.188538 559.933044 349.559479 -607.106995 559.933044 350.074615 -598.970459 559.250061 350.229126 -606.972168 559.933044 349.559479 -607.106995 559.250061 350.721893 -599.188538 559.250061 350.229126 -606.972168 559.933044 353.18161 -614.41095 559.933044 349.559479 -607.106995 559.250061 353.694153 -613.959473 559.933044 353.18161 -614.41095 559.250061 350.229126 -606.972168 559.250061 353.694153 -613.959473 559.591492 360.079498 -618.601746 559.933044 353.18161 -614.41095 560 349.480774 -595.039978 559.591492 354.814758 -592.437927 559.933044 350.074615 -598.970459 560 356.039978 -588.480774 559.591492 354.814758 -592.437927 560 349.480774 -595.039978 560 356.039978 -588.480774 559.591492 361.960388 -588.894287 559.591492 354.814758 -592.437927 560 365 -586.079956 559.591492 361.960388 -588.894287 560 356.039978 -588.480774 560 365 -586.079956 559.933044 370.029541 -589.074646 559.591492 361.960388 -588.894287 560 373.960022 -588.480774 559.933044 370.029541 -589.074646 560 365 -586.079956 560 373.960022 -588.480774 559.933044 376.81839 -593.58905 559.933044 370.029541 -589.074646 560 380.519226 -595.039978 559.933044 376.81839 -593.58905 560 373.960022 -588.480774 560 380.519226 -595.039978 559.933044 380.440521 -600.893005 559.933044 376.81839 -593.58905 560 382.920074 -604 559.933044 380.440521 -600.893005 560 380.519226 -595.039978 560 382.920074 -604 559.591492 379.601746 -608.920471 559.933044 380.440521 -600.893005 560 380.519226 -612.960022 559.591492 379.601746 -608.920471 560 382.920074 -604 560 380.519226 -612.960022 559.591492 375.185242 -615.562134 559.591492 379.601746 -608.920471 560 373.960022 -619.519226 559.591492 375.185242 -615.562134 560 380.519226 -612.960022 560 373.960022 -619.519226 559.591492 368.039612 -619.105652 559.591492 375.185242 -615.562134 560 365 -621.920044 559.591492 368.039612 -619.105652 560 373.960022 -619.519226 560 365 -621.920044 559.591492 360.079498 -618.601746 559.591492 368.039612 -619.105652 560 356.039978 -619.519226 559.591492 360.079498 -618.601746 560 365 -621.920044 560 356.039978 -619.519226 559.933044 353.18161 -614.41095 559.591492 360.079498 -618.601746 560 349.480774 -612.960022 559.933044 353.18161 -614.41095 560 356.039978 -619.519226 560 349.480774 -612.960022 559.933044 349.559479 -607.106995 559.933044 353.18161 -614.41095 560 347.079926 -604 559.933044 349.559479 -607.106995 560 349.480774 -612.960022 560 347.079926 -604 559.933044 350.074615 -598.970459 559.933044 349.559479 -607.106995 560 349.480774 -595.039978 559.933044 350.074615 -598.970459 560 347.079926 -604 449 372.5 -616.990417 559.591492 375.185242 -615.562134 559.591492 368.039612 -619.105652 449 377.990387 -611.5 559.591492 375.185242 -615.562134 449 372.5 -616.990417 449 377.990387 -611.5 559.591492 379.601746 -608.920471 559.591492 375.185242 -615.562134 449 380 -604 559.591492 379.601746 -608.920471 449 377.990387 -611.5 449 380 -604 559.250061 379.770874 -601.027771 559.591492 379.601746 -608.920471 449 377.990387 -596.5 559.250061 379.770874 -601.027771 449 380 -604 449 377.990387 -596.5 559.250061 376.305847 -594.040527 559.250061 379.770874 -601.027771 449 372.5 -591.009644 559.250061 376.305847 -594.040527 449 377.990387 -596.5 449 372.5 -591.009644 559.250061 369.811432 -589.721924 559.250061 376.305847 -594.040527 449 365 -589 559.250061 369.811432 -589.721924 449 372.5 -591.009644 449 365 -589 559.591492 361.960388 -588.894287 559.250061 369.811432 -589.721924 449 357.5 -591.009644 559.591492 361.960388 -588.894287 449 365 -589 449 357.5 -591.009644 559.591492 354.814758 -592.437927 559.591492 361.960388 -588.894287 449 352.009613 -596.5 559.591492 354.814758 -592.437927 449 357.5 -591.009644 449 352.009613 -596.5 559.250061 350.721893 -599.188538 559.591492 354.814758 -592.437927 449 350 -604 559.250061 350.721893 -599.188538 449 352.009613 -596.5 449 350 -604 559.250061 350.229126 -606.972168 559.250061 350.721893 -599.188538 449 352.009613 -611.5 559.250061 350.229126 -606.972168 449 350 -604 449 352.009613 -611.5 559.250061 353.694153 -613.959473 559.250061 350.229126 -606.972168 449 357.5 -616.990417 559.250061 353.694153 -613.959473 449 352.009613 -611.5 449 357.5 -616.990417 559.591492 360.079498 -618.601746 559.250061 353.694153 -613.959473 449 365 -619 559.591492 360.079498 -618.601746 449 357.5 -616.990417 449 365 -619 559.591492 368.039612 -619.105652 559.591492 360.079498 -618.601746 449 372.5 -616.990417 559.591492 368.039612 -619.105652 449 365 -619 400 356.462311 -390.462341 400 361.875 -410.662689 400 353.337311 -402.125 400 356.462311 -390.462341 400 373.537689 -407.537689 400 361.875 -410.662689 400 368.125 -387.337341 400 373.537689 -407.537689 400 356.462311 -390.462341 400 368.125 -387.337341 400 376.662689 -395.875 400 373.537689 -407.537689 370 376.662689 -402.125 362.489258 365 -399 370 368.125 -410.662689 370 361.875 -387.337341 362.489258 365 -399 370 373.537689 -390.462341 370 356.462311 -407.537689 362.489258 365 -399 370 353.337311 -395.875 370 373.537689 -390.462341 362.489258 365 -399 370 376.662689 -402.125 370 353.337311 -395.875 362.489258 365 -399 370 361.875 -387.337341 370 368.125 -410.662689 362.489258 365 -399 370 356.462311 -407.537689 400 356.462311 -390.462341 370 353.337311 -395.875 370 361.875 -387.337341 400 353.337311 -402.125 370 353.337311 -395.875 400 356.462311 -390.462341 400 353.337311 -402.125 370 356.462311 -407.537689 370 353.337311 -395.875 400 361.875 -410.662689 370 356.462311 -407.537689 400 353.337311 -402.125 400 361.875 -410.662689 370 368.125 -410.662689 370 356.462311 -407.537689 400 373.537689 -407.537689 370 368.125 -410.662689 400 361.875 -410.662689 400 373.537689 -407.537689 370 376.662689 -402.125 370 368.125 -410.662689 400 376.662689 -395.875 370 376.662689 -402.125 400 373.537689 -407.537689 400 376.662689 -395.875 370 373.537689 -390.462341 370 376.662689 -402.125 400 368.125 -387.337341 370 373.537689 -390.462341 400 376.662689 -395.875 400 368.125 -387.337341 370 361.875 -387.337341 370 373.537689 -390.462341 400 356.462311 -390.462341 370 361.875 -387.337341 400 368.125 -387.337341 370 -376.662689 -600.875 362.489258 -365 -604 370 -368.125 -592.337341 370 -371.975189 -612.95636 362.489258 -365 -604 370 -376.662689 -600.875 370 -368.125 -592.337341 362.489258 -365 -604 370 -358.75 -593.174683 370 -358.75 -593.174683 362.489258 -365 -604 370 -353.337311 -600.875 370 -353.337311 -600.875 362.489258 -365 -604 370 -356.462311 -612.537659 370 -356.462311 -612.537659 362.489258 -365 -604 370 -371.975189 -612.95636 370 -358.75 -593.174683 400 -353.337311 -600.875 400 -361.875 -592.337341 370 -353.337311 -600.875 400 -353.337311 -600.875 370 -358.75 -593.174683 370 -353.337311 -600.875 400 -356.462311 -612.537659 400 -353.337311 -600.875 370 -356.462311 -612.537659 400 -356.462311 -612.537659 370 -353.337311 -600.875 370 -356.462311 -612.537659 400 -368.125 -615.662659 400 -356.462311 -612.537659 370 -371.975189 -612.95636 400 -368.125 -615.662659 370 -356.462311 -612.537659 370 -371.975189 -612.95636 400 -376.662689 -607.125 400 -368.125 -615.662659 370 -376.662689 -600.875 400 -376.662689 -607.125 370 -371.975189 -612.95636 370 -376.662689 -600.875 400 -373.537689 -595.462341 400 -376.662689 -607.125 370 -368.125 -592.337341 400 -373.537689 -595.462341 370 -376.662689 -600.875 370 -368.125 -592.337341 400 -361.875 -592.337341 400 -373.537689 -595.462341 370 -358.75 -593.174683 400 -361.875 -592.337341 370 -368.125 -592.337341 400 -373.537689 -595.462341 400 -368.125 -615.662659 400 -376.662689 -607.125 400 -373.537689 -595.462341 400 -356.462311 -612.537659 400 -368.125 -615.662659 400 -361.875 -592.337341 400 -356.462311 -612.537659 400 -373.537689 -595.462341 400 -361.875 -592.337341 400 -353.337311 -600.875 400 -356.462311 -612.537659 449 350.78537 -394.20993 559.591492 349.894287 -402.039551 559.591492 350.398254 -394.079529 449 350.294769 -401.959015 559.591492 349.894287 -402.039551 449 350.78537 -394.20993 449 350.294769 -401.959015 559.591492 353.437866 -409.185272 559.591492 349.894287 -402.039551 449 353.744385 -408.915222 559.591492 353.437866 -409.185272 449 350.294769 -401.959015 449 353.744385 -408.915222 559.591492 360.079498 -413.601715 559.591492 353.437866 -409.185272 449 360.209961 -413.2146 559.591492 360.079498 -413.601715 449 353.744385 -408.915222 449 360.209961 -413.2146 559.591492 368.039612 -414.105682 559.591492 360.079498 -413.601715 449 367.959015 -413.705261 559.591492 368.039612 -414.105682 449 360.209961 -413.2146 449 367.959015 -413.705261 559.591492 375.185242 -410.562134 559.591492 368.039612 -414.105682 449 374.915192 -410.255615 559.591492 375.185242 -410.562134 449 367.959015 -413.705261 449 374.915192 -410.255615 559.591492 379.601746 -403.920471 559.591492 375.185242 -410.562134 449 379.21463 -403.790039 559.591492 379.601746 -403.920471 449 374.915192 -410.255615 449 379.21463 -403.790039 559.591492 380.105713 -395.960388 559.591492 379.601746 -403.920471 449 379.705231 -396.040985 559.591492 380.105713 -395.960388 449 379.21463 -403.790039 449 379.705231 -396.040985 559.591492 376.562134 -388.814789 559.591492 380.105713 -395.960388 449 376.255615 -389.084808 559.591492 376.562134 -388.814789 449 379.705231 -396.040985 449 376.255615 -389.084808 559.591492 369.920502 -384.398285 559.591492 376.562134 -388.814789 449 369.790039 -384.78537 559.591492 369.920502 -384.398285 449 376.255615 -389.084808 449 369.790039 -384.78537 559.591492 361.960388 -383.894287 559.591492 369.920502 -384.398285 449 362.040985 -384.294739 559.591492 361.960388 -383.894287 449 369.790039 -384.78537 449 362.040985 -384.294739 559.591492 354.814758 -387.437897 559.591492 361.960388 -383.894287 449 355.084808 -387.744415 559.591492 354.814758 -387.437897 449 362.040985 -384.294739 449 355.084808 -387.744415 559.591492 350.398254 -394.079529 559.591492 354.814758 -387.437897 449 350.78537 -394.20993 559.591492 350.398254 -394.079529 449 355.084808 -387.744415 560 349.480774 -390.039978 559.591492 354.814758 -387.437897 559.591492 350.398254 -394.079529 560 356.039978 -383.480804 559.591492 354.814758 -387.437897 560 349.480774 -390.039978 560 356.039978 -383.480804 559.591492 361.960388 -383.894287 559.591492 354.814758 -387.437897 560 365 -381.079956 559.591492 361.960388 -383.894287 560 356.039978 -383.480804 560 365 -381.079956 559.591492 369.920502 -384.398285 559.591492 361.960388 -383.894287 560 373.960022 -383.480804 559.591492 369.920502 -384.398285 560 365 -381.079956 560 373.960022 -383.480804 559.591492 376.562134 -388.814789 559.591492 369.920502 -384.398285 560 380.519226 -390.039978 559.591492 376.562134 -388.814789 560 373.960022 -383.480804 560 380.519226 -390.039978 559.591492 380.105713 -395.960388 559.591492 376.562134 -388.814789 560 382.920074 -399 559.591492 380.105713 -395.960388 560 380.519226 -390.039978 560 382.920074 -399 559.591492 379.601746 -403.920471 559.591492 380.105713 -395.960388 560 380.519226 -407.960022 559.591492 379.601746 -403.920471 560 382.920074 -399 560 380.519226 -407.960022 559.591492 375.185242 -410.562134 559.591492 379.601746 -403.920471 560 373.960022 -414.519226 559.591492 375.185242 -410.562134 560 380.519226 -407.960022 560 373.960022 -414.519226 559.591492 368.039612 -414.105682 559.591492 375.185242 -410.562134 560 365 -416.920044 559.591492 368.039612 -414.105682 560 373.960022 -414.519226 560 365 -416.920044 559.591492 360.079498 -413.601715 559.591492 368.039612 -414.105682 560 356.039978 -414.519226 559.591492 360.079498 -413.601715 560 365 -416.920044 560 356.039978 -414.519226 559.591492 353.437866 -409.185272 559.591492 360.079498 -413.601715 560 349.480774 -407.960022 559.591492 353.437866 -409.185272 560 356.039978 -414.519226 560 349.480774 -407.960022 559.591492 349.894287 -402.039551 559.591492 353.437866 -409.185272 560 347.079926 -399 559.591492 349.894287 -402.039551 560 349.480774 -407.960022 560 347.079926 -399 559.591492 350.398254 -394.079529 559.591492 349.894287 -402.039551 560 349.480774 -390.039978 559.591492 350.398254 -394.079529 560 347.079926 -399 449 362.040985 -384.294739 450 365 -383 450 357 -385.143585 449 369.790039 -384.78537 450 365 -383 449 362.040985 -384.294739 449 369.790039 -384.78537 450 373 -385.143585 450 365 -383 449 376.255615 -389.084808 450 373 -385.143585 449 369.790039 -384.78537 449 379.705231 -396.040985 450 381 -399 449 376.255615 -389.084808 449 379.21463 -403.790039 450 381 -399 449 379.705231 -396.040985 449 367.959015 -413.705261 450 365 -415 449 374.915192 -410.255615 449 360.209961 -413.2146 450 365 -415 449 367.959015 -413.705261 449 360.209961 -413.2146 450 357 -412.856415 450 365 -415 449 353.744385 -408.915222 450 357 -412.856415 449 360.209961 -413.2146 449 355.084808 -387.744415 450 357 -385.143585 449 350.78537 -394.20993 449 362.040985 -384.294739 450 357 -385.143585 449 355.084808 -387.744415 450 357 -412.856415 560 349.480774 -407.960022 560 356.039978 -414.519226 449 353.744385 -408.915222 560 349.480774 -407.960022 450 357 -412.856415 449 353.744385 -408.915222 560 347.079926 -399 560 349.480774 -407.960022 449 350.294769 -401.959015 560 347.079926 -399 449 353.744385 -408.915222 449 350.294769 -401.959015 560 349.480774 -390.039978 560 347.079926 -399 449 350.78537 -394.20993 560 349.480774 -390.039978 449 350.294769 -401.959015 449 350.78537 -394.20993 560 356.039978 -383.480804 560 349.480774 -390.039978 450 357 -385.143585 560 356.039978 -383.480804 449 350.78537 -394.20993 450 357 -385.143585 560 365 -381.079956 560 356.039978 -383.480804 450 365 -383 560 365 -381.079956 450 357 -385.143585 450 365 -383 560 373.960022 -383.480804 560 365 -381.079956 450 373 -385.143585 560 373.960022 -383.480804 450 365 -383 450 373 -385.143585 560 380.519226 -390.039978 560 373.960022 -383.480804 449 376.255615 -389.084808 560 380.519226 -390.039978 450 373 -385.143585 449 376.255615 -389.084808 560 382.920074 -399 560 380.519226 -390.039978 450 381 -399 560 382.920074 -399 449 376.255615 -389.084808 450 381 -399 560 380.519226 -407.960022 560 382.920074 -399 449 379.21463 -403.790039 560 380.519226 -407.960022 450 381 -399 449 379.21463 -403.790039 560 373.960022 -414.519226 560 380.519226 -407.960022 449 374.915192 -410.255615 560 373.960022 -414.519226 449 379.21463 -403.790039 449 374.915192 -410.255615 560 365 -416.920044 560 373.960022 -414.519226 450 365 -415 560 365 -416.920044 449 374.915192 -410.255615 450 365 -415 560 356.039978 -414.519226 560 365 -416.920044 450 357 -412.856415 560 356.039978 -414.519226 450 365 -415 449 -357.5 -591.009644 560 -349.480774 -595.039978 560 -356.039978 -588.480774 449 -352.009613 -596.5 560 -349.480774 -595.039978 449 -357.5 -591.009644 449 -352.009613 -596.5 560 -347.079926 -604 560 -349.480774 -595.039978 449 -350 -604 560 -347.079926 -604 449 -352.009613 -596.5 449 -350 -604 560 -349.480774 -612.960022 560 -347.079926 -604 449 -352.009613 -611.5 560 -349.480774 -612.960022 449 -350 -604 449 -352.009613 -611.5 560 -356.039978 -619.519226 560 -349.480774 -612.960022 449 -357.5 -616.990417 560 -356.039978 -619.519226 449 -352.009613 -611.5 449 -357.5 -616.990417 560 -365 -621.920044 560 -356.039978 -619.519226 449 -365 -619 560 -365 -621.920044 449 -357.5 -616.990417 449 -365 -619 560 -373.960022 -619.519226 560 -365 -621.920044 449 -372.5 -616.990417 560 -373.960022 -619.519226 449 -365 -619 449 -372.5 -616.990417 560 -380.519226 -612.960022 560 -373.960022 -619.519226 449 -377.990387 -611.5 560 -380.519226 -612.960022 449 -372.5 -616.990417 449 -377.990387 -611.5 560 -382.920074 -604 560 -380.519226 -612.960022 449 -380 -604 560 -382.920074 -604 449 -377.990387 -611.5 449 -380 -604 560 -380.519226 -595.039978 560 -382.920074 -604 449 -377.990387 -596.5 560 -380.519226 -595.039978 449 -380 -604 449 -377.990387 -596.5 560 -373.960022 -588.480774 560 -380.519226 -595.039978 449 -372.5 -591.009644 560 -373.960022 -588.480774 449 -377.990387 -596.5 449 -372.5 -591.009644 560 -365 -586.079956 560 -373.960022 -588.480774 449 -365 -589 560 -365 -586.079956 449 -372.5 -591.009644 449 -365 -589 560 -356.039978 -588.480774 560 -365 -586.079956 449 -357.5 -591.009644 560 -356.039978 -588.480774 449 -365 -589 559.250061 -350.721893 -608.811401 559.933044 -350.074615 -609.029541 559.591492 -354.814758 -615.562134 559.250061 -350.721893 -608.811401 559.591492 -349.894287 -600.960388 559.933044 -350.074615 -609.029541 559.250061 -360.188568 -589.721924 559.933044 -359.970459 -589.074646 559.591492 -353.437866 -593.814758 559.250061 -360.188568 -589.721924 559.933044 -368.106964 -588.559509 559.933044 -359.970459 -589.074646 559.250061 -367.97226 -589.229065 559.933044 -368.106964 -588.559509 559.250061 -360.188568 -589.721924 559.250061 -367.97226 -589.229065 559.591492 -375.185242 -592.437927 559.933044 -368.106964 -588.559509 559.250061 -379.278107 -599.188538 559.933044 -379.925385 -598.970459 559.591492 -375.185242 -592.437927 559.250061 -379.278107 -599.188538 559.933044 -380.440521 -607.106995 559.933044 -379.925385 -598.970459 559.250061 -379.770874 -606.972168 559.933044 -380.440521 -607.106995 559.250061 -379.278107 -599.188538 559.250061 -379.770874 -606.972168 559.933044 -376.81839 -614.41095 559.933044 -380.440521 -607.106995 559.250061 -376.305847 -613.959473 559.933044 -376.81839 -614.41095 559.250061 -379.770874 -606.972168 559.250061 -376.305847 -613.959473 559.591492 -369.920502 -618.601746 559.933044 -376.81839 -614.41095 560 -380.519226 -595.039978 559.591492 -375.185242 -592.437927 559.933044 -379.925385 -598.970459 560 -373.960022 -588.480774 559.591492 -375.185242 -592.437927 560 -380.519226 -595.039978 560 -373.960022 -588.480774 559.933044 -368.106964 -588.559509 559.591492 -375.185242 -592.437927 560 -365 -586.079956 559.933044 -368.106964 -588.559509 560 -373.960022 -588.480774 560 -365 -586.079956 559.933044 -359.970459 -589.074646 559.933044 -368.106964 -588.559509 560 -356.039978 -588.480774 559.933044 -359.970459 -589.074646 560 -365 -586.079956 560 -356.039978 -588.480774 559.591492 -353.437866 -593.814758 559.933044 -359.970459 -589.074646 560 -349.480774 -595.039978 559.591492 -353.437866 -593.814758 560 -356.039978 -588.480774 560 -349.480774 -595.039978 559.591492 -349.894287 -600.960388 559.591492 -353.437866 -593.814758 560 -347.079926 -604 559.591492 -349.894287 -600.960388 560 -349.480774 -595.039978 560 -347.079926 -604 559.933044 -350.074615 -609.029541 559.591492 -349.894287 -600.960388 560 -349.480774 -612.960022 559.933044 -350.074615 -609.029541 560 -347.079926 -604 560 -349.480774 -612.960022 559.591492 -354.814758 -615.562134 559.933044 -350.074615 -609.029541 560 -356.039978 -619.519226 559.591492 -354.814758 -615.562134 560 -349.480774 -612.960022 560 -356.039978 -619.519226 559.591492 -361.960388 -619.105652 559.591492 -354.814758 -615.562134 560 -365 -621.920044 559.591492 -361.960388 -619.105652 560 -356.039978 -619.519226 560 -365 -621.920044 559.591492 -369.920502 -618.601746 559.591492 -361.960388 -619.105652 560 -373.960022 -619.519226 559.591492 -369.920502 -618.601746 560 -365 -621.920044 560 -373.960022 -619.519226 559.933044 -376.81839 -614.41095 559.591492 -369.920502 -618.601746 560 -380.519226 -612.960022 559.933044 -376.81839 -614.41095 560 -373.960022 -619.519226 560 -380.519226 -612.960022 559.933044 -380.440521 -607.106995 559.933044 -376.81839 -614.41095 560 -382.920074 -604 559.933044 -380.440521 -607.106995 560 -380.519226 -612.960022 560 -382.920074 -604 559.933044 -379.925385 -598.970459 559.933044 -380.440521 -607.106995 560 -380.519226 -595.039978 559.933044 -379.925385 -598.970459 560 -382.920074 -604 449 -372.5 -591.009644 559.591492 -375.185242 -592.437927 559.250061 -367.97226 -589.229065 449 -377.990387 -596.5 559.591492 -375.185242 -592.437927 449 -372.5 -591.009644 449 -377.990387 -596.5 559.250061 -379.278107 -599.188538 559.591492 -375.185242 -592.437927 449 -380 -604 559.250061 -379.278107 -599.188538 449 -377.990387 -596.5 449 -380 -604 559.250061 -379.770874 -606.972168 559.250061 -379.278107 -599.188538 449 -377.990387 -611.5 559.250061 -379.770874 -606.972168 449 -380 -604 449 -377.990387 -611.5 559.250061 -376.305847 -613.959473 559.250061 -379.770874 -606.972168 449 -372.5 -616.990417 559.250061 -376.305847 -613.959473 449 -377.990387 -611.5 449 -372.5 -616.990417 559.591492 -369.920502 -618.601746 559.250061 -376.305847 -613.959473 449 -365 -619 559.591492 -369.920502 -618.601746 449 -372.5 -616.990417 449 -365 -619 559.591492 -361.960388 -619.105652 559.591492 -369.920502 -618.601746 449 -357.5 -616.990417 559.591492 -361.960388 -619.105652 449 -365 -619 449 -357.5 -616.990417 559.591492 -354.814758 -615.562134 559.591492 -361.960388 -619.105652 449 -352.009613 -611.5 559.591492 -354.814758 -615.562134 449 -357.5 -616.990417 449 -352.009613 -611.5 559.250061 -350.721893 -608.811401 559.591492 -354.814758 -615.562134 449 -350 -604 559.250061 -350.721893 -608.811401 449 -352.009613 -611.5 449 -350 -604 559.591492 -349.894287 -600.960388 559.250061 -350.721893 -608.811401 449 -352.009613 -596.5 559.591492 -349.894287 -600.960388 449 -350 -604 449 -352.009613 -596.5 559.591492 -353.437866 -593.814758 559.591492 -349.894287 -600.960388 449 -357.5 -591.009644 559.591492 -353.437866 -593.814758 449 -352.009613 -596.5 449 -357.5 -591.009644 559.250061 -360.188568 -589.721924 559.591492 -353.437866 -593.814758 449 -365 -589 559.250061 -360.188568 -589.721924 449 -357.5 -591.009644 449 -365 -589 559.250061 -367.97226 -589.229065 559.250061 -360.188568 -589.721924 449 -372.5 -591.009644 559.250061 -367.97226 -589.229065 449 -365 -589 400 -373.537689 -390.462341 400 -368.125 -410.662689 400 -376.662689 -402.125 400 -373.537689 -390.462341 400 -356.462311 -407.537689 400 -368.125 -410.662689 400 -361.875 -387.337341 400 -356.462311 -407.537689 400 -373.537689 -390.462341 400 -361.875 -387.337341 400 -353.337311 -395.875 400 -356.462311 -407.537689 370 -376.662689 -395.875 362.489258 -365 -399 370 -368.125 -387.337341 370 -360.731171 -409.51886 362.489258 -365 -399 370 -373.537689 -407.537689 370 -356.462311 -390.462341 362.489258 -365 -399 370 -352.5 -399 370 -373.537689 -407.537689 362.489258 -365 -399 370 -376.662689 -395.875 370 -368.125 -387.337341 362.489258 -365 -399 370 -356.462311 -390.462341 370 -352.5 -399 362.489258 -365 -399 370 -360.731171 -409.51886 370 -356.462311 -390.462341 400 -353.337311 -395.875 400 -361.875 -387.337341 370 -352.5 -399 400 -353.337311 -395.875 370 -356.462311 -390.462341 370 -352.5 -399 400 -356.462311 -407.537689 400 -353.337311 -395.875 370 -360.731171 -409.51886 400 -356.462311 -407.537689 370 -352.5 -399 370 -360.731171 -409.51886 400 -368.125 -410.662689 400 -356.462311 -407.537689 370 -373.537689 -407.537689 400 -368.125 -410.662689 370 -360.731171 -409.51886 370 -373.537689 -407.537689 400 -376.662689 -402.125 400 -368.125 -410.662689 370 -376.662689 -395.875 400 -376.662689 -402.125 370 -373.537689 -407.537689 370 -376.662689 -395.875 400 -373.537689 -390.462341 400 -376.662689 -402.125 370 -368.125 -387.337341 400 -373.537689 -390.462341 370 -376.662689 -395.875 370 -368.125 -387.337341 400 -361.875 -387.337341 400 -373.537689 -390.462341 370 -356.462311 -390.462341 400 -361.875 -387.337341 370 -368.125 -387.337341 592.116028 -163.258331 -583.5 588.763672 -164.742813 -578.810303 592.116028 -165 -577 592.116028 -163.258331 -583.5 588.763672 -161.797516 -585.346558 588.763672 -164.742813 -578.810303 592.116028 -155.25 -589.129211 588.763672 -161.797516 -585.346558 592.116028 -163.258331 -583.5 592.116028 -155.25 -589.129211 588.763672 -157.558807 -588.751587 588.763672 -161.797516 -585.346558 592.116028 -155.25 -589.129211 588.763672 -151.355164 -589.630188 588.763672 -157.558807 -588.751587 592.116028 -145.5 -588.258301 588.763672 -151.355164 -589.630188 592.116028 -155.25 -589.129211 592.116028 -145.5 -588.258301 588.763672 -143.753891 -587.049927 588.763672 -151.355164 -589.630188 592.116028 -140.741669 -583.5 588.763672 -143.753891 -587.049927 592.116028 -145.5 -588.258301 592.116028 -140.741669 -583.5 588.763672 -140.306946 -581.81781 588.763672 -143.753891 -587.049927 592.116028 -139 -577 588.763672 -140.306946 -581.81781 592.116028 -140.741669 -583.5 592.116028 -139 -577 588.763672 -139.38913 -573.84314 588.763672 -140.306946 -581.81781 592.116028 -140.741669 -570.5 588.763672 -139.38913 -573.84314 592.116028 -139 -577 592.116028 -140.741669 -570.5 588.763672 -141.900803 -569.021057 588.763672 -139.38913 -573.84314 592.116028 -145.5 -565.741638 588.763672 -141.900803 -569.021057 592.116028 -140.741669 -570.5 592.116028 -145.5 -565.741638 588.763672 -146.010834 -565.461792 588.763672 -141.900803 -569.021057 592.116028 -145.5 -565.741638 588.763672 -149.461288 -564.250305 588.763672 -146.010834 -565.461792 592.116028 -155.25 -564.87085 588.763672 -149.461288 -564.250305 592.116028 -145.5 -565.741638 592.116028 -155.25 -564.87085 588.763672 -155.15686 -564.389099 588.763672 -149.461288 -564.250305 592.116028 -155.25 -564.87085 588.763672 -160.246109 -566.950012 588.763672 -155.15686 -564.389099 592.116028 -163.258331 -570.5 588.763672 -160.246109 -566.950012 592.116028 -155.25 -564.87085 592.116028 -163.258331 -570.5 588.763672 -163.751587 -571.441223 588.763672 -160.246109 -566.950012 592.116028 -165 -577 588.763672 -163.751587 -571.441223 592.116028 -163.258331 -570.5 592.116028 -165 -577 588.763672 -164.742813 -578.810303 588.763672 -163.751587 -571.441223 588.763672 -161.420715 -585.025574 592.116028 -163.258331 -583.5 588.763672 -163.776154 -575.197815 588.763672 -145.573578 -587.576355 592.116028 -145.5 -588.258301 588.763672 -154.786819 -588.836609 588.763672 -145.573578 -587.576355 592.116028 -140.741669 -583.5 592.116028 -145.5 -588.258301 588.763672 -140.912415 -582.49762 592.116028 -140.741669 -583.5 588.763672 -145.573578 -587.576355 588.763672 -140.912415 -582.49762 592.116028 -139 -577 592.116028 -140.741669 -583.5 588.763672 -139.69136 -575.713196 592.116028 -139 -577 588.763672 -140.912415 -582.49762 592.116028 -140.741669 -570.5 588.763672 -139.69136 -575.713196 588.763672 -144.265213 -567.61676 592.116028 -139 -577 588.763672 -139.69136 -575.713196 592.116028 -140.741669 -570.5 592.116028 -163.258331 -570.5 588.763672 -159.928955 -567.336548 588.763672 -163.776154 -575.197815 592.116028 -155.25 -564.87085 588.763672 -159.928955 -567.336548 592.116028 -163.258331 -570.5 592.116028 -155.25 -564.87085 588.763672 -152.29718 -564.807434 588.763672 -159.928955 -567.336548 592.116028 -145.5 -565.741638 588.763672 -152.29718 -564.807434 592.116028 -155.25 -564.87085 592.116028 -145.5 -565.741638 588.763672 -144.265213 -567.61676 588.763672 -152.29718 -564.807434 592.116028 -140.741669 -570.5 588.763672 -144.265213 -567.61676 592.116028 -145.5 -565.741638 592.116028 -155.25 -589.129211 588.763672 -154.786819 -588.836609 592.116028 -145.5 -588.258301 592.116028 -155.25 -589.129211 588.763672 -161.420715 -585.025574 588.763672 -154.786819 -588.836609 592.116028 -163.258331 -583.5 588.763672 -161.420715 -585.025574 592.116028 -155.25 -589.129211 592.116028 -165 -577 588.763672 -163.776154 -575.197815 592.116028 -163.258331 -583.5 592.116028 -163.258331 -570.5 588.763672 -163.776154 -575.197815 592.116028 -165 -577 588.763672 -163.776154 -575.197815 588.763672 -160.246109 -566.950012 588.763672 -163.751587 -571.441223 588.763672 -159.928955 -567.336548 588.763672 -160.246109 -566.950012 588.763672 -163.776154 -575.197815 588.763672 -159.928955 -567.336548 588.763672 -155.15686 -564.389099 588.763672 -160.246109 -566.950012 588.763672 -152.29718 -564.807434 588.763672 -155.15686 -564.389099 588.763672 -159.928955 -567.336548 588.763672 -152.29718 -564.807434 588.763672 -149.461288 -564.250305 588.763672 -155.15686 -564.389099 588.763672 -144.265213 -567.61676 588.763672 -149.461288 -564.250305 588.763672 -152.29718 -564.807434 588.763672 -144.265213 -567.61676 588.763672 -146.010834 -565.461792 588.763672 -149.461288 -564.250305 588.763672 -144.265213 -567.61676 588.763672 -141.900803 -569.021057 588.763672 -146.010834 -565.461792 588.763672 -139.69136 -575.713196 588.763672 -141.900803 -569.021057 588.763672 -144.265213 -567.61676 588.763672 -139.69136 -575.713196 588.763672 -139.38913 -573.84314 588.763672 -141.900803 -569.021057 588.763672 -139.69136 -575.713196 588.763672 -140.306946 -581.81781 588.763672 -139.38913 -573.84314 588.763672 -140.912415 -582.49762 588.763672 -140.306946 -581.81781 588.763672 -139.69136 -575.713196 588.763672 -140.912415 -582.49762 588.763672 -143.753891 -587.049927 588.763672 -140.306946 -581.81781 588.763672 -145.573578 -587.576355 588.763672 -143.753891 -587.049927 588.763672 -140.912415 -582.49762 588.763672 -145.573578 -587.576355 588.763672 -151.355164 -589.630188 588.763672 -143.753891 -587.049927 588.763672 -154.786819 -588.836609 588.763672 -151.355164 -589.630188 588.763672 -145.573578 -587.576355 588.763672 -154.786819 -588.836609 588.763672 -157.558807 -588.751587 588.763672 -151.355164 -589.630188 588.763672 -161.420715 -585.025574 588.763672 -157.558807 -588.751587 588.763672 -154.786819 -588.836609 588.763672 -161.420715 -585.025574 588.763672 -161.797516 -585.346558 588.763672 -157.558807 -588.751587 588.763672 -163.776154 -575.197815 588.763672 -161.797516 -585.346558 588.763672 -161.420715 -585.025574 588.763672 -163.776154 -575.197815 588.763672 -164.742813 -578.810303 588.763672 -161.797516 -585.346558 588.763672 -163.751587 -571.441223 588.763672 -164.742813 -578.810303 588.763672 -163.776154 -575.197815 449 -379.21463 -394.20993 559.591492 -380.105713 -402.039551 559.591492 -379.601746 -394.079529 449 -379.705231 -401.959015 559.591492 -380.105713 -402.039551 449 -379.21463 -394.20993 449 -379.705231 -401.959015 559.591492 -376.562134 -409.185272 559.591492 -380.105713 -402.039551 449 -376.255615 -408.915222 559.591492 -376.562134 -409.185272 449 -379.705231 -401.959015 449 -376.255615 -408.915222 559.591492 -369.920502 -413.601715 559.591492 -376.562134 -409.185272 449 -369.790039 -413.2146 559.591492 -369.920502 -413.601715 449 -376.255615 -408.915222 449 -369.790039 -413.2146 559.591492 -361.960388 -414.105682 559.591492 -369.920502 -413.601715 449 -362.040985 -413.705261 559.591492 -361.960388 -414.105682 449 -369.790039 -413.2146 449 -362.040985 -413.705261 559.591492 -354.814758 -410.562134 559.591492 -361.960388 -414.105682 449 -355.084808 -410.255615 559.591492 -354.814758 -410.562134 449 -362.040985 -413.705261 449 -355.084808 -410.255615 559.591492 -350.398254 -403.920471 559.591492 -354.814758 -410.562134 449 -350.78537 -403.790039 559.591492 -350.398254 -403.920471 449 -355.084808 -410.255615 449 -350.78537 -403.790039 559.591492 -349.894287 -395.960388 559.591492 -350.398254 -403.920471 449 -350.294769 -396.040985 559.591492 -349.894287 -395.960388 449 -350.78537 -403.790039 449 -350.294769 -396.040985 559.591492 -353.437866 -388.814789 559.591492 -349.894287 -395.960388 449 -353.744385 -389.084808 559.591492 -353.437866 -388.814789 449 -350.294769 -396.040985 449 -353.744385 -389.084808 559.591492 -360.079498 -384.398285 559.591492 -353.437866 -388.814789 449 -360.209961 -384.78537 559.591492 -360.079498 -384.398285 449 -353.744385 -389.084808 449 -360.209961 -384.78537 559.591492 -368.039612 -383.894287 559.591492 -360.079498 -384.398285 449 -367.959015 -384.294739 559.591492 -368.039612 -383.894287 449 -360.209961 -384.78537 449 -367.959015 -384.294739 559.591492 -375.185242 -387.437897 559.591492 -368.039612 -383.894287 449 -374.915192 -387.744415 559.591492 -375.185242 -387.437897 449 -367.959015 -384.294739 449 -374.915192 -387.744415 559.591492 -379.601746 -394.079529 559.591492 -375.185242 -387.437897 449 -379.21463 -394.20993 559.591492 -379.601746 -394.079529 449 -374.915192 -387.744415 560 -380.519226 -390.039978 559.591492 -375.185242 -387.437897 559.591492 -379.601746 -394.079529 560 -373.960022 -383.480804 559.591492 -375.185242 -387.437897 560 -380.519226 -390.039978 560 -373.960022 -383.480804 559.591492 -368.039612 -383.894287 559.591492 -375.185242 -387.437897 560 -365 -381.079956 559.591492 -368.039612 -383.894287 560 -373.960022 -383.480804 560 -365 -381.079956 559.591492 -360.079498 -384.398285 559.591492 -368.039612 -383.894287 560 -356.039978 -383.480804 559.591492 -360.079498 -384.398285 560 -365 -381.079956 560 -356.039978 -383.480804 559.591492 -353.437866 -388.814789 559.591492 -360.079498 -384.398285 560 -349.480774 -390.039978 559.591492 -353.437866 -388.814789 560 -356.039978 -383.480804 560 -349.480774 -390.039978 559.591492 -349.894287 -395.960388 559.591492 -353.437866 -388.814789 560 -347.079926 -399 559.591492 -349.894287 -395.960388 560 -349.480774 -390.039978 560 -347.079926 -399 559.591492 -350.398254 -403.920471 559.591492 -349.894287 -395.960388 560 -349.480774 -407.960022 559.591492 -350.398254 -403.920471 560 -347.079926 -399 560 -349.480774 -407.960022 559.591492 -354.814758 -410.562134 559.591492 -350.398254 -403.920471 560 -356.039978 -414.519226 559.591492 -354.814758 -410.562134 560 -349.480774 -407.960022 560 -356.039978 -414.519226 559.591492 -361.960388 -414.105682 559.591492 -354.814758 -410.562134 560 -365 -416.920044 559.591492 -361.960388 -414.105682 560 -356.039978 -414.519226 560 -365 -416.920044 559.591492 -369.920502 -413.601715 559.591492 -361.960388 -414.105682 560 -373.960022 -414.519226 559.591492 -369.920502 -413.601715 560 -365 -416.920044 560 -373.960022 -414.519226 559.591492 -376.562134 -409.185272 559.591492 -369.920502 -413.601715 560 -380.519226 -407.960022 559.591492 -376.562134 -409.185272 560 -373.960022 -414.519226 560 -380.519226 -407.960022 559.591492 -380.105713 -402.039551 559.591492 -376.562134 -409.185272 560 -382.920074 -399 559.591492 -380.105713 -402.039551 560 -380.519226 -407.960022 560 -382.920074 -399 559.591492 -379.601746 -394.079529 559.591492 -380.105713 -402.039551 560 -380.519226 -390.039978 559.591492 -379.601746 -394.079529 560 -382.920074 -399 449 -367.959015 -384.294739 450 -365 -383 450 -373 -385.143585 449 -360.209961 -384.78537 450 -365 -383 449 -367.959015 -384.294739 449 -353.744385 -389.084808 450 -351.143616 -391 449 -360.209961 -384.78537 449 -350.294769 -396.040985 450 -351.143616 -391 449 -353.744385 -389.084808 449 -350.294769 -396.040985 450 -349 -399 450 -351.143616 -391 449 -350.78537 -403.790039 450 -349 -399 449 -350.294769 -396.040985 449 -369.790039 -413.2146 450 -373 -412.856415 449 -362.040985 -413.705261 449 -376.255615 -408.915222 450 -373 -412.856415 449 -369.790039 -413.2146 449 -379.705231 -401.959015 450 -381 -399 449 -376.255615 -408.915222 449 -379.21463 -394.20993 450 -381 -399 449 -379.705231 -401.959015 449 -374.915192 -387.744415 450 -373 -385.143585 449 -379.21463 -394.20993 449 -367.959015 -384.294739 450 -373 -385.143585 449 -374.915192 -387.744415 449 -360.209961 -384.78537 560 -349.480774 -390.039978 560 -356.039978 -383.480804 450 -351.143616 -391 560 -349.480774 -390.039978 449 -360.209961 -384.78537 450 -351.143616 -391 560 -347.079926 -399 560 -349.480774 -390.039978 450 -349 -399 560 -347.079926 -399 450 -351.143616 -391 450 -349 -399 560 -349.480774 -407.960022 560 -347.079926 -399 449 -350.78537 -403.790039 560 -349.480774 -407.960022 450 -349 -399 449 -350.78537 -403.790039 560 -356.039978 -414.519226 560 -349.480774 -407.960022 449 -355.084808 -410.255615 560 -356.039978 -414.519226 449 -350.78537 -403.790039 449 -355.084808 -410.255615 560 -365 -416.920044 560 -356.039978 -414.519226 449 -362.040985 -413.705261 560 -365 -416.920044 449 -355.084808 -410.255615 449 -362.040985 -413.705261 560 -373.960022 -414.519226 560 -365 -416.920044 450 -373 -412.856415 560 -373.960022 -414.519226 449 -362.040985 -413.705261 450 -373 -412.856415 560 -380.519226 -407.960022 560 -373.960022 -414.519226 449 -376.255615 -408.915222 560 -380.519226 -407.960022 450 -373 -412.856415 449 -376.255615 -408.915222 560 -382.920074 -399 560 -380.519226 -407.960022 450 -381 -399 560 -382.920074 -399 449 -376.255615 -408.915222 450 -381 -399 560 -380.519226 -390.039978 560 -382.920074 -399 449 -379.21463 -394.20993 560 -380.519226 -390.039978 450 -381 -399 449 -379.21463 -394.20993 560 -373.960022 -383.480804 560 -380.519226 -390.039978 450 -373 -385.143585 560 -373.960022 -383.480804 449 -379.21463 -394.20993 450 -373 -385.143585 560 -365 -381.079956 560 -373.960022 -383.480804 450 -365 -383 560 -365 -381.079956 450 -373 -385.143585 450 -365 -383 560 -356.039978 -383.480804 560 -365 -381.079956 449 -360.209961 -384.78537 560 -356.039978 -383.480804 450 -365 -383 593.527405 -163.899796 -574.327515 593.527405 -157.701477 -565.669556 593.527405 -163.751587 -571.441223 593.527405 -157.482193 -566.105347 593.527405 -157.701477 -565.669556 593.527405 -163.899796 -574.327515 593.527405 -157.482193 -566.105347 593.527405 -149.461288 -564.250305 593.527405 -157.701477 -565.669556 593.527405 -147.900055 -565.32312 593.527405 -149.461288 -564.250305 593.527405 -157.482193 -566.105347 593.527405 -147.900055 -565.32312 593.527405 -144.522598 -566.524109 593.527405 -149.461288 -564.250305 593.527405 -142.289246 -569.327942 593.527405 -144.522598 -566.524109 593.527405 -147.900055 -565.32312 593.527405 -142.289246 -569.327942 593.527405 -140.767288 -570.455811 593.527405 -144.522598 -566.524109 593.527405 -139.69136 -575.713196 593.527405 -140.767288 -570.455811 593.527405 -142.289246 -569.327942 593.527405 -139.69136 -575.713196 593.527405 -139.19899 -575.661682 593.527405 -140.767288 -570.455811 593.527405 -140.912415 -582.49762 593.527405 -139.19899 -575.661682 593.527405 -139.69136 -575.713196 593.527405 -140.912415 -582.49762 593.527405 -140.468903 -582.717529 593.527405 -139.19899 -575.661682 593.527405 -140.912415 -582.49762 593.527405 -145.316513 -587.99939 593.527405 -140.468903 -582.717529 593.527405 -145.573578 -587.576355 593.527405 -145.316513 -587.99939 593.527405 -140.912415 -582.49762 593.527405 -145.573578 -587.576355 593.527405 -152.237793 -589.86853 593.527405 -145.316513 -587.99939 593.527405 -155.520706 -588.352722 593.527405 -152.237793 -589.86853 593.527405 -145.573578 -587.576355 593.527405 -155.520706 -588.352722 593.527405 -159.678162 -587.049072 593.527405 -152.237793 -589.86853 593.527405 -163.283112 -582.08429 593.527405 -159.678162 -587.049072 593.527405 -155.520706 -588.352722 593.527405 -163.283112 -582.08429 593.527405 -164.485641 -580.620605 593.527405 -159.678162 -587.049072 593.527405 -163.899796 -574.327515 593.527405 -164.485641 -580.620605 593.527405 -163.283112 -582.08429 593.527405 -163.899796 -574.327515 593.527405 -165 -577 593.527405 -164.485641 -580.620605 593.527405 -163.751587 -571.441223 593.527405 -165 -577 593.527405 -163.899796 -574.327515 596 -162.8367 -581.883118 596 -161.797516 -585.346558 596 -164.485641 -580.620605 596 -162.8367 -581.883118 596 -153.110992 -589.597778 596 -161.797516 -585.346558 596 -153.068268 -589.11322 596 -153.110992 -589.597778 596 -162.8367 -581.883118 596 -145.573578 -587.576355 596 -153.110992 -589.597778 596 -153.068268 -589.11322 596 -145.573578 -587.576355 596 -145.316513 -587.99939 596 -153.110992 -589.597778 596 -140.30188 -579.105408 596 -145.316513 -587.99939 596 -145.573578 -587.576355 596 -140.30188 -579.105408 596 -140.468903 -582.717529 596 -145.316513 -587.99939 596 -140.30188 -579.105408 596 -139.19899 -575.661682 596 -140.468903 -582.717529 596 -140.30188 -579.105408 596 -140.767288 -570.455811 596 -139.19899 -575.661682 596 -142.289246 -569.327942 596 -140.767288 -570.455811 596 -140.30188 -579.105408 596 -142.289246 -569.327942 596 -144.522598 -566.524109 596 -140.767288 -570.455811 596 -151.467743 -565.098633 596 -144.522598 -566.524109 596 -142.289246 -569.327942 596 -151.467743 -565.098633 596 -149.461288 -564.250305 596 -144.522598 -566.524109 596 -151.467743 -565.098633 596 -155.15686 -564.389099 596 -149.461288 -564.250305 596 -161.614258 -569.495789 596 -155.15686 -564.389099 596 -151.467743 -565.098633 596 -161.614258 -569.495789 596 -160.246109 -566.950012 596 -155.15686 -564.389099 596 -161.614258 -569.495789 596 -164.375793 -574.220581 596 -160.246109 -566.950012 596 -162.8367 -581.883118 596 -164.375793 -574.220581 596 -161.614258 -569.495789 596 -164.485641 -580.620605 596 -164.375793 -574.220581 596 -162.8367 -581.883118 593.527405 -157.482193 -566.105347 596 -161.614258 -569.495789 596 -151.467743 -565.098633 593.527405 -163.899796 -574.327515 596 -161.614258 -569.495789 593.527405 -157.482193 -566.105347 596 -162.8367 -581.883118 596 -161.614258 -569.495789 593.527405 -163.899796 -574.327515 596 -162.8367 -581.883118 593.527405 -163.899796 -574.327515 593.527405 -163.283112 -582.08429 593.527405 -155.520706 -588.352722 596 -162.8367 -581.883118 593.527405 -163.283112 -582.08429 596 -162.8367 -581.883118 593.527405 -155.520706 -588.352722 596 -153.068268 -589.11322 593.527405 -145.573578 -587.576355 596 -153.068268 -589.11322 593.527405 -155.520706 -588.352722 596 -145.573578 -587.576355 596 -153.068268 -589.11322 593.527405 -145.573578 -587.576355 596 -145.573578 -587.576355 593.527405 -145.573578 -587.576355 593.527405 -140.912415 -582.49762 593.527405 -140.912415 -582.49762 596 -140.30188 -579.105408 596 -145.573578 -587.576355 593.527405 -139.69136 -575.713196 596 -140.30188 -579.105408 593.527405 -140.912415 -582.49762 596 -140.30188 -579.105408 593.527405 -139.69136 -575.713196 593.527405 -142.289246 -569.327942 593.527405 -142.289246 -569.327942 596 -142.289246 -569.327942 596 -140.30188 -579.105408 593.527405 -147.900055 -565.32312 596 -142.289246 -569.327942 593.527405 -142.289246 -569.327942 596 -151.467743 -565.098633 596 -142.289246 -569.327942 593.527405 -147.900055 -565.32312 596 -151.467743 -565.098633 593.527405 -147.900055 -565.32312 593.527405 -157.482193 -566.105347 593.527405 -159.678162 -587.049072 593.527405 -164.485641 -580.620605 596 -161.797516 -585.346558 593.527405 -159.678162 -587.049072 596 -161.797516 -585.346558 596 -153.110992 -589.597778 596 -153.110992 -589.597778 593.527405 -152.237793 -589.86853 593.527405 -159.678162 -587.049072 593.527405 -145.316513 -587.99939 596 -153.110992 -589.597778 596 -145.316513 -587.99939 593.527405 -152.237793 -589.86853 596 -153.110992 -589.597778 593.527405 -145.316513 -587.99939 596 -145.316513 -587.99939 593.527405 -140.468903 -582.717529 593.527405 -145.316513 -587.99939 596 -140.468903 -582.717529 593.527405 -140.468903 -582.717529 596 -145.316513 -587.99939 593.527405 -139.19899 -575.661682 596 -140.468903 -582.717529 596 -139.19899 -575.661682 593.527405 -140.468903 -582.717529 596 -140.468903 -582.717529 593.527405 -139.19899 -575.661682 596 -139.19899 -575.661682 593.527405 -140.767288 -570.455811 593.527405 -139.19899 -575.661682 596 -140.767288 -570.455811 593.527405 -140.767288 -570.455811 596 -139.19899 -575.661682 593.527405 -144.522598 -566.524109 596 -140.767288 -570.455811 596 -144.522598 -566.524109 593.527405 -140.767288 -570.455811 596 -140.767288 -570.455811 593.527405 -144.522598 -566.524109 596 -144.522598 -566.524109 593.527405 -149.461288 -564.250305 593.527405 -144.522598 -566.524109 596 -149.461288 -564.250305 593.527405 -149.461288 -564.250305 596 -144.522598 -566.524109 596 -155.15686 -564.389099 593.527405 -149.461288 -564.250305 596 -149.461288 -564.250305 596 -155.15686 -564.389099 593.527405 -157.701477 -565.669556 593.527405 -149.461288 -564.250305 596 -160.246109 -566.950012 593.527405 -157.701477 -565.669556 596 -155.15686 -564.389099 596 -164.375793 -574.220581 593.527405 -157.701477 -565.669556 596 -160.246109 -566.950012 593.527405 -163.751587 -571.441223 593.527405 -157.701477 -565.669556 596 -164.375793 -574.220581 593.527405 -164.485641 -580.620605 596 -164.485641 -580.620605 596 -161.797516 -585.346558 593.527405 -164.485641 -580.620605 596 -164.375793 -574.220581 596 -164.485641 -580.620605 593.527405 -165 -577 596 -164.375793 -574.220581 593.527405 -164.485641 -580.620605 593.527405 -163.751587 -571.441223 596 -164.375793 -574.220581 593.527405 -165 -577 588.763672 -257.614288 -569.495789 588.763672 -257.99884 -569.195618 588.763672 -260.252716 -578.740662 588.763672 -257.614288 -569.495789 588.763672 -251.15686 -564.389099 588.763672 -257.99884 -569.195618 588.763672 -251.035446 -564.874146 588.763672 -251.15686 -564.389099 588.763672 -257.614288 -569.495789 588.763672 -251.035446 -564.874146 588.763672 -245.461288 -564.250305 588.763672 -251.15686 -564.389099 588.763672 -243.90007 -565.32312 588.763672 -245.461288 -564.250305 588.763672 -251.035446 -564.874146 588.763672 -243.90007 -565.32312 588.763672 -242.010834 -565.461792 588.763672 -245.461288 -564.250305 588.763672 -238.289261 -569.327942 588.763672 -242.010834 -565.461792 588.763672 -243.90007 -565.32312 588.763672 -238.289261 -569.327942 588.763672 -237.900803 -569.021057 588.763672 -242.010834 -565.461792 588.763672 -236.30188 -579.105408 588.763672 -237.900803 -569.021057 588.763672 -238.289261 -569.327942 588.763672 -236.30188 -579.105408 588.763672 -235.19899 -575.661682 588.763672 -237.900803 -569.021057 588.763672 -236.30188 -579.105408 588.763672 -236.468887 -582.717529 588.763672 -235.19899 -575.661682 588.763672 -236.30188 -579.105408 588.763672 -241.316528 -587.99939 588.763672 -236.468887 -582.717529 588.763672 -241.573563 -587.576355 588.763672 -241.316528 -587.99939 588.763672 -236.30188 -579.105408 588.763672 -241.573563 -587.576355 588.763672 -250.8983 -589.310059 588.763672 -241.316528 -587.99939 588.763672 -250.786819 -588.836609 588.763672 -250.8983 -589.310059 588.763672 -241.573563 -587.576355 588.763672 -257.420685 -585.025574 588.763672 -250.8983 -589.310059 588.763672 -250.786819 -588.836609 588.763672 -257.420685 -585.025574 588.763672 -257.797516 -585.346558 588.763672 -250.8983 -589.310059 588.763672 -260.252716 -578.740662 588.763672 -257.797516 -585.346558 588.763672 -257.420685 -585.025574 588.763672 -260.252716 -578.740662 588.763672 -260.742828 -578.810303 588.763672 -257.797516 -585.346558 588.763672 -257.99884 -569.195618 588.763672 -260.742828 -578.810303 588.763672 -260.252716 -578.740662 592.116028 -252.17627 -564.689087 588.763672 -251.035446 -564.874146 592.116028 -257.772217 -568.426575 592.116028 -252.17627 -564.689087 588.763672 -243.90007 -565.32312 588.763672 -251.035446 -564.874146 592.116028 -245.461288 -564.250305 588.763672 -243.90007 -565.32312 592.116028 -252.17627 -564.689087 592.116028 -245.461288 -564.250305 592.116028 -239.426559 -567.227783 588.763672 -243.90007 -565.32312 588.763672 -257.614288 -569.495789 592.116028 -257.772217 -568.426575 588.763672 -251.035446 -564.874146 588.763672 -257.614288 -569.495789 592.116028 -260.749695 -574.461304 592.116028 -257.772217 -568.426575 588.763672 -260.252716 -578.740662 592.116028 -260.749695 -574.461304 588.763672 -257.614288 -569.495789 588.763672 -260.252716 -578.740662 592.116028 -260.310913 -581.17627 592.116028 -260.749695 -574.461304 588.763672 -257.420685 -585.025574 592.116028 -260.310913 -581.17627 588.763672 -260.252716 -578.740662 588.763672 -257.420685 -585.025574 592.116028 -256.573456 -586.772217 592.116028 -260.310913 -581.17627 588.763672 -250.786819 -588.836609 592.116028 -256.573456 -586.772217 588.763672 -257.420685 -585.025574 588.763672 -250.786819 -588.836609 592.116028 -250.538712 -589.749695 592.116028 -256.573456 -586.772217 588.763672 -250.786819 -588.836609 592.116028 -243.82373 -589.310913 592.116028 -250.538712 -589.749695 588.763672 -241.573563 -587.576355 592.116028 -243.82373 -589.310913 588.763672 -250.786819 -588.836609 588.763672 -241.573563 -587.576355 592.116028 -238.227783 -585.573425 592.116028 -243.82373 -589.310913 588.763672 -236.30188 -579.105408 592.116028 -238.227783 -585.573425 588.763672 -241.573563 -587.576355 588.763672 -236.30188 -579.105408 592.116028 -235.250305 -579.538757 592.116028 -238.227783 -585.573425 592.116028 -235.689087 -572.82373 588.763672 -236.30188 -579.105408 588.763672 -238.289261 -569.327942 592.116028 -235.250305 -579.538757 588.763672 -236.30188 -579.105408 592.116028 -235.689087 -572.82373 592.116028 -239.426559 -567.227783 588.763672 -238.289261 -569.327942 588.763672 -243.90007 -565.32312 592.116028 -235.689087 -572.82373 588.763672 -238.289261 -569.327942 592.116028 -239.426559 -567.227783 588.763672 -257.99884 -569.195618 592.116028 -257.772217 -568.426575 592.116028 -260.749695 -574.461304 588.763672 -257.99884 -569.195618 592.116028 -252.17627 -564.689087 592.116028 -257.772217 -568.426575 588.763672 -251.15686 -564.389099 592.116028 -252.17627 -564.689087 588.763672 -257.99884 -569.195618 588.763672 -251.15686 -564.389099 592.116028 -245.461288 -564.250305 592.116028 -252.17627 -564.689087 588.763672 -245.461288 -564.250305 592.116028 -245.461288 -564.250305 588.763672 -251.15686 -564.389099 588.763672 -242.010834 -565.461792 592.116028 -245.461288 -564.250305 588.763672 -245.461288 -564.250305 588.763672 -242.010834 -565.461792 592.116028 -239.426559 -567.227783 592.116028 -245.461288 -564.250305 588.763672 -237.900803 -569.021057 592.116028 -239.426559 -567.227783 588.763672 -242.010834 -565.461792 588.763672 -237.900803 -569.021057 592.116028 -235.689087 -572.82373 592.116028 -239.426559 -567.227783 588.763672 -235.19899 -575.661682 592.116028 -235.689087 -572.82373 588.763672 -237.900803 -569.021057 588.763672 -235.19899 -575.661682 592.116028 -235.250305 -579.538757 592.116028 -235.689087 -572.82373 588.763672 -236.468887 -582.717529 592.116028 -235.250305 -579.538757 588.763672 -235.19899 -575.661682 588.763672 -236.468887 -582.717529 592.116028 -238.227783 -585.573425 592.116028 -235.250305 -579.538757 588.763672 -241.316528 -587.99939 592.116028 -238.227783 -585.573425 588.763672 -236.468887 -582.717529 588.763672 -241.316528 -587.99939 592.116028 -243.82373 -589.310913 592.116028 -238.227783 -585.573425 588.763672 -250.8983 -589.310059 592.116028 -243.82373 -589.310913 588.763672 -241.316528 -587.99939 588.763672 -250.8983 -589.310059 592.116028 -250.538712 -589.749695 592.116028 -243.82373 -589.310913 588.763672 -250.8983 -589.310059 592.116028 -256.573456 -586.772217 592.116028 -250.538712 -589.749695 588.763672 -257.797516 -585.346558 592.116028 -256.573456 -586.772217 588.763672 -250.8983 -589.310059 588.763672 -257.797516 -585.346558 592.116028 -260.310913 -581.17627 592.116028 -256.573456 -586.772217 588.763672 -260.742828 -578.810303 592.116028 -260.310913 -581.17627 588.763672 -257.797516 -585.346558 588.763672 -260.742828 -578.810303 592.116028 -260.749695 -574.461304 592.116028 -260.310913 -581.17627 588.763672 -257.99884 -569.195618 592.116028 -260.749695 -574.461304 588.763672 -260.742828 -578.810303 587.352356 -163.258331 -583.5 584 -164.742813 -578.810303 587.352356 -165 -577 587.352356 -163.258331 -583.5 584 -161.797516 -585.346558 584 -164.742813 -578.810303 587.352356 -155.25 -589.129211 584 -161.797516 -585.346558 587.352356 -163.258331 -583.5 587.352356 -155.25 -589.129211 584 -157.558807 -588.751587 584 -161.797516 -585.346558 587.352356 -155.25 -589.129211 584 -151.355164 -589.630188 584 -157.558807 -588.751587 587.352356 -145.5 -588.258301 584 -151.355164 -589.630188 587.352356 -155.25 -589.129211 587.352356 -145.5 -588.258301 584 -143.753891 -587.049927 584 -151.355164 -589.630188 587.352356 -140.741669 -583.5 584 -143.753891 -587.049927 587.352356 -145.5 -588.258301 587.352356 -140.741669 -583.5 584 -140.306946 -581.81781 584 -143.753891 -587.049927 587.352356 -139 -577 584 -140.306946 -581.81781 587.352356 -140.741669 -583.5 587.352356 -139 -577 584 -139.38913 -573.84314 584 -140.306946 -581.81781 587.352356 -140.741669 -570.5 584 -139.38913 -573.84314 587.352356 -139 -577 587.352356 -140.741669 -570.5 584 -141.900803 -569.021057 584 -139.38913 -573.84314 587.352356 -145.5 -565.741638 584 -141.900803 -569.021057 587.352356 -140.741669 -570.5 587.352356 -145.5 -565.741638 584 -146.010834 -565.461792 584 -141.900803 -569.021057 587.352356 -145.5 -565.741638 584 -149.461288 -564.250305 584 -146.010834 -565.461792 587.352356 -155.25 -564.87085 584 -149.461288 -564.250305 587.352356 -145.5 -565.741638 587.352356 -155.25 -564.87085 584 -155.15686 -564.389099 584 -149.461288 -564.250305 587.352356 -155.25 -564.87085 584 -160.246109 -566.950012 584 -155.15686 -564.389099 587.352356 -163.258331 -570.5 584 -160.246109 -566.950012 587.352356 -155.25 -564.87085 587.352356 -163.258331 -570.5 584 -163.751587 -571.441223 584 -160.246109 -566.950012 587.352356 -165 -577 584 -163.751587 -571.441223 587.352356 -163.258331 -570.5 587.352356 -165 -577 584 -164.742813 -578.810303 584 -163.751587 -571.441223 584 -161.420715 -585.025574 587.352356 -163.258331 -583.5 584 -163.776154 -575.197815 584 -145.573578 -587.576355 587.352356 -145.5 -588.258301 584 -154.786819 -588.836609 584 -145.573578 -587.576355 587.352356 -140.741669 -583.5 587.352356 -145.5 -588.258301 584 -140.912415 -582.49762 587.352356 -140.741669 -583.5 584 -145.573578 -587.576355 584 -140.912415 -582.49762 587.352356 -139 -577 587.352356 -140.741669 -583.5 584 -139.69136 -575.713196 587.352356 -139 -577 584 -140.912415 -582.49762 587.352356 -140.741669 -570.5 584 -139.69136 -575.713196 584 -144.265213 -567.61676 587.352356 -139 -577 584 -139.69136 -575.713196 587.352356 -140.741669 -570.5 587.352356 -163.258331 -570.5 584 -159.928955 -567.336548 584 -163.776154 -575.197815 587.352356 -155.25 -564.87085 584 -159.928955 -567.336548 587.352356 -163.258331 -570.5 587.352356 -155.25 -564.87085 584 -152.29718 -564.807434 584 -159.928955 -567.336548 587.352356 -145.5 -565.741638 584 -152.29718 -564.807434 587.352356 -155.25 -564.87085 587.352356 -145.5 -565.741638 584 -144.265213 -567.61676 584 -152.29718 -564.807434 587.352356 -140.741669 -570.5 584 -144.265213 -567.61676 587.352356 -145.5 -565.741638 587.352356 -155.25 -589.129211 584 -154.786819 -588.836609 587.352356 -145.5 -588.258301 587.352356 -155.25 -589.129211 584 -161.420715 -585.025574 584 -154.786819 -588.836609 587.352356 -163.258331 -583.5 584 -161.420715 -585.025574 587.352356 -155.25 -589.129211 587.352356 -165 -577 584 -163.776154 -575.197815 587.352356 -163.258331 -583.5 587.352356 -163.258331 -570.5 584 -163.776154 -575.197815 587.352356 -165 -577 584 -163.776154 -575.197815 584 -160.246109 -566.950012 584 -163.751587 -571.441223 584 -159.928955 -567.336548 584 -160.246109 -566.950012 584 -163.776154 -575.197815 584 -159.928955 -567.336548 584 -155.15686 -564.389099 584 -160.246109 -566.950012 584 -152.29718 -564.807434 584 -155.15686 -564.389099 584 -159.928955 -567.336548 584 -152.29718 -564.807434 584 -149.461288 -564.250305 584 -155.15686 -564.389099 584 -144.265213 -567.61676 584 -149.461288 -564.250305 584 -152.29718 -564.807434 584 -144.265213 -567.61676 584 -146.010834 -565.461792 584 -149.461288 -564.250305 584 -144.265213 -567.61676 584 -141.900803 -569.021057 584 -146.010834 -565.461792 584 -139.69136 -575.713196 584 -141.900803 -569.021057 584 -144.265213 -567.61676 584 -139.69136 -575.713196 584 -139.38913 -573.84314 584 -141.900803 -569.021057 584 -139.69136 -575.713196 584 -140.306946 -581.81781 584 -139.38913 -573.84314 584 -140.912415 -582.49762 584 -140.306946 -581.81781 584 -139.69136 -575.713196 584 -140.912415 -582.49762 584 -143.753891 -587.049927 584 -140.306946 -581.81781 584 -145.573578 -587.576355 584 -143.753891 -587.049927 584 -140.912415 -582.49762 584 -145.573578 -587.576355 584 -151.355164 -589.630188 584 -143.753891 -587.049927 584 -154.786819 -588.836609 584 -151.355164 -589.630188 584 -145.573578 -587.576355 584 -154.786819 -588.836609 584 -157.558807 -588.751587 584 -151.355164 -589.630188 584 -161.420715 -585.025574 584 -157.558807 -588.751587 584 -154.786819 -588.836609 584 -161.420715 -585.025574 584 -161.797516 -585.346558 584 -157.558807 -588.751587 584 -163.776154 -575.197815 584 -161.797516 -585.346558 584 -161.420715 -585.025574 584 -163.776154 -575.197815 584 -164.742813 -578.810303 584 -161.797516 -585.346558 584 -163.751587 -571.441223 584 -164.742813 -578.810303 584 -163.776154 -575.197815 593.527405 -255.085297 -587.744995 596 -258.983276 -583.954712 596 -252.575623 -588.789917 593.527405 -259.734467 -582.287659 596 -258.983276 -583.954712 593.527405 -255.085297 -587.744995 596 -252.575623 -588.789917 593.527405 -248.237808 -589.86853 593.527405 -255.085297 -587.744995 596 -246.409622 -589.902344 593.527405 -248.237808 -589.86853 596 -252.575623 -588.789917 593.527405 -241.316528 -587.99939 596 -246.409622 -589.902344 596 -241.316528 -587.99939 593.527405 -248.237808 -589.86853 596 -246.409622 -589.902344 593.527405 -241.316528 -587.99939 596 -241.316528 -587.99939 593.527405 -236.468887 -582.717529 593.527405 -241.316528 -587.99939 596 -236.306946 -581.81781 593.527405 -236.468887 -582.717529 596 -241.316528 -587.99939 593.527405 -235.19899 -575.661682 596 -236.306946 -581.81781 596 -235.389114 -573.84314 593.527405 -236.468887 -582.717529 596 -236.306946 -581.81781 593.527405 -235.19899 -575.661682 596 -235.389114 -573.84314 593.527405 -236.767288 -570.455811 593.527405 -235.19899 -575.661682 596 -236.767288 -570.455811 593.527405 -236.767288 -570.455811 596 -235.389114 -573.84314 593.527405 -240.522568 -566.524109 596 -236.767288 -570.455811 596 -240.522568 -566.524109 593.527405 -236.767288 -570.455811 596 -236.767288 -570.455811 593.527405 -240.522568 -566.524109 596 -240.522568 -566.524109 593.527405 -245.461288 -564.250305 593.527405 -240.522568 -566.524109 596 -245.461288 -564.250305 593.527405 -245.461288 -564.250305 596 -240.522568 -566.524109 596 -251.15686 -564.389099 593.527405 -245.461288 -564.250305 596 -245.461288 -564.250305 596 -251.15686 -564.389099 593.527405 -253.701477 -565.669556 593.527405 -245.461288 -564.250305 596 -256.246094 -566.950012 593.527405 -253.701477 -565.669556 596 -251.15686 -564.389099 596 -260.375793 -574.220581 593.527405 -253.701477 -565.669556 596 -256.246094 -566.950012 593.527405 -259.751587 -571.441223 593.527405 -253.701477 -565.669556 596 -260.375793 -574.220581 593.527405 -259.734467 -582.287659 596 -260.485657 -580.620605 596 -258.983276 -583.954712 593.527405 -259.734467 -582.287659 596 -260.375793 -574.220581 596 -260.485657 -580.620605 593.527405 -261 -577 596 -260.375793 -574.220581 593.527405 -259.734467 -582.287659 593.527405 -259.751587 -571.441223 596 -260.375793 -574.220581 593.527405 -261 -577 593.527405 -253.482208 -566.105347 596 -257.614288 -569.495789 596 -247.467773 -565.098633 593.527405 -259.89978 -574.327515 596 -257.614288 -569.495789 593.527405 -253.482208 -566.105347 596 -258.8367 -581.883118 596 -257.614288 -569.495789 593.527405 -259.89978 -574.327515 596 -258.8367 -581.883118 593.527405 -259.89978 -574.327515 593.527405 -259.283142 -582.08429 593.527405 -251.520706 -588.352722 596 -258.8367 -581.883118 593.527405 -259.283142 -582.08429 596 -258.8367 -581.883118 593.527405 -251.520706 -588.352722 596 -249.068253 -589.11322 593.527405 -241.573563 -587.576355 596 -249.068253 -589.11322 593.527405 -251.520706 -588.352722 596 -241.573563 -587.576355 596 -249.068253 -589.11322 593.527405 -241.573563 -587.576355 596 -241.573563 -587.576355 593.527405 -241.573563 -587.576355 593.527405 -236.30188 -579.105408 593.527405 -236.30188 -579.105408 596 -236.30188 -579.105408 596 -241.573563 -587.576355 596 -236.30188 -579.105408 593.527405 -236.30188 -579.105408 593.527405 -238.289261 -569.327942 593.527405 -238.289261 -569.327942 596 -238.289261 -569.327942 596 -236.30188 -579.105408 593.527405 -243.90007 -565.32312 596 -238.289261 -569.327942 593.527405 -238.289261 -569.327942 596 -247.467773 -565.098633 596 -238.289261 -569.327942 593.527405 -243.90007 -565.32312 596 -247.467773 -565.098633 593.527405 -243.90007 -565.32312 593.527405 -253.482208 -566.105347 596 -258.8367 -581.883118 596 -258.983276 -583.954712 596 -260.485657 -580.620605 596 -258.8367 -581.883118 596 -252.575623 -588.789917 596 -258.983276 -583.954712 596 -249.068253 -589.11322 596 -252.575623 -588.789917 596 -258.8367 -581.883118 596 -249.068253 -589.11322 596 -246.409622 -589.902344 596 -252.575623 -588.789917 596 -241.573563 -587.576355 596 -246.409622 -589.902344 596 -249.068253 -589.11322 596 -241.573563 -587.576355 596 -241.316528 -587.99939 596 -246.409622 -589.902344 596 -236.30188 -579.105408 596 -241.316528 -587.99939 596 -241.573563 -587.576355 596 -236.30188 -579.105408 596 -236.306946 -581.81781 596 -241.316528 -587.99939 596 -236.30188 -579.105408 596 -235.389114 -573.84314 596 -236.306946 -581.81781 596 -236.30188 -579.105408 596 -236.767288 -570.455811 596 -235.389114 -573.84314 596 -238.289261 -569.327942 596 -236.767288 -570.455811 596 -236.30188 -579.105408 596 -238.289261 -569.327942 596 -240.522568 -566.524109 596 -236.767288 -570.455811 596 -247.467773 -565.098633 596 -240.522568 -566.524109 596 -238.289261 -569.327942 596 -247.467773 -565.098633 596 -245.461288 -564.250305 596 -240.522568 -566.524109 596 -247.467773 -565.098633 596 -251.15686 -564.389099 596 -245.461288 -564.250305 596 -257.614288 -569.495789 596 -251.15686 -564.389099 596 -247.467773 -565.098633 596 -257.614288 -569.495789 596 -256.246094 -566.950012 596 -251.15686 -564.389099 596 -257.614288 -569.495789 596 -260.375793 -574.220581 596 -256.246094 -566.950012 596 -258.8367 -581.883118 596 -260.375793 -574.220581 596 -257.614288 -569.495789 596 -260.485657 -580.620605 596 -260.375793 -574.220581 596 -258.8367 -581.883118 593.527405 -259.89978 -574.327515 593.527405 -253.701477 -565.669556 593.527405 -259.751587 -571.441223 593.527405 -253.482208 -566.105347 593.527405 -253.701477 -565.669556 593.527405 -259.89978 -574.327515 593.527405 -253.482208 -566.105347 593.527405 -245.461288 -564.250305 593.527405 -253.701477 -565.669556 593.527405 -243.90007 -565.32312 593.527405 -245.461288 -564.250305 593.527405 -253.482208 -566.105347 593.527405 -243.90007 -565.32312 593.527405 -240.522568 -566.524109 593.527405 -245.461288 -564.250305 593.527405 -238.289261 -569.327942 593.527405 -240.522568 -566.524109 593.527405 -243.90007 -565.32312 593.527405 -238.289261 -569.327942 593.527405 -236.767288 -570.455811 593.527405 -240.522568 -566.524109 593.527405 -236.30188 -579.105408 593.527405 -236.767288 -570.455811 593.527405 -238.289261 -569.327942 593.527405 -236.30188 -579.105408 593.527405 -235.19899 -575.661682 593.527405 -236.767288 -570.455811 593.527405 -236.30188 -579.105408 593.527405 -236.468887 -582.717529 593.527405 -235.19899 -575.661682 593.527405 -236.30188 -579.105408 593.527405 -241.316528 -587.99939 593.527405 -236.468887 -582.717529 593.527405 -241.573563 -587.576355 593.527405 -241.316528 -587.99939 593.527405 -236.30188 -579.105408 593.527405 -241.573563 -587.576355 593.527405 -248.237808 -589.86853 593.527405 -241.316528 -587.99939 593.527405 -251.520706 -588.352722 593.527405 -248.237808 -589.86853 593.527405 -241.573563 -587.576355 593.527405 -251.520706 -588.352722 593.527405 -255.085297 -587.744995 593.527405 -248.237808 -589.86853 593.527405 -259.283142 -582.08429 593.527405 -255.085297 -587.744995 593.527405 -251.520706 -588.352722 593.527405 -259.283142 -582.08429 593.527405 -259.734467 -582.287659 593.527405 -255.085297 -587.744995 593.527405 -259.89978 -574.327515 593.527405 -259.734467 -582.287659 593.527405 -259.283142 -582.08429 593.527405 -259.89978 -574.327515 593.527405 -261 -577 593.527405 -259.734467 -582.287659 593.527405 -259.751587 -571.441223 593.527405 -261 -577 593.527405 -259.89978 -574.327515 243.525009 -24.0951824 -108.802948 239.805847 -24.7940483 -116.000008 245.285416 -24.4400101 -115.045052 237.911591 -24.1377735 -105.209808 239.805847 -24.7940483 -116.000008 243.525009 -24.0951824 -108.802948 243.52504 24.0951824 -108.803001 246.36496 0 -115.045052 245.285416 24.4400101 -115.045052 246.368088 0 -111.000008 246.36496 0 -115.045052 243.52504 24.0951824 -108.803001 243.525009 -24.0951824 -108.802948 246.36496 0 -115.045052 246.368088 0 -111.000008 245.285416 -24.4400101 -115.045052 246.36496 0 -115.045052 243.525009 -24.0951824 -108.802948 243.52504 24.0951824 -108.803001 239.805847 24.7940483 -116.000008 237.911591 24.1377735 -105.209824 243.52504 24.0951824 -108.803001 245.285416 24.4400101 -115.045052 239.805847 24.7940483 -116.000008 243.525009 -24.0951824 -108.802948 237.903366 -7.67129993 -99.9300308 237.911591 -24.1377735 -105.209808 246.368088 0 -111.000008 237.903366 -7.67129993 -99.9300308 243.525009 -24.0951824 -108.802948 246.368088 0 -111.000008 237.628479 15.3425999 -99.9300308 237.903366 -7.67129993 -99.9300308 243.52504 24.0951824 -108.803001 237.628479 15.3425999 -99.9300308 246.368088 0 -111.000008 237.911591 24.1377735 -105.209824 237.628479 15.3425999 -99.9300308 243.52504 24.0951824 -108.803001 246.36496 0 -115.045052 239.805847 24.7940483 -116.000008 245.285416 24.4400101 -115.045052 246.36496 0 -115.045052 241.084198 0 -116.000008 239.805847 24.7940483 -116.000008 246.36496 0 -115.045052 239.805847 -24.7940483 -116.000008 241.084198 0 -116.000008 245.285416 -24.4400101 -115.045052 239.805847 -24.7940483 -116.000008 246.36496 0 -115.045052 239.817886 24.7982311 -116.068649 239.16304 30.4732704 -116.068649 236.200729 30.6285095 -99.9300308 239.817886 24.7982311 -116.068649 237.911591 24.1377735 -105.209824 239.805847 24.7940483 -116.000008 236.200729 30.6285095 -99.9300308 237.911591 24.1377735 -105.209824 239.817886 24.7982311 -116.068649 237.628479 15.3425999 -99.9300308 237.911591 24.1377735 -105.209824 236.200729 30.6285095 -99.9300308 236.200729 -30.6285095 -99.9300308 237.911591 -24.1377735 -105.209808 237.903366 -7.67129993 -99.9300308 239.817886 -24.7982311 -116.068649 239.805847 -24.7940483 -116.000008 237.911591 -24.1377735 -105.209808 237.911591 -24.1377735 -105.209808 239.16304 -30.4732704 -116.068649 239.817886 -24.7982311 -116.068649 236.200729 -30.6285095 -99.9300308 239.16304 -30.4732704 -116.068649 237.911591 -24.1377735 -105.209808 239.804108 24.7989998 -116.069374 239.817886 24.7982311 -116.068649 239.805847 24.7940483 -116.000008 239.805847 24.7940483 -116.000008 240.514313 16.5489407 -116.069374 239.804108 24.7989998 -116.069374 239.805847 24.7940483 -116.000008 241.084198 0 -116.000008 240.514313 16.5489407 -116.069374 239.805847 -24.7940483 -116.000008 241.011871 -4.13967514 -116.069374 241.084198 0 -116.000008 239.805847 -24.7940483 -116.000008 240.514313 -16.5489407 -116.069374 241.011871 -4.13967514 -116.069374 239.804108 -24.7989998 -116.069374 240.514313 -16.5489407 -116.069374 239.805847 -24.7940483 -116.000008 239.817886 -24.7982311 -116.068649 239.804108 -24.7989998 -116.069374 239.805847 -24.7940483 -116.000008 239.16304 30.4732704 -116.068649 239.817886 24.7982311 -116.068649 248.121201 30.0037918 -115.605782 249.476501 -12.5203781 -115.605782 241.084198 0 -116.000008 241.011871 -4.13967514 -116.069374 249.426254 15.0260649 -115.605782 241.084198 0 -116.000008 249.476501 -12.5203781 -115.605782 249.426254 15.0260649 -115.605782 240.514313 16.5489407 -116.069374 241.084198 0 -116.000008 239.817886 24.7982311 -116.068649 249.426254 15.0260649 -115.605782 248.121201 30.0037918 -115.605782 239.817886 24.7982311 -116.068649 240.514313 16.5489407 -116.069374 249.426254 15.0260649 -115.605782 239.804108 24.7989998 -116.069374 240.514313 16.5489407 -116.069374 239.817886 24.7982311 -116.068649 248.121201 30.0037918 -115.605782 246.666306 15.1000204 -100.401764 245.33371 30.1498699 -100.401764 249.426254 15.0260649 -115.605782 246.666306 15.1000204 -100.401764 248.121201 30.0037918 -115.605782 249.426254 15.0260649 -115.605782 246.922836 -7.5500102 -100.401764 246.666306 15.1000204 -100.401764 249.476501 -12.5203781 -115.605782 246.922836 -7.5500102 -100.401764 249.426254 15.0260649 -115.605782 248.121201 -30.0037918 -115.605782 246.922836 -7.5500102 -100.401764 249.476501 -12.5203781 -115.605782 245.33371 -30.1498699 -100.401764 246.922836 -7.5500102 -100.401764 248.121201 -30.0037918 -115.605782 248.121201 -30.0037918 -115.605782 239.817886 -24.7982311 -116.068649 239.16304 -30.4732704 -116.068649 240.514313 -16.5489407 -116.069374 249.476501 -12.5203781 -115.605782 241.011871 -4.13967514 -116.069374 239.804108 -24.7989998 -116.069374 249.476501 -12.5203781 -115.605782 240.514313 -16.5489407 -116.069374 239.817886 -24.7982311 -116.068649 249.476501 -12.5203781 -115.605782 239.804108 -24.7989998 -116.069374 239.817886 -24.7982311 -116.068649 248.121201 -30.0037918 -115.605782 249.476501 -12.5203781 -115.605782 245.33371 30.1498699 -100.401764 239.16304 30.4732704 -116.068649 248.121201 30.0037918 -115.605782 236.200729 30.6285095 -99.9300308 239.16304 30.4732704 -116.068649 245.33371 30.1498699 -100.401764 245.33371 30.1498699 -100.401764 237.628479 15.3425999 -99.9300308 236.200729 30.6285095 -99.9300308 246.666306 15.1000204 -100.401764 237.628479 15.3425999 -99.9300308 245.33371 30.1498699 -100.401764 246.666306 15.1000204 -100.401764 237.903366 -7.67129993 -99.9300308 237.628479 15.3425999 -99.9300308 246.922836 -7.5500102 -100.401764 237.903366 -7.67129993 -99.9300308 246.666306 15.1000204 -100.401764 245.33371 -30.1498699 -100.401764 237.903366 -7.67129993 -99.9300308 246.922836 -7.5500102 -100.401764 236.200729 -30.6285095 -99.9300308 237.903366 -7.67129993 -99.9300308 245.33371 -30.1498699 -100.401764 239.16304 -30.4732704 -116.068649 245.33371 -30.1498699 -100.401764 248.121201 -30.0037918 -115.605782 236.200729 -30.6285095 -99.9300308 245.33371 -30.1498699 -100.401764 239.16304 -30.4732704 -116.068649 584 -257.614288 -569.495789 584 -257.99884 -569.195618 584 -260.252716 -578.740662 584 -257.614288 -569.495789 584 -251.15686 -564.389099 584 -257.99884 -569.195618 584 -251.035446 -564.874146 584 -251.15686 -564.389099 584 -257.614288 -569.495789 584 -251.035446 -564.874146 584 -245.461288 -564.250305 584 -251.15686 -564.389099 584 -243.90007 -565.32312 584 -245.461288 -564.250305 584 -251.035446 -564.874146 584 -243.90007 -565.32312 584 -242.010834 -565.461792 584 -245.461288 -564.250305 584 -238.289261 -569.327942 584 -242.010834 -565.461792 584 -243.90007 -565.32312 584 -238.289261 -569.327942 584 -237.900803 -569.021057 584 -242.010834 -565.461792 584 -236.30188 -579.105408 584 -237.900803 -569.021057 584 -238.289261 -569.327942 584 -236.30188 -579.105408 584 -235.19899 -575.661682 584 -237.900803 -569.021057 584 -236.30188 -579.105408 584 -236.468887 -582.717529 584 -235.19899 -575.661682 584 -236.30188 -579.105408 584 -241.316528 -587.99939 584 -236.468887 -582.717529 584 -241.573563 -587.576355 584 -241.316528 -587.99939 584 -236.30188 -579.105408 584 -241.573563 -587.576355 584 -250.8983 -589.310059 584 -241.316528 -587.99939 584 -250.786819 -588.836609 584 -250.8983 -589.310059 584 -241.573563 -587.576355 584 -257.420685 -585.025574 584 -250.8983 -589.310059 584 -250.786819 -588.836609 584 -257.420685 -585.025574 584 -257.797516 -585.346558 584 -250.8983 -589.310059 584 -260.252716 -578.740662 584 -257.797516 -585.346558 584 -257.420685 -585.025574 584 -260.252716 -578.740662 584 -260.742828 -578.810303 584 -257.797516 -585.346558 584 -257.99884 -569.195618 584 -260.742828 -578.810303 584 -260.252716 -578.740662 587.352356 -252.17627 -564.689087 584 -251.035446 -564.874146 587.352356 -257.772217 -568.426575 587.352356 -252.17627 -564.689087 584 -243.90007 -565.32312 584 -251.035446 -564.874146 587.352356 -245.461288 -564.250305 584 -243.90007 -565.32312 587.352356 -252.17627 -564.689087 587.352356 -245.461288 -564.250305 587.352356 -239.426559 -567.227783 584 -243.90007 -565.32312 584 -257.614288 -569.495789 587.352356 -257.772217 -568.426575 584 -251.035446 -564.874146 584 -257.614288 -569.495789 587.352356 -260.749695 -574.461304 587.352356 -257.772217 -568.426575 584 -260.252716 -578.740662 587.352356 -260.749695 -574.461304 584 -257.614288 -569.495789 584 -260.252716 -578.740662 587.352356 -260.310913 -581.17627 587.352356 -260.749695 -574.461304 584 -257.420685 -585.025574 587.352356 -260.310913 -581.17627 584 -260.252716 -578.740662 584 -257.420685 -585.025574 587.352356 -256.573456 -586.772217 587.352356 -260.310913 -581.17627 584 -250.786819 -588.836609 587.352356 -256.573456 -586.772217 584 -257.420685 -585.025574 584 -250.786819 -588.836609 587.352356 -250.538712 -589.749695 587.352356 -256.573456 -586.772217 584 -250.786819 -588.836609 587.352356 -243.82373 -589.310913 587.352356 -250.538712 -589.749695 584 -241.573563 -587.576355 587.352356 -243.82373 -589.310913 584 -250.786819 -588.836609 584 -241.573563 -587.576355 587.352356 -238.227783 -585.573425 587.352356 -243.82373 -589.310913 584 -236.30188 -579.105408 587.352356 -238.227783 -585.573425 584 -241.573563 -587.576355 584 -236.30188 -579.105408 587.352356 -235.250305 -579.538757 587.352356 -238.227783 -585.573425 587.352356 -235.689087 -572.82373 584 -236.30188 -579.105408 584 -238.289261 -569.327942 587.352356 -235.250305 -579.538757 584 -236.30188 -579.105408 587.352356 -235.689087 -572.82373 587.352356 -239.426559 -567.227783 584 -238.289261 -569.327942 584 -243.90007 -565.32312 587.352356 -235.689087 -572.82373 584 -238.289261 -569.327942 587.352356 -239.426559 -567.227783 584 -257.99884 -569.195618 587.352356 -257.772217 -568.426575 587.352356 -260.749695 -574.461304 584 -257.99884 -569.195618 587.352356 -252.17627 -564.689087 587.352356 -257.772217 -568.426575 584 -251.15686 -564.389099 587.352356 -252.17627 -564.689087 584 -257.99884 -569.195618 584 -251.15686 -564.389099 587.352356 -245.461288 -564.250305 587.352356 -252.17627 -564.689087 584 -245.461288 -564.250305 587.352356 -245.461288 -564.250305 584 -251.15686 -564.389099 584 -242.010834 -565.461792 587.352356 -245.461288 -564.250305 584 -245.461288 -564.250305 584 -242.010834 -565.461792 587.352356 -239.426559 -567.227783 587.352356 -245.461288 -564.250305 584 -237.900803 -569.021057 587.352356 -239.426559 -567.227783 584 -242.010834 -565.461792 584 -237.900803 -569.021057 587.352356 -235.689087 -572.82373 587.352356 -239.426559 -567.227783 584 -235.19899 -575.661682 587.352356 -235.689087 -572.82373 584 -237.900803 -569.021057 584 -235.19899 -575.661682 587.352356 -235.250305 -579.538757 587.352356 -235.689087 -572.82373 584 -236.468887 -582.717529 587.352356 -235.250305 -579.538757 584 -235.19899 -575.661682 584 -236.468887 -582.717529 587.352356 -238.227783 -585.573425 587.352356 -235.250305 -579.538757 584 -241.316528 -587.99939 587.352356 -238.227783 -585.573425 584 -236.468887 -582.717529 584 -241.316528 -587.99939 587.352356 -243.82373 -589.310913 587.352356 -238.227783 -585.573425 584 -250.8983 -589.310059 587.352356 -243.82373 -589.310913 584 -241.316528 -587.99939 584 -250.8983 -589.310059 587.352356 -250.538712 -589.749695 587.352356 -243.82373 -589.310913 584 -250.8983 -589.310059 587.352356 -256.573456 -586.772217 587.352356 -250.538712 -589.749695 584 -257.797516 -585.346558 587.352356 -256.573456 -586.772217 584 -250.8983 -589.310059 584 -257.797516 -585.346558 587.352356 -260.310913 -581.17627 587.352356 -256.573456 -586.772217 584 -260.742828 -578.810303 587.352356 -260.310913 -581.17627 584 -257.797516 -585.346558 584 -260.742828 -578.810303 587.352356 -260.749695 -574.461304 587.352356 -260.310913 -581.17627 584 -257.99884 -569.195618 587.352356 -260.749695 -574.461304 584 -260.742828 -578.810303 549.914185 -15.3947086 -572.875 568 -4.125 -561.605286 568 -15.3947086 -572.875 549.914185 -8.25 -562.710571 568 -4.125 -561.605286 549.914185 -15.3947086 -572.875 549.914185 4.125 -561.605286 568 -4.125 -561.605286 549.914185 -8.25 -562.710571 549.914185 4.125 -561.605286 568 11.8223553 -567.792786 568 -4.125 -561.605286 549.914185 15.3947086 -572.875 568 11.8223553 -567.792786 549.914185 4.125 -561.605286 549.914185 15.3947086 -572.875 568 9.20720959 -588.822388 568 11.8223553 -567.792786 549.914185 11.2697096 -588.269714 568 9.20720959 -588.822388 549.914185 15.3947086 -572.875 549.914185 -4.125 -592.394714 568 9.20720959 -588.822388 549.914185 11.2697096 -588.269714 549.914185 -4.125 -592.394714 568 -11.2697096 -588.269714 568 9.20720959 -588.822388 549.914185 -14.2894201 -585.25 568 -11.2697096 -588.269714 549.914185 -4.125 -592.394714 549.914185 -14.2894201 -585.25 568 -15.3947086 -572.875 568 -11.2697096 -588.269714 549.914185 -15.3947086 -572.875 568 -15.3947086 -572.875 549.914185 -14.2894201 -585.25 549.914185 -4.125 -592.394714 540 0 -577 549.914185 -14.2894201 -585.25 549.914185 15.3947086 -572.875 540 0 -577 549.914185 11.2697096 -588.269714 549.914185 -8.25 -562.710571 540 0 -577 549.914185 4.125 -561.605286 549.914185 11.2697096 -588.269714 540 0 -577 549.914185 -4.125 -592.394714 549.914185 4.125 -561.605286 540 0 -577 549.914185 15.3947086 -572.875 549.914185 -15.3947086 -572.875 540 0 -577 549.914185 -8.25 -562.710571 549.914185 -14.2894201 -585.25 540 0 -577 549.914185 -15.3947086 -572.875 568 11.8223553 -567.792786 568 -15.3947086 -572.875 568 -4.125 -561.605286 568 -11.2697096 -588.269714 568 11.8223553 -567.792786 568 9.20720959 -588.822388 568 -15.3947086 -572.875 568 11.8223553 -567.792786 568 -11.2697096 -588.269714 </float_array>
          <technique_common>
            <accessor count="5709" offset="0" source="#_160i160i160_9-positions-array" stride="3">
              <param name="X" type="float" />
              <param name="Y" type="float" />
              <param name="Z" type="float" />
            </accessor>
          </technique_common>
        </source>
        <vertices id="_160i160i160_9-vertices">
          <input semantic="POSITION" source="#_160i160i160_9-positions" />
        </vertices>
        <polylist count="1903" material="defaultMaterial">
          <input offset="0" semantic="VERTEX" source="#_160i160i160_9-vertices" />
          <vcount>3 3 3 3 3 3 3 3 3 3 3 3 3 3 3 3 3 3 3 3 3 3 3 3 3 3 3 3 3 3 3 3 3 3 3 3 3 3 3 3 3 3 3 3 3 3 3 3 3 3 3 3 3 3 3 3 3 3 3 3 3 3 3 3 3 3 3 3 3 3 3 3 3 3 3 3 3 3 3 3 3 3 3 3 3 3 3 3 3 3 3 3 3 3 3 3 3 3 3 3 3 3 3 3 3 3 3 3 3 3 3 3 3 3 3 3 3 3 3 3 3 3 3 3 3 3 3 3 3 3 3 3 3 3 3 3 3 3 3 3 3 3 3 3 3 3 3 3 3 3 3 3 3 3 3 3 3 3 3 3 3 3 3 3 3 3 3 3 3 3 3 3 3 3 3 3 3 3 3 3 3 3 3 3 3 3 3 3 3 3 3 3 3 3 3 3 3 3 3 3 3 3 3 3 3 3 3 3 3 3 3 3 3 3 3 3 3 3 3 3 3 3 3 3 3 3 3 3 3 3 3 3 3 3 3 3 3 3 3 3 3 3 3 3 3 3 3 3 3 3 3 3 3 3 3 3 3 3 3 3 3 3 3 3 3 3 3 3 3 3 3 3 3 3 3 3 3 3 3 3 3 3 3 3 3 3 3 3 3 3 3 3 3 3 3 3 3 3 3 3 3 3 3 3 3 3 3 3 3 3 3 3 3 3 3 3 3 3 3 3 3 3 3 3 3 3 3 3 3 3 3 3 3 3 3 3 3 3 3 3 3 3 3 3 3 3 3 3 3 3 3 3 3 3 3 3 3 3 3 3 3 3 3 3 3 3 3 3 3 3 3 3 3 3 3 3 3 3 3 3 3 3 3 3 3 3 3 3 3 3 3 3 3 3 3 3 3 3 3 3 3 3 3 3 3 3 3 3 3 3 3 3 3 3 3 3 3 3 3 3 3 3 3 3 3 3 3 3 3 3 3 3 3 3 3 3 3 3 3 3 3 3 3 3 3 3 3 3 3 3 3 3 3 3 3 3 3 3 3 3 3 3 3 3 3 3 3 3 3 3 3 3 3 3 3 3 3 3 3 3 3 3 3 3 3 3 3 3 3 3 3 3 3 3 3 3 3 3 3 3 3 3 3 3 3 3 3 3 3 3 3 3 3 3 3 3 3 3 3 3 3 3 3 3 3 3 3 3 3 3 3 3 3 3 3 3 3 3 3 3 3 3 3 3 3 3 3 3 3 3 3 3 3 3 3 3 3 3 3 3 3 3 3 3 3 3 3 3 3 3 3 3 3 3 3 3 3 3 3 3 3 3 3 3 3 3 3 3 3 3 3 3 3 3 3 3 3 3 3 3 3 3 3 3 3 3 3 3 3 3 3 3 3 3 3 3 3 3 3 3 3 3 3 3 3 3 3 3 3 3 3 3 3 3 3 3 3 3 3 3 3 3 3 3 3 3 3 3 3 3 3 3 3 3 3 3 3 3 3 3 3 3 3 3 3 3 3 3 3 3 3 3 3 3 3 3 3 3 3 3 3 3 3 3 3 3 3 3 3 3 3 3 3 3 3 3 3 3 3 3 3 3 3 3 3 3 3 3 3 3 3 3 3 3 3 3 3 3 3 3 3 3 3 3 3 3 3 3 3 3 3 3 3 3 3 3 3 3 3 3 3 3 3 3 3 3 3 3 3 3 3 3 3 3 3 3 3 3 3 3 3 3 3 3 3 3 3 3 3 3 3 3 3 3 3 3 3 3 3 3 3 3 3 3 3 3 3 3 3 3 3 3 3 3 3 3 3 3 3 3 3 3 3 3 3 3 3 3 3 3 3 3 3 3 3 3 3 3 3 3 3 3 3 3 3 3 3 3 3 3 3 3 3 3 3 3 3 3 3 3 3 3 3 3 3 3 3 3 3 3 3 3 3 3 3 3 3 3 3 3 3 3 3 3 3 3 3 3 3 3 3 3 3 3 3 3 3 3 3 3 3 3 3 3 3 3 3 3 3 3 3 3 3 3 3 3 3 3 3 3 3 3 3 3 3 3 3 3 3 3 3 3 3 3 3 3 3 3 3 3 3 3 3 3 3 3 3 3 3 3 3 3 3 3 3 3 3 3 3 3 3 3 3 3 3 3 3 3 3 3 3 3 3 3 3 3 3 3 3 3 3 3 3 3 3 3 3 3 3 3 3 3 3 3 3 3 3 3 3 3 3 3 3 3 3 3 3 3 3 3 3 3 3 3 3 3 3 3 3 3 3 3 3 3 3 3 3 3 3 3 3 3 3 3 3 3 3 3 3 3 3 3 3 3 3 3 3 3 3 3 3 3 3 3 3 3 3 3 3 3 3 3 3 3 3 3 3 3 3 3 3 3 3 3 3 3 3 3 3 3 3 3 3 3 3 3 3 3 3 3 3 3 3 3 3 3 3 3 3 3 3 3 3 3 3 3 3 3 3 3 3 3 3 3 3 3 3 3 3 3 3 3 3 3 3 3 3 3 3 3 3 3 3 3 3 3 3 3 3 3 3 3 3 3 3 3 3 3 3 3 3 3 3 3 3 3 3 3 3 3 3 3 3 3 3 3 3 3 3 3 3 3 3 3 3 3 3 3 3 3 3 3 3 3 3 3 3 3 3 3 3 3 3 3 3 3 3 3 3 3 3 3 3 3 3 3 3 3 3 3 3 3 3 3 3 3 3 3 3 3 3 3 3 3 3 3 3 3 3 3 3 3 3 3 3 3 3 3 3 3 3 3 3 3 3 3 3 3 3 3 3 3 3 3 3 3 3 3 3 3 3 3 3 3 3 3 3 3 3 3 3 3 3 3 3 3 3 3 3 3 3 3 3 3 3 3 3 3 3 3 3 3 3 3 3 3 3 3 3 3 3 3 3 3 3 3 3 3 3 3 3 3 3 3 3 3 3 3 3 3 3 3 3 3 3 3 3 3 3 3 3 3 3 3 3 3 3 3 3 3 3 3 3 3 3 3 3 3 3 3 3 3 3 3 3 3 3 3 3 3 3 3 3 3 3 3 3 3 3 3 3 3 3 3 3 3 3 3 3 3 3 3 3 3 3 3 3 3 3 3 3 3 3 3 3 3 3 3 3 3 3 3 3 3 3 3 3 3 3 3 3 3 3 3 3 3 3 3 3 3 3 3 3 3 3 3 3 3 3 3 3 3 3 3 3 3 3 3 3 3 3 3 3 3 3 3 3 3 3 3 3 3 3 3 3 3 3 3 3 3 3 3 3 3 3 3 3 3 3 3 3 3 3 3 3 3 3 3 3 3 3 3 3 3 3 3 3 3 3 3 3 3 3 3 3 3 3 3 3 3 3 3 3 3 3 3 3 3 3 3 3 3 3 3 3 3 3 3 3 3 3 3 3 3 3 3 3 3 3 3 3 3 3 3 3 3 3 3 3 3 3 3 3 3 3 3 3 3 3 3 3 3 3 3 3 3 3 3 3 3 3 3 3 3 3 3 3 3 3 3 3 3 3 3 3 3 3 3 3 3 3 3 3 3 3 3 3 3 3 3 3 3 3 3 3 3 3 3 3 3 3 3 3 3 3 3 3 3 3 3 3 3 3 3 3 3 3 3 3 3 3 3 3 3 3 3 3 3 3 3 3 3 3 3 3 3 3 3 3 3 3 3 3 3 3 3 3 3 3 3 3 3 3 3 3 3 3 3 3 3 3 3 3 3 3 3 3 3 3 3 3 3 3 3 3 3 3 3 3 3 3 3 3 3 3 3 3 3 3 3 3 3 3 3 3 3 3 3 3 3 3 3 3 3 3 3 3 3 3 3 3 3 3 3 3 3 3 3 3 3 3 3 3 3 3 3 3 3 3 3 3 3 3 3 3 3 3 3 3 3 3 3 3 3 3 3 3 3 3 3 3 3 3 3 3 3 3 3 3 3 3 3 3 3 3 3 3 3 3 3 3 3 3 3 3 3 3 3 3 3 3 3 3 3 3 3 3 3 3 3 3 3 3 3 3 3 3 3 3 3 3 3 3 3 3 3 3 3 3 3 3 3 3 3 3 3 3 3 3 3 3 3 3 3 3 3 3 3 3 3 3 3 3 3 3 3 3 3 3 3 3 3 3 3 3 3 3 3 3 3 3 3 3 3 3 3 3 3 3 3 3 3 3 3 3 3 3 3 3 3 3 3 3 3 3 3 3 3 3 3 3 3 3 3 3 3 3 3 3 3 3 3 3 3 3 3 3 3 3 3 3 3 3 3 3 3 3 3 3 3 3 3 3 3 3 3 3 3 3 3 3 3 3 </vcount>
          <p>0 1 2 3 4 5 6 7 8 9 10 11 12 13 14 15 16 17 18 19 20 21 22 23 24 25 26 27 28 29 30 31 32 33 34 35 36 37 38 39 40 41 42 43 44 45 46 47 48 49 50 51 52 53 54 55 56 57 58 59 60 61 62 63 64 65 66 67 68 69 70 71 72 73 74 75 76 77 78 79 80 81 82 83 84 85 86 87 88 89 90 91 92 93 94 95 96 97 98 99 100 101 102 103 104 105 106 107 108 109 110 111 112 113 114 115 116 117 118 119 120 121 122 123 124 125 126 127 128 129 130 131 132 133 134 135 136 137 138 139 140 141 142 143 144 145 146 147 148 149 150 151 152 153 154 155 156 157 158 159 160 161 162 163 164 165 166 167 168 169 170 171 172 173 174 175 176 177 178 179 180 181 182 183 184 185 186 187 188 189 190 191 192 193 194 195 196 197 198 199 200 201 202 203 204 205 206 207 208 209 210 211 212 213 214 215 216 217 218 219 220 221 222 223 224 225 226 227 228 229 230 231 232 233 234 235 236 237 238 239 240 241 242 243 244 245 246 247 248 249 250 251 252 253 254 255 256 257 258 259 260 261 262 263 264 265 266 267 268 269 270 271 272 273 274 275 276 277 278 279 280 281 282 283 284 285 286 287 288 289 290 291 292 293 294 295 296 297 298 299 300 301 302 303 304 305 306 307 308 309 310 311 312 313 314 315 316 317 318 319 320 321 322 323 324 325 326 327 328 329 330 331 332 333 334 335 336 337 338 339 340 341 342 343 344 345 346 347 348 349 350 351 352 353 354 355 356 357 358 359 360 361 362 363 364 365 366 367 368 369 370 371 372 373 374 375 376 377 378 379 380 381 382 383 384 385 386 387 388 389 390 391 392 393 394 395 396 397 398 399 400 401 402 403 404 405 406 407 408 409 410 411 412 413 414 415 416 417 418 419 420 421 422 423 424 425 426 427 428 429 430 431 432 433 434 435 436 437 438 439 440 441 442 443 444 445 446 447 448 449 450 451 452 453 454 455 456 457 458 459 460 461 462 463 464 465 466 467 468 469 470 471 472 473 474 475 476 477 478 479 480 481 482 483 484 485 486 487 488 489 490 491 492 493 494 495 496 497 498 499 500 501 502 503 504 505 506 507 508 509 510 511 512 513 514 515 516 517 518 519 520 521 522 523 524 525 526 527 528 529 530 531 532 533 534 535 536 537 538 539 540 541 542 543 544 545 546 547 548 549 550 551 552 553 554 555 556 557 558 559 560 561 562 563 564 565 566 567 568 569 570 571 572 573 574 575 576 577 578 579 580 581 582 583 584 585 586 587 588 589 590 591 592 593 594 595 596 597 598 599 600 601 602 603 604 605 606 607 608 609 610 611 612 613 614 615 616 617 618 619 620 621 622 623 624 625 626 627 628 629 630 631 632 633 634 635 636 637 638 639 640 641 642 643 644 645 646 647 648 649 650 651 652 653 654 655 656 657 658 659 660 661 662 663 664 665 666 667 668 669 670 671 672 673 674 675 676 677 678 679 680 681 682 683 684 685 686 687 688 689 690 691 692 693 694 695 696 697 698 699 700 701 702 703 704 705 706 707 708 709 710 711 712 713 714 715 716 717 718 719 720 721 722 723 724 725 726 727 728 729 730 731 732 733 734 735 736 737 738 739 740 741 742 743 744 745 746 747 748 749 750 751 752 753 754 755 756 757 758 759 760 761 762 763 764 765 766 767 768 769 770 771 772 773 774 775 776 777 778 779 780 781 782 783 784 785 786 787 788 789 790 791 792 793 794 795 796 797 798 799 800 801 802 803 804 805 806 807 808 809 810 811 812 813 814 815 816 817 818 819 820 821 822 823 824 825 826 827 828 829 830 831 832 833 834 835 836 837 838 839 840 841 842 843 844 845 846 847 848 849 850 851 852 853 854 855 856 857 858 859 860 861 862 863 864 865 866 867 868 869 870 871 872 873 874 875 876 877 878 879 880 881 882 883 884 885 886 887 888 889 890 891 892 893 894 895 896 897 898 899 900 901 902 903 904 905 906 907 908 909 910 911 912 913 914 915 916 917 918 919 920 921 922 923 924 925 926 927 928 929 930 931 932 933 934 935 936 937 938 939 940 941 942 943 944 945 946 947 948 949 950 951 952 953 954 955 956 957 958 959 960 961 962 963 964 965 966 967 968 969 970 971 972 973 974 975 976 977 978 979 980 981 982 983 984 985 986 987 988 989 990 991 992 993 994 995 996 997 998 999 1000 1001 1002 1003 1004 1005 1006 1007 1008 1009 1010 1011 1012 1013 1014 1015 1016 1017 1018 1019 1020 1021 1022 1023 1024 1025 1026 1027 1028 1029 1030 1031 1032 1033 1034 1035 1036 1037 1038 1039 1040 1041 1042 1043 1044 1045 1046 1047 1048 1049 1050 1051 1052 1053 1054 1055 1056 1057 1058 1059 1060 1061 1062 1063 1064 1065 1066 1067 1068 1069 1070 1071 1072 1073 1074 1075 1076 1077 1078 1079 1080 1081 1082 1083 1084 1085 1086 1087 1088 1089 1090 1091 1092 1093 1094 1095 1096 1097 1098 1099 1100 1101 1102 1103 1104 1105 1106 1107 1108 1109 1110 1111 1112 1113 1114 1115 1116 1117 1118 1119 1120 1121 1122 1123 1124 1125 1126 1127 1128 1129 1130 1131 1132 1133 1134 1135 1136 1137 1138 1139 1140 1141 1142 1143 1144 1145 1146 1147 1148 1149 1150 1151 1152 1153 1154 1155 1156 1157 1158 1159 1160 1161 1162 1163 1164 1165 1166 1167 1168 1169 1170 1171 1172 1173 1174 1175 1176 1177 1178 1179 1180 1181 1182 1183 1184 1185 1186 1187 1188 1189 1190 1191 1192 1193 1194 1195 1196 1197 1198 1199 1200 1201 1202 1203 1204 1205 1206 1207 1208 1209 1210 1211 1212 1213 1214 1215 1216 1217 1218 1219 1220 1221 1222 1223 1224 1225 1226 1227 1228 1229 1230 1231 1232 1233 1234 1235 1236 1237 1238 1239 1240 1241 1242 1243 1244 1245 1246 1247 1248 1249 1250 1251 1252 1253 1254 1255 1256 1257 1258 1259 1260 1261 1262 1263 1264 1265 1266 1267 1268 1269 1270 1271 1272 1273 1274 1275 1276 1277 1278 1279 1280 1281 1282 1283 1284 1285 1286 1287 1288 1289 1290 1291 1292 1293 1294 1295 1296 1297 1298 1299 1300 1301 1302 1303 1304 1305 1306 1307 1308 1309 1310 1311 1312 1313 1314 1315 1316 1317 1318 1319 1320 1321 1322 1323 1324 1325 1326 1327 1328 1329 1330 1331 1332 1333 1334 1335 1336 1337 1338 1339 1340 1341 1342 1343 1344 1345 1346 1347 1348 1349 1350 1351 1352 1353 1354 1355 1356 1357 1358 1359 1360 1361 1362 1363 1364 1365 1366 1367 1368 1369 1370 1371 1372 1373 1374 1375 1376 1377 1378 1379 1380 1381 1382 1383 1384 1385 1386 1387 1388 1389 1390 1391 1392 1393 1394 1395 1396 1397 1398 1399 1400 1401 1402 1403 1404 1405 1406 1407 1408 1409 1410 1411 1412 1413 1414 1415 1416 1417 1418 1419 1420 1421 1422 1423 1424 1425 1426 1427 1428 1429 1430 1431 1432 1433 1434 1435 1436 1437 1438 1439 1440 1441 1442 1443 1444 1445 1446 1447 1448 1449 1450 1451 1452 1453 1454 1455 1456 1457 1458 1459 1460 1461 1462 1463 1464 1465 1466 1467 1468 1469 1470 1471 1472 1473 1474 1475 1476 1477 1478 1479 1480 1481 1482 1483 1484 1485 1486 1487 1488 1489 1490 1491 1492 1493 1494 1495 1496 1497 1498 1499 1500 1501 1502 1503 1504 1505 1506 1507 1508 1509 1510 1511 1512 1513 1514 1515 1516 1517 1518 1519 1520 1521 1522 1523 1524 1525 1526 1527 1528 1529 1530 1531 1532 1533 1534 1535 1536 1537 1538 1539 1540 1541 1542 1543 1544 1545 1546 1547 1548 1549 1550 1551 1552 1553 1554 1555 1556 1557 1558 1559 1560 1561 1562 1563 1564 1565 1566 1567 1568 1569 1570 1571 1572 1573 1574 1575 1576 1577 1578 1579 1580 1581 1582 1583 1584 1585 1586 1587 1588 1589 1590 1591 1592 1593 1594 1595 1596 1597 1598 1599 1600 1601 1602 1603 1604 1605 1606 1607 1608 1609 1610 1611 1612 1613 1614 1615 1616 1617 1618 1619 1620 1621 1622 1623 1624 1625 1626 1627 1628 1629 1630 1631 1632 1633 1634 1635 1636 1637 1638 1639 1640 1641 1642 1643 1644 1645 1646 1647 1648 1649 1650 1651 1652 1653 1654 1655 1656 1657 1658 1659 1660 1661 1662 1663 1664 1665 1666 1667 1668 1669 1670 1671 1672 1673 1674 1675 1676 1677 1678 1679 1680 1681 1682 1683 1684 1685 1686 1687 1688 1689 1690 1691 1692 1693 1694 1695 1696 1697 1698 1699 1700 1701 1702 1703 1704 1705 1706 1707 1708 1709 1710 1711 1712 1713 1714 1715 1716 1717 1718 1719 1720 1721 1722 1723 1724 1725 1726 1727 1728 1729 1730 1731 1732 1733 1734 1735 1736 1737 1738 1739 1740 1741 1742 1743 1744 1745 1746 1747 1748 1749 1750 1751 1752 1753 1754 1755 1756 1757 1758 1759 1760 1761 1762 1763 1764 1765 1766 1767 1768 1769 1770 1771 1772 1773 1774 1775 1776 1777 1778 1779 1780 1781 1782 1783 1784 1785 1786 1787 1788 1789 1790 1791 1792 1793 1794 1795 1796 1797 1798 1799 1800 1801 1802 1803 1804 1805 1806 1807 1808 1809 1810 1811 1812 1813 1814 1815 1816 1817 1818 1819 1820 1821 1822 1823 1824 1825 1826 1827 1828 1829 1830 1831 1832 1833 1834 1835 1836 1837 1838 1839 1840 1841 1842 1843 1844 1845 1846 1847 1848 1849 1850 1851 1852 1853 1854 1855 1856 1857 1858 1859 1860 1861 1862 1863 1864 1865 1866 1867 1868 1869 1870 1871 1872 1873 1874 1875 1876 1877 1878 1879 1880 1881 1882 1883 1884 1885 1886 1887 1888 1889 1890 1891 1892 1893 1894 1895 1896 1897 1898 1899 1900 1901 1902 1903 1904 1905 1906 1907 1908 1909 1910 1911 1912 1913 1914 1915 1916 1917 1918 1919 1920 1921 1922 1923 1924 1925 1926 1927 1928 1929 1930 1931 1932 1933 1934 1935 1936 1937 1938 1939 1940 1941 1942 1943 1944 1945 1946 1947 1948 1949 1950 1951 1952 1953 1954 1955 1956 1957 1958 1959 1960 1961 1962 1963 1964 1965 1966 1967 1968 1969 1970 1971 1972 1973 1974 1975 1976 1977 1978 1979 1980 1981 1982 1983 1984 1985 1986 1987 1988 1989 1990 1991 1992 1993 1994 1995 1996 1997 1998 1999 2000 2001 2002 2003 2004 2005 2006 2007 2008 2009 2010 2011 2012 2013 2014 2015 2016 2017 2018 2019 2020 2021 2022 2023 2024 2025 2026 2027 2028 2029 2030 2031 2032 2033 2034 2035 2036 2037 2038 2039 2040 2041 2042 2043 2044 2045 2046 2047 2048 2049 2050 2051 2052 2053 2054 2055 2056 2057 2058 2059 2060 2061 2062 2063 2064 2065 2066 2067 2068 2069 2070 2071 2072 2073 2074 2075 2076 2077 2078 2079 2080 2081 2082 2083 2084 2085 2086 2087 2088 2089 2090 2091 2092 2093 2094 2095 2096 2097 2098 2099 2100 2101 2102 2103 2104 2105 2106 2107 2108 2109 2110 2111 2112 2113 2114 2115 2116 2117 2118 2119 2120 2121 2122 2123 2124 2125 2126 2127 2128 2129 2130 2131 2132 2133 2134 2135 2136 2137 2138 2139 2140 2141 2142 2143 2144 2145 2146 2147 2148 2149 2150 2151 2152 2153 2154 2155 2156 2157 2158 2159 2160 2161 2162 2163 2164 2165 2166 2167 2168 2169 2170 2171 2172 2173 2174 2175 2176 2177 2178 2179 2180 2181 2182 2183 2184 2185 2186 2187 2188 2189 2190 2191 2192 2193 2194 2195 2196 2197 2198 2199 2200 2201 2202 2203 2204 2205 2206 2207 2208 2209 2210 2211 2212 2213 2214 2215 2216 2217 2218 2219 2220 2221 2222 2223 2224 2225 2226 2227 2228 2229 2230 2231 2232 2233 2234 2235 2236 2237 2238 2239 2240 2241 2242 2243 2244 2245 2246 2247 2248 2249 2250 2251 2252 2253 2254 2255 2256 2257 2258 2259 2260 2261 2262 2263 2264 2265 2266 2267 2268 2269 2270 2271 2272 2273 2274 2275 2276 2277 2278 2279 2280 2281 2282 2283 2284 2285 2286 2287 2288 2289 2290 2291 2292 2293 2294 2295 2296 2297 2298 2299 2300 2301 2302 2303 2304 2305 2306 2307 2308 2309 2310 2311 2312 2313 2314 2315 2316 2317 2318 2319 2320 2321 2322 2323 2324 2325 2326 2327 2328 2329 2330 2331 2332 2333 2334 2335 2336 2337 2338 2339 2340 2341 2342 2343 2344 2345 2346 2347 2348 2349 2350 2351 2352 2353 2354 2355 2356 2357 2358 2359 2360 2361 2362 2363 2364 2365 2366 2367 2368 2369 2370 2371 2372 2373 2374 2375 2376 2377 2378 2379 2380 2381 2382 2383 2384 2385 2386 2387 2388 2389 2390 2391 2392 2393 2394 2395 2396 2397 2398 2399 2400 2401 2402 2403 2404 2405 2406 2407 2408 2409 2410 2411 2412 2413 2414 2415 2416 2417 2418 2419 2420 2421 2422 2423 2424 2425 2426 2427 2428 2429 2430 2431 2432 2433 2434 2435 2436 2437 2438 2439 2440 2441 2442 2443 2444 2445 2446 2447 2448 2449 2450 2451 2452 2453 2454 2455 2456 2457 2458 2459 2460 2461 2462 2463 2464 2465 2466 2467 2468 2469 2470 2471 2472 2473 2474 2475 2476 2477 2478 2479 2480 2481 2482 2483 2484 2485 2486 2487 2488 2489 2490 2491 2492 2493 2494 2495 2496 2497 2498 2499 2500 2501 2502 2503 2504 2505 2506 2507 2508 2509 2510 2511 2512 2513 2514 2515 2516 2517 2518 2519 2520 2521 2522 2523 2524 2525 2526 2527 2528 2529 2530 2531 2532 2533 2534 2535 2536 2537 2538 2539 2540 2541 2542 2543 2544 2545 2546 2547 2548 2549 2550 2551 2552 2553 2554 2555 2556 2557 2558 2559 2560 2561 2562 2563 2564 2565 2566 2567 2568 2569 2570 2571 2572 2573 2574 2575 2576 2577 2578 2579 2580 2581 2582 2583 2584 2585 2586 2587 2588 2589 2590 2591 2592 2593 2594 2595 2596 2597 2598 2599 2600 2601 2602 2603 2604 2605 2606 2607 2608 2609 2610 2611 2612 2613 2614 2615 2616 2617 2618 2619 2620 2621 2622 2623 2624 2625 2626 2627 2628 2629 2630 2631 2632 2633 2634 2635 2636 2637 2638 2639 2640 2641 2642 2643 2644 2645 2646 2647 2648 2649 2650 2651 2652 2653 2654 2655 2656 2657 2658 2659 2660 2661 2662 2663 2664 2665 2666 2667 2668 2669 2670 2671 2672 2673 2674 2675 2676 2677 2678 2679 2680 2681 2682 2683 2684 2685 2686 2687 2688 2689 2690 2691 2692 2693 2694 2695 2696 2697 2698 2699 2700 2701 2702 2703 2704 2705 2706 2707 2708 2709 2710 2711 2712 2713 2714 2715 2716 2717 2718 2719 2720 2721 2722 2723 2724 2725 2726 2727 2728 2729 2730 2731 2732 2733 2734 2735 2736 2737 2738 2739 2740 2741 2742 2743 2744 2745 2746 2747 2748 2749 2750 2751 2752 2753 2754 2755 2756 2757 2758 2759 2760 2761 2762 2763 2764 2765 2766 2767 2768 2769 2770 2771 2772 2773 2774 2775 2776 2777 2778 2779 2780 2781 2782 2783 2784 2785 2786 2787 2788 2789 2790 2791 2792 2793 2794 2795 2796 2797 2798 2799 2800 2801 2802 2803 2804 2805 2806 2807 2808 2809 2810 2811 2812 2813 2814 2815 2816 2817 2818 2819 2820 2821 2822 2823 2824 2825 2826 2827 2828 2829 2830 2831 2832 2833 2834 2835 2836 2837 2838 2839 2840 2841 2842 2843 2844 2845 2846 2847 2848 2849 2850 2851 2852 2853 2854 2855 2856 2857 2858 2859 2860 2861 2862 2863 2864 2865 2866 2867 2868 2869 2870 2871 2872 2873 2874 2875 2876 2877 2878 2879 2880 2881 2882 2883 2884 2885 2886 2887 2888 2889 2890 2891 2892 2893 2894 2895 2896 2897 2898 2899 2900 2901 2902 2903 2904 2905 2906 2907 2908 2909 2910 2911 2912 2913 2914 2915 2916 2917 2918 2919 2920 2921 2922 2923 2924 2925 2926 2927 2928 2929 2930 2931 2932 2933 2934 2935 2936 2937 2938 2939 2940 2941 2942 2943 2944 2945 2946 2947 2948 2949 2950 2951 2952 2953 2954 2955 2956 2957 2958 2959 2960 2961 2962 2963 2964 2965 2966 2967 2968 2969 2970 2971 2972 2973 2974 2975 2976 2977 2978 2979 2980 2981 2982 2983 2984 2985 2986 2987 2988 2989 2990 2991 2992 2993 2994 2995 2996 2997 2998 2999 3000 3001 3002 3003 3004 3005 3006 3007 3008 3009 3010 3011 3012 3013 3014 3015 3016 3017 3018 3019 3020 3021 3022 3023 3024 3025 3026 3027 3028 3029 3030 3031 3032 3033 3034 3035 3036 3037 3038 3039 3040 3041 3042 3043 3044 3045 3046 3047 3048 3049 3050 3051 3052 3053 3054 3055 3056 3057 3058 3059 3060 3061 3062 3063 3064 3065 3066 3067 3068 3069 3070 3071 3072 3073 3074 3075 3076 3077 3078 3079 3080 3081 3082 3083 3084 3085 3086 3087 3088 3089 3090 3091 3092 3093 3094 3095 3096 3097 3098 3099 3100 3101 3102 3103 3104 3105 3106 3107 3108 3109 3110 3111 3112 3113 3114 3115 3116 3117 3118 3119 3120 3121 3122 3123 3124 3125 3126 3127 3128 3129 3130 3131 3132 3133 3134 3135 3136 3137 3138 3139 3140 3141 3142 3143 3144 3145 3146 3147 3148 3149 3150 3151 3152 3153 3154 3155 3156 3157 3158 3159 3160 3161 3162 3163 3164 3165 3166 3167 3168 3169 3170 3171 3172 3173 3174 3175 3176 3177 3178 3179 3180 3181 3182 3183 3184 3185 3186 3187 3188 3189 3190 3191 3192 3193 3194 3195 3196 3197 3198 3199 3200 3201 3202 3203 3204 3205 3206 3207 3208 3209 3210 3211 3212 3213 3214 3215 3216 3217 3218 3219 3220 3221 3222 3223 3224 3225 3226 3227 3228 3229 3230 3231 3232 3233 3234 3235 3236 3237 3238 3239 3240 3241 3242 3243 3244 3245 3246 3247 3248 3249 3250 3251 3252 3253 3254 3255 3256 3257 3258 3259 3260 3261 3262 3263 3264 3265 3266 3267 3268 3269 3270 3271 3272 3273 3274 3275 3276 3277 3278 3279 3280 3281 3282 3283 3284 3285 3286 3287 3288 3289 3290 3291 3292 3293 3294 3295 3296 3297 3298 3299 3300 3301 3302 3303 3304 3305 3306 3307 3308 3309 3310 3311 3312 3313 3314 3315 3316 3317 3318 3319 3320 3321 3322 3323 3324 3325 3326 3327 3328 3329 3330 3331 3332 3333 3334 3335 3336 3337 3338 3339 3340 3341 3342 3343 3344 3345 3346 3347 3348 3349 3350 3351 3352 3353 3354 3355 3356 3357 3358 3359 3360 3361 3362 3363 3364 3365 3366 3367 3368 3369 3370 3371 3372 3373 3374 3375 3376 3377 3378 3379 3380 3381 3382 3383 3384 3385 3386 3387 3388 3389 3390 3391 3392 3393 3394 3395 3396 3397 3398 3399 3400 3401 3402 3403 3404 3405 3406 3407 3408 3409 3410 3411 3412 3413 3414 3415 3416 3417 3418 3419 3420 3421 3422 3423 3424 3425 3426 3427 3428 3429 3430 3431 3432 3433 3434 3435 3436 3437 3438 3439 3440 3441 3442 3443 3444 3445 3446 3447 3448 3449 3450 3451 3452 3453 3454 3455 3456 3457 3458 3459 3460 3461 3462 3463 3464 3465 3466 3467 3468 3469 3470 3471 3472 3473 3474 3475 3476 3477 3478 3479 3480 3481 3482 3483 3484 3485 3486 3487 3488 3489 3490 3491 3492 3493 3494 3495 3496 3497 3498 3499 3500 3501 3502 3503 3504 3505 3506 3507 3508 3509 3510 3511 3512 3513 3514 3515 3516 3517 3518 3519 3520 3521 3522 3523 3524 3525 3526 3527 3528 3529 3530 3531 3532 3533 3534 3535 3536 3537 3538 3539 3540 3541 3542 3543 3544 3545 3546 3547 3548 3549 3550 3551 3552 3553 3554 3555 3556 3557 3558 3559 3560 3561 3562 3563 3564 3565 3566 3567 3568 3569 3570 3571 3572 3573 3574 3575 3576 3577 3578 3579 3580 3581 3582 3583 3584 3585 3586 3587 3588 3589 3590 3591 3592 3593 3594 3595 3596 3597 3598 3599 3600 3601 3602 3603 3604 3605 3606 3607 3608 3609 3610 3611 3612 3613 3614 3615 3616 3617 3618 3619 3620 3621 3622 3623 3624 3625 3626 3627 3628 3629 3630 3631 3632 3633 3634 3635 3636 3637 3638 3639 3640 3641 3642 3643 3644 3645 3646 3647 3648 3649 3650 3651 3652 3653 3654 3655 3656 3657 3658 3659 3660 3661 3662 3663 3664 3665 3666 3667 3668 3669 3670 3671 3672 3673 3674 3675 3676 3677 3678 3679 3680 3681 3682 3683 3684 3685 3686 3687 3688 3689 3690 3691 3692 3693 3694 3695 3696 3697 3698 3699 3700 3701 3702 3703 3704 3705 3706 3707 3708 3709 3710 3711 3712 3713 3714 3715 3716 3717 3718 3719 3720 3721 3722 3723 3724 3725 3726 3727 3728 3729 3730 3731 3732 3733 3734 3735 3736 3737 3738 3739 3740 3741 3742 3743 3744 3745 3746 3747 3748 3749 3750 3751 3752 3753 3754 3755 3756 3757 3758 3759 3760 3761 3762 3763 3764 3765 3766 3767 3768 3769 3770 3771 3772 3773 3774 3775 3776 3777 3778 3779 3780 3781 3782 3783 3784 3785 3786 3787 3788 3789 3790 3791 3792 3793 3794 3795 3796 3797 3798 3799 3800 3801 3802 3803 3804 3805 3806 3807 3808 3809 3810 3811 3812 3813 3814 3815 3816 3817 3818 3819 3820 3821 3822 3823 3824 3825 3826 3827 3828 3829 3830 3831 3832 3833 3834 3835 3836 3837 3838 3839 3840 3841 3842 3843 3844 3845 3846 3847 3848 3849 3850 3851 3852 3853 3854 3855 3856 3857 3858 3859 3860 3861 3862 3863 3864 3865 3866 3867 3868 3869 3870 3871 3872 3873 3874 3875 3876 3877 3878 3879 3880 3881 3882 3883 3884 3885 3886 3887 3888 3889 3890 3891 3892 3893 3894 3895 3896 3897 3898 3899 3900 3901 3902 3903 3904 3905 3906 3907 3908 3909 3910 3911 3912 3913 3914 3915 3916 3917 3918 3919 3920 3921 3922 3923 3924 3925 3926 3927 3928 3929 3930 3931 3932 3933 3934 3935 3936 3937 3938 3939 3940 3941 3942 3943 3944 3945 3946 3947 3948 3949 3950 3951 3952 3953 3954 3955 3956 3957 3958 3959 3960 3961 3962 3963 3964 3965 3966 3967 3968 3969 3970 3971 3972 3973 3974 3975 3976 3977 3978 3979 3980 3981 3982 3983 3984 3985 3986 3987 3988 3989 3990 3991 3992 3993 3994 3995 3996 3997 3998 3999 4000 4001 4002 4003 4004 4005 4006 4007 4008 4009 4010 4011 4012 4013 4014 4015 4016 4017 4018 4019 4020 4021 4022 4023 4024 4025 4026 4027 4028 4029 4030 4031 4032 4033 4034 4035 4036 4037 4038 4039 4040 4041 4042 4043 4044 4045 4046 4047 4048 4049 4050 4051 4052 4053 4054 4055 4056 4057 4058 4059 4060 4061 4062 4063 4064 4065 4066 4067 4068 4069 4070 4071 4072 4073 4074 4075 4076 4077 4078 4079 4080 4081 4082 4083 4084 4085 4086 4087 4088 4089 4090 4091 4092 4093 4094 4095 4096 4097 4098 4099 4100 4101 4102 4103 4104 4105 4106 4107 4108 4109 4110 4111 4112 4113 4114 4115 4116 4117 4118 4119 4120 4121 4122 4123 4124 4125 4126 4127 4128 4129 4130 4131 4132 4133 4134 4135 4136 4137 4138 4139 4140 4141 4142 4143 4144 4145 4146 4147 4148 4149 4150 4151 4152 4153 4154 4155 4156 4157 4158 4159 4160 4161 4162 4163 4164 4165 4166 4167 4168 4169 4170 4171 4172 4173 4174 4175 4176 4177 4178 4179 4180 4181 4182 4183 4184 4185 4186 4187 4188 4189 4190 4191 4192 4193 4194 4195 4196 4197 4198 4199 4200 4201 4202 4203 4204 4205 4206 4207 4208 4209 4210 4211 4212 4213 4214 4215 4216 4217 4218 4219 4220 4221 4222 4223 4224 4225 4226 4227 4228 4229 4230 4231 4232 4233 4234 4235 4236 4237 4238 4239 4240 4241 4242 4243 4244 4245 4246 4247 4248 4249 4250 4251 4252 4253 4254 4255 4256 4257 4258 4259 4260 4261 4262 4263 4264 4265 4266 4267 4268 4269 4270 4271 4272 4273 4274 4275 4276 4277 4278 4279 4280 4281 4282 4283 4284 4285 4286 4287 4288 4289 4290 4291 4292 4293 4294 4295 4296 4297 4298 4299 4300 4301 4302 4303 4304 4305 4306 4307 4308 4309 4310 4311 4312 4313 4314 4315 4316 4317 4318 4319 4320 4321 4322 4323 4324 4325 4326 4327 4328 4329 4330 4331 4332 4333 4334 4335 4336 4337 4338 4339 4340 4341 4342 4343 4344 4345 4346 4347 4348 4349 4350 4351 4352 4353 4354 4355 4356 4357 4358 4359 4360 4361 4362 4363 4364 4365 4366 4367 4368 4369 4370 4371 4372 4373 4374 4375 4376 4377 4378 4379 4380 4381 4382 4383 4384 4385 4386 4387 4388 4389 4390 4391 4392 4393 4394 4395 4396 4397 4398 4399 4400 4401 4402 4403 4404 4405 4406 4407 4408 4409 4410 4411 4412 4413 4414 4415 4416 4417 4418 4419 4420 4421 4422 4423 4424 4425 4426 4427 4428 4429 4430 4431 4432 4433 4434 4435 4436 4437 4438 4439 4440 4441 4442 4443 4444 4445 4446 4447 4448 4449 4450 4451 4452 4453 4454 4455 4456 4457 4458 4459 4460 4461 4462 4463 4464 4465 4466 4467 4468 4469 4470 4471 4472 4473 4474 4475 4476 4477 4478 4479 4480 4481 4482 4483 4484 4485 4486 4487 4488 4489 4490 4491 4492 4493 4494 4495 4496 4497 4498 4499 4500 4501 4502 4503 4504 4505 4506 4507 4508 4509 4510 4511 4512 4513 4514 4515 4516 4517 4518 4519 4520 4521 4522 4523 4524 4525 4526 4527 4528 4529 4530 4531 4532 4533 4534 4535 4536 4537 4538 4539 4540 4541 4542 4543 4544 4545 4546 4547 4548 4549 4550 4551 4552 4553 4554 4555 4556 4557 4558 4559 4560 4561 4562 4563 4564 4565 4566 4567 4568 4569 4570 4571 4572 4573 4574 4575 4576 4577 4578 4579 4580 4581 4582 4583 4584 4585 4586 4587 4588 4589 4590 4591 4592 4593 4594 4595 4596 4597 4598 4599 4600 4601 4602 4603 4604 4605 4606 4607 4608 4609 4610 4611 4612 4613 4614 4615 4616 4617 4618 4619 4620 4621 4622 4623 4624 4625 4626 4627 4628 4629 4630 4631 4632 4633 4634 4635 4636 4637 4638 4639 4640 4641 4642 4643 4644 4645 4646 4647 4648 4649 4650 4651 4652 4653 4654 4655 4656 4657 4658 4659 4660 4661 4662 4663 4664 4665 4666 4667 4668 4669 4670 4671 4672 4673 4674 4675 4676 4677 4678 4679 4680 4681 4682 4683 4684 4685 4686 4687 4688 4689 4690 4691 4692 4693 4694 4695 4696 4697 4698 4699 4700 4701 4702 4703 4704 4705 4706 4707 4708 4709 4710 4711 4712 4713 4714 4715 4716 4717 4718 4719 4720 4721 4722 4723 4724 4725 4726 4727 4728 4729 4730 4731 4732 4733 4734 4735 4736 4737 4738 4739 4740 4741 4742 4743 4744 4745 4746 4747 4748 4749 4750 4751 4752 4753 4754 4755 4756 4757 4758 4759 4760 4761 4762 4763 4764 4765 4766 4767 4768 4769 4770 4771 4772 4773 4774 4775 4776 4777 4778 4779 4780 4781 4782 4783 4784 4785 4786 4787 4788 4789 4790 4791 4792 4793 4794 4795 4796 4797 4798 4799 4800 4801 4802 4803 4804 4805 4806 4807 4808 4809 4810 4811 4812 4813 4814 4815 4816 4817 4818 4819 4820 4821 4822 4823 4824 4825 4826 4827 4828 4829 4830 4831 4832 4833 4834 4835 4836 4837 4838 4839 4840 4841 4842 4843 4844 4845 4846 4847 4848 4849 4850 4851 4852 4853 4854 4855 4856 4857 4858 4859 4860 4861 4862 4863 4864 4865 4866 4867 4868 4869 4870 4871 4872 4873 4874 4875 4876 4877 4878 4879 4880 4881 4882 4883 4884 4885 4886 4887 4888 4889 4890 4891 4892 4893 4894 4895 4896 4897 4898 4899 4900 4901 4902 4903 4904 4905 4906 4907 4908 4909 4910 4911 4912 4913 4914 4915 4916 4917 4918 4919 4920 4921 4922 4923 4924 4925 4926 4927 4928 4929 4930 4931 4932 4933 4934 4935 4936 4937 4938 4939 4940 4941 4942 4943 4944 4945 4946 4947 4948 4949 4950 4951 4952 4953 4954 4955 4956 4957 4958 4959 4960 4961 4962 4963 4964 4965 4966 4967 4968 4969 4970 4971 4972 4973 4974 4975 4976 4977 4978 4979 4980 4981 4982 4983 4984 4985 4986 4987 4988 4989 4990 4991 4992 4993 4994 4995 4996 4997 4998 4999 5000 5001 5002 5003 5004 5005 5006 5007 5008 5009 5010 5011 5012 5013 5014 5015 5016 5017 5018 5019 5020 5021 5022 5023 5024 5025 5026 5027 5028 5029 5030 5031 5032 5033 5034 5035 5036 5037 5038 5039 5040 5041 5042 5043 5044 5045 5046 5047 5048 5049 5050 5051 5052 5053 5054 5055 5056 5057 5058 5059 5060 5061 5062 5063 5064 5065 5066 5067 5068 5069 5070 5071 5072 5073 5074 5075 5076 5077 5078 5079 5080 5081 5082 5083 5084 5085 5086 5087 5088 5089 5090 5091 5092 5093 5094 5095 5096 5097 5098 5099 5100 5101 5102 5103 5104 5105 5106 5107 5108 5109 5110 5111 5112 5113 5114 5115 5116 5117 5118 5119 5120 5121 5122 5123 5124 5125 5126 5127 5128 5129 5130 5131 5132 5133 5134 5135 5136 5137 5138 5139 5140 5141 5142 5143 5144 5145 5146 5147 5148 5149 5150 5151 5152 5153 5154 5155 5156 5157 5158 5159 5160 5161 5162 5163 5164 5165 5166 5167 5168 5169 5170 5171 5172 5173 5174 5175 5176 5177 5178 5179 5180 5181 5182 5183 5184 5185 5186 5187 5188 5189 5190 5191 5192 5193 5194 5195 5196 5197 5198 5199 5200 5201 5202 5203 5204 5205 5206 5207 5208 5209 5210 5211 5212 5213 5214 5215 5216 5217 5218 5219 5220 5221 5222 5223 5224 5225 5226 5227 5228 5229 5230 5231 5232 5233 5234 5235 5236 5237 5238 5239 5240 5241 5242 5243 5244 5245 5246 5247 5248 5249 5250 5251 5252 5253 5254 5255 5256 5257 5258 5259 5260 5261 5262 5263 5264 5265 5266 5267 5268 5269 5270 5271 5272 5273 5274 5275 5276 5277 5278 5279 5280 5281 5282 5283 5284 5285 5286 5287 5288 5289 5290 5291 5292 5293 5294 5295 5296 5297 5298 5299 5300 5301 5302 5303 5304 5305 5306 5307 5308 5309 5310 5311 5312 5313 5314 5315 5316 5317 5318 5319 5320 5321 5322 5323 5324 5325 5326 5327 5328 5329 5330 5331 5332 5333 5334 5335 5336 5337 5338 5339 5340 5341 5342 5343 5344 5345 5346 5347 5348 5349 5350 5351 5352 5353 5354 5355 5356 5357 5358 5359 5360 5361 5362 5363 5364 5365 5366 5367 5368 5369 5370 5371 5372 5373 5374 5375 5376 5377 5378 5379 5380 5381 5382 5383 5384 5385 5386 5387 5388 5389 5390 5391 5392 5393 5394 5395 5396 5397 5398 5399 5400 5401 5402 5403 5404 5405 5406 5407 5408 5409 5410 5411 5412 5413 5414 5415 5416 5417 5418 5419 5420 5421 5422 5423 5424 5425 5426 5427 5428 5429 5430 5431 5432 5433 5434 5435 5436 5437 5438 5439 5440 5441 5442 5443 5444 5445 5446 5447 5448 5449 5450 5451 5452 5453 5454 5455 5456 5457 5458 5459 5460 5461 5462 5463 5464 5465 5466 5467 5468 5469 5470 5471 5472 5473 5474 5475 5476 5477 5478 5479 5480 5481 5482 5483 5484 5485 5486 5487 5488 5489 5490 5491 5492 5493 5494 5495 5496 5497 5498 5499 5500 5501 5502 5503 5504 5505 5506 5507 5508 5509 5510 5511 5512 5513 5514 5515 5516 5517 5518 5519 5520 5521 5522 5523 5524 5525 5526 5527 5528 5529 5530 5531 5532 5533 5534 5535 5536 5537 5538 5539 5540 5541 5542 5543 5544 5545 5546 5547 5548 5549 5550 5551 5552 5553 5554 5555 5556 5557 5558 5559 5560 5561 5562 5563 5564 5565 5566 5567 5568 5569 5570 5571 5572 5573 5574 5575 5576 5577 5578 5579 5580 5581 5582 5583 5584 5585 5586 5587 5588 5589 5590 5591 5592 5593 5594 5595 5596 5597 5598 5599 5600 5601 5602 5603 5604 5605 5606 5607 5608 5609 5610 5611 5612 5613 5614 5615 5616 5617 5618 5619 5620 5621 5622 5623 5624 5625 5626 5627 5628 5629 5630 5631 5632 5633 5634 5635 5636 5637 5638 5639 5640 5641 5642 5643 5644 5645 5646 5647 5648 5649 5650 5651 5652 5653 5654 5655 5656 5657 5658 5659 5660 5661 5662 5663 5664 5665 5666 5667 5668 5669 5670 5671 5672 5673 5674 5675 5676 5677 5678 5679 5680 5681 5682 5683 5684 5685 5686 5687 5688 5689 5690 5691 5692 5693 5694 5695 5696 5697 5698 5699 5700 5701 5702 5703 5704 5705 5706 5707 5708 </p>
        </polylist>
      </mesh>
    </geometry>
  </library_geometries>
  <library_controllers>
  </library_controllers>
  <library_visual_scenes>
    <visual_scene id="R2400_emitter_z0.obj" name="R2400_emitter_z0.obj">
      <node id="Body2" name="Body2" type="NODE">
        <matrix sid="matrix">1 0 0 0 0 1 0 0 0 0 1 0 0 0 0 1</matrix>
        <instance_geometry url="#Body2_1">
          <bind_material>
            <technique_common>
              <instance_material symbol="defaultMaterial" target="#_160i160i160">
              </instance_material>
            </technique_common>
          </bind_material>
        </instance_geometry>
        <instance_geometry url="#_25i25i25_1">
          <bind_material>
            <technique_common>
              <instance_material symbol="defaultMaterial" target="#_25i25i25">
              </instance_material>
            </technique_common>
          </bind_material>
        </instance_geometry>
        <instance_geometry url="#_160i160i160_1">
          <bind_material>
            <technique_common>
              <instance_material symbol="defaultMaterial" target="#_160i160i160">
              </instance_material>
            </technique_common>
          </bind_material>
        </instance_geometry>
        <instance_geometry url="#_25i25i25_2">
          <bind_material>
            <technique_common>
              <instance_material symbol="defaultMaterial" target="#_25i25i25">
              </instance_material>
            </technique_common>
          </bind_material>
        </instance_geometry>
        <instance_geometry url="#_160i160i160_2">
          <bind_material>
            <technique_common>
              <instance_material symbol="defaultMaterial" target="#_160i160i160">
              </instance_material>
            </technique_common>
          </bind_material>
        </instance_geometry>
        <instance_geometry url="#_25i25i25_3">
          <bind_material>
            <technique_common>
              <instance_material symbol="defaultMaterial" target="#_25i25i25">
              </instance_material>
            </technique_common>
          </bind_material>
        </instance_geometry>
        <instance_geometry url="#_160i160i160_3">
          <bind_material>
            <technique_common>
              <instance_material symbol="defaultMaterial" target="#_160i160i160">
              </instance_material>
            </technique_common>
          </bind_material>
        </instance_geometry>
        <instance_geometry url="#_25i25i25_4">
          <bind_material>
            <technique_common>
              <instance_material symbol="defaultMaterial" target="#_25i25i25">
              </instance_material>
            </technique_common>
          </bind_material>
        </instance_geometry>
        <instance_geometry url="#_160i160i160_4">
          <bind_material>
            <technique_common>
              <instance_material symbol="defaultMaterial" target="#_160i160i160">
              </instance_material>
            </technique_common>
          </bind_material>
        </instance_geometry>
        <instance_geometry url="#_127i217i167_1">
          <bind_material>
            <technique_common>
              <instance_material symbol="defaultMaterial" target="#_127i217i167">
              </instance_material>
            </technique_common>
          </bind_material>
        </instance_geometry>
        <instance_geometry url="#_160i160i160_5">
          <bind_material>
            <technique_common>
              <instance_material symbol="defaultMaterial" target="#_160i160i160">
              </instance_material>
            </technique_common>
          </bind_material>
        </instance_geometry>
        <instance_geometry url="#_25i25i25_5">
          <bind_material>
            <technique_common>
              <instance_material symbol="defaultMaterial" target="#_25i25i25">
              </instance_material>
            </technique_common>
          </bind_material>
        </instance_geometry>
        <instance_geometry url="#_160i160i160_6">
          <bind_material>
            <technique_common>
              <instance_material symbol="defaultMaterial" target="#_160i160i160">
              </instance_material>
            </technique_common>
          </bind_material>
        </instance_geometry>
        <instance_geometry url="#_25i25i25_6">
          <bind_material>
            <technique_common>
              <instance_material symbol="defaultMaterial" target="#_25i25i25">
              </instance_material>
            </technique_common>
          </bind_material>
        </instance_geometry>
        <instance_geometry url="#_160i160i160_7">
          <bind_material>
            <technique_common>
              <instance_material symbol="defaultMaterial" target="#_160i160i160">
              </instance_material>
            </technique_common>
          </bind_material>
        </instance_geometry>
        <instance_geometry url="#_25i25i25_7">
          <bind_material>
            <technique_common>
              <instance_material symbol="defaultMaterial" target="#_25i25i25">
              </instance_material>
            </technique_common>
          </bind_material>
        </instance_geometry>
        <instance_geometry url="#_160i160i160_8">
          <bind_material>
            <technique_common>
              <instance_material symbol="defaultMaterial" target="#_160i160i160">
              </instance_material>
            </technique_common>
          </bind_material>
        </instance_geometry>
        <instance_geometry url="#_25i25i25_8">
          <bind_material>
            <technique_common>
              <instance_material symbol="defaultMaterial" target="#_25i25i25">
              </instance_material>
            </technique_common>
          </bind_material>
        </instance_geometry>
        <instance_geometry url="#_160i160i160_9">
          <bind_material>
            <technique_common>
              <instance_material symbol="defaultMaterial" target="#_160i160i160">
              </instance_material>
            </technique_common>
          </bind_material>
        </instance_geometry>
      </node>
    </visual_scene>
  </library_visual_scenes>
  <scene>
    <instance_visual_scene url="#R2400_emitter_z0.obj" />
  </scene>
</COLLADA>
